"id","V1","V2","V3","V4","V5"
"S1",0.854057864847389,-0.87015648150813,-0.047754442361742,-0.245176847096556,0.210640813120874
"S1",-0.226846537964111,-0.586795479202379,-0.800289344792306,-0.877563703184814,0.0276678277035429
"S1",-0.108845563683434,0.175477257578361,0.377319154971282,-0.34562839682816,0.32459142536648
"S1",-0.443353939810622,0.711548147593157,-1.39334644373923,0.00238648624706284,0.337966790051178
"S1",0.376565668269197,0.138213104753342,-0.0177029943049378,-0.178264632058313,-1.17605746462954
"S1",-0.90373999380318,-0.506250769910044,-0.0466278903097061,-0.751111725526997,-0.781101361446541
"S1",-0.505281521626382,0.413221430367532,-0.353466892296212,0.585197584395951,-0.647060323641008
"S1",-0.292980471693173,-0.317645483706386,0.737027871916263,-0.563283226893242,0.406417729782826
"S1",0.494063627275779,-2.3151544412678,-0.267293712675511,-1.44689488219264,-1.04108889854467
"S1",0.532019630549504,0.521986287547432,0.82043878232581,0.557629869287091,0.519524094806957
"S1",-1.52956996645066,0.585471989249285,-1.36621650336763,0.412071115034023,1.0807414392106
"S1",-0.75396837988789,0.616960098337574,0.916727900384327,0.368717593823878,-0.567556473724899
"S1",-1.08209846122217,0.485132777814582,-1.51902172409658,0.341910144921952,0.00289697773755851
"S1",0.0516587534043065,-0.386460050914912,-0.171380579578922,-0.860317639265694,0.815164372280771
"S1",0.73251167878651,0.652305076975332,0.638642474802898,0.956045672667299,-0.96710007865948
"S1",1.50176453581151,-0.788274815722768,-0.0784600309337459,0.541508474764352,-0.744342733568818
"S1",0.0884077684153312,1.18316922425816,-1.09848217471686,0.317607613524596,0.833001251225121
"S1",0.672403494710831,-0.109729068624137,0.540705585036383,0.501070268431384,-1.29140298107837
"S1",0.0914014351248405,-0.130062393900386,0.183862302479579,0.83567268485026,-0.685208353900231
"S1",-0.834205170947573,0.187593984800714,0.214366988859259,-1.09492548713482,0.488312162270014
"S1",0.414620030449101,0.177654542185092,1.08216922044682,0.0600992897790553,0.0244318569084246
"S1",-0.243350920518205,-0.0472808268934367,-0.832265582398526,0.0150092098041212,0.178547087560677
"S1",0.821764851368652,0.197737330076451,0.62092122682619,0.981278423937375,-0.686804738639449
"S1",-0.319060100305762,-0.0348519323071627,-0.928516039291131,1.07093401520319,1.24644128471506
"S1",-0.653730666242155,0.691388859707426,0.621792665222289,-0.432099916783173,0.93126648780783
"S1",-1.04309458576769,1.16518527249479,-0.374490546965592,0.444274541394254,0.0274482059629611
"S1",0.74230438440668,0.354205966575124,0.783472417932648,0.00318518461244543,-0.819204885275723
"S1",-0.493206702404884,-0.202242399554966,0.537279479116372,-0.137095027791901,-1.06749498536159
"S1",-0.0424796736575946,-0.261506592249057,-0.582457078051077,-0.0915244305468773,0.384155021378032
"S1",-0.681933041463352,-0.0041985943356843,-1.48092805441167,-0.26662416848835,-0.0375039179773511
"S1",-1.37728182914531,0.199186900937089,-0.52399295318529,-0.108958616619558,-0.276213389410334
"S1",1.40901814993288,-0.230570302830048,0.740575320171604,0.0877346165359257,-0.192338905768052
"S1",0.565716670431985,-0.341498132456997,0.44744420801936,-0.494128082287594,1.00225780246804
"S1",-0.0592416068348136,0.12683215334345,0.717885781696162,-0.3315345343861,0.267969424321217
"S1",0.609645529219928,-0.824725808430571,-0.616791923628594,0.428938311138532,-0.154946103695038
"S1",-0.373812852630889,0.0128718408045741,0.054680427383499,0.29727183170115,-1.81166407200965
"S1",-0.213549610050954,0.977127207895352,0.20614132883366,-0.44208973678991,0.940743714885825
"S1",-1.10980648986916,1.21874941068643,-0.747810126479365,-0.582252967647853,0.542486985569385
"S1",-0.275398293502802,0.911446770104623,-0.450207603950103,0.3423571973843,0.191891686898655
"S1",-0.400502609662228,-0.6357936378894,0.159174479467757,-0.608608561358155,0.0468077215353983
"S1",-0.233247680567251,1.42031063725435,-0.259450523765067,0.242663229022071,-0.424136160838464
"S1",-0.70905938331671,-0.358316067647498,-0.000600911566444526,-0.182438034767616,-0.187047972423964
"S1",-0.897530408553054,0.150869116744457,0.171631843218637,0.215701948221347,-1.545390056067
"S1",-0.268338576415417,-0.833999376360054,0.326576807492533,-0.314344351969809,-0.204397151748074
"S1",0.288068183473278,0.0371514138837626,-0.341451303215481,0.670793451009115,-0.287012269503064
"S1",-0.722197553289206,1.36445990886242,1.24093776394337,0.0999763759974975,-0.971406261932381
"S1",0.100258333613184,0.203862587988244,-0.398693535694212,-0.161147327325305,0.906959402689522
"S1",-0.61493624010538,0.812434730597462,-0.270611074216196,0.240040897991159,-0.406646338913181
"S1",0.12035378005056,-0.11166018366819,-0.259521590797682,-0.215491006014022,1.12892217070099
"S1",1.17427833391826,0.102927748109301,0.126234057984006,-0.522498592179927,0.490506287588224
"S1",-0.522243036386087,-1.22392295443389,-0.103851008990253,0.0959054180160669,-0.763182075539185
"S1",-0.855382157288493,0.277967692548523,-0.386650774315858,-0.496014861077821,0.607053601375831
"S1",0.509340647889989,-0.0170963891851533,-0.425222833651573,0.525436078351723,1.6197474091353
"S1",0.376103494673196,0.423954589475078,1.57853977308253,-0.879183409335155,-0.0517328588948791
"S1",-0.174269769023263,-0.872872138079819,-0.61190429965959,0.306709039176042,0.0553512546018052
"S1",0.507696253526698,-0.176617302732032,0.146471186879714,0.51196734389688,0.540072938142418
"S1",-0.97100245470114,-0.239350988830256,-0.24783050468764,-0.501625046594795,-0.798799406201375
"S1",-0.569898495349067,0.461357907399955,0.178218292440256,0.532889942535846,-0.310867264388025
"S1",1.25830846864138,-0.792574551358315,0.271327491832214,0.112860163828853,-0.473069890078912
"S1",1.06523054646532,-2.07061595563078,1.28473329003175,1.61755800150864,-0.505347008656658
"S1",0.527648158650159,0.478499121349891,0.229416567699892,-0.543421811177864,0.707671318252929
"S1",0.997125800730414,-0.534448282283029,-1.0360457554442,-1.4046599642213,0.115726170620786
"S1",0.123261498126614,0.485535081225572,0.795867755064938,1.28201045722485,-0.908966502174315
"S1",0.544547912351238,0.337456586876192,0.0140069067239995,-0.0206966686245266,-0.00716500781677305
"S1",0.742239443087166,0.632945079857739,0.91825501666645,-0.605080409156382,-0.0482057749455053
"S1",-0.958608415563407,0.703586036334462,0.0246528242803324,0.0673306841253465,-0.980935025779251
"S1",0.0213534154393941,-0.201856084914003,0.630705235667504,0.381482341350076,-0.810409826624267
"S1",1.76747007242712,-1.36763308837764,0.975747042884505,-0.408004229597581,-1.17844058192079
"S1",0.842767813127682,-0.775483748066519,-0.594316144364822,0.5946794527053,-0.151397958770106
"S1",-0.509983217050264,0.466980085107654,0.957703986793677,-0.293230917708446,-0.678681676623725
"S1",-1.99218864301095,0.363885780777687,-0.0872198477844214,-0.703923698062735,0.682652629468597
"S1",0.149968973291629,-0.593999078679507,-0.194111010314818,-0.410223482294885,-0.734650512337174
"S1",-0.0716791573553842,-1.17274074186424,-0.239497647604079,-0.308475626673611,0.395596173521767
"S1",-0.566806805743692,-0.66924787882915,-1.05699877514764,-0.263213830015687,0.156497795811326
"S1",0.198935642661258,-0.0219625371212072,-0.342055704397954,-1.47969463919045,1.11281692369971
"S1",1.30992306363163,0.332306845772025,1.61770614025687,-0.327571818638603,-0.549548021431934
"S1",0.0145596803531243,0.158577125130184,0.574477224197793,-0.237132267360147,-0.389595127731471
"S1",-0.0870333522653687,1.11994242855808,0.035434203110803,-0.532824711417876,0.604411373272213
"S1",0.967359781416936,0.0895990510130252,-0.588898010991066,-1.3301302927088,0.808724738877508
"S1",-0.221871315479269,0.530738984329919,0.596123052457498,-0.217174249256984,0.0841200544896274
"S1",-0.646436111214491,-0.35670290427808,-1.30103842672607,1.04790610793037,-0.868396050389319
"S1",0.0898979039417116,-0.686318669377674,0.206096140238961,-0.699064353335141,-0.678880264127805
"S1",-1.08820072915916,0.335369708700717,-0.398106940665709,0.363191750952423,1.29088577396065
"S1",0.805545146760568,0.724722192284374,0.44797676913177,0.575452264285875,-0.260773077617964
"S1",1.30553053161772,1.66367278193585,0.949130372249626,0.437540271080672,-1.21274572651758
"S1",-0.0276142591609894,-0.432796753335604,0.797920053949645,-0.553687079453165,0.534225886759928
"S1",0.50073064032546,0.494306284994491,0.170987389702293,-0.697628909986652,-0.432592289566657
"S1",-0.433943339033169,1.31912028222081,0.55664832276624,-0.121140599473101,-0.267358375631359
"S1",0.268459210523453,-0.359231303961618,0.59177418618931,0.481240555223616,-0.306982096185752
"S1",0.373578684560382,0.274422805040562,0.523947436490486,0.183713600801427,0.359036614793827
"S1",0.909129615516241,0.5306665511419,0.192143175297742,1.35475535268442,0.784861782295987
"S1",0.607831472562298,0.87191386804912,-0.563332656812174,-0.079826107546407,-0.188934954768074
"S1",0.0850768470960643,-1.00539265176534,-0.570069910742905,-0.584808786758959,-0.185637173937334
"S1",0.366409832282268,-1.08364447506136,-1.10602080389069,-1.273570692615,0.0480317324710815
"S1",-0.206392000841469,0.14512857544731,0.394247098109752,0.12684252724081,-0.0573872107861639
"S1",0.240139813265383,0.528423277035778,-1.23822496509318,-0.842738679593127,0.713827965329728
"S1",0.349270794643634,-0.547343194977006,1.15156098820667,-0.203658624367878,-0.554884445850892
"S1",0.511978631994964,-0.296782044666995,0.00244190539499784,0.23401523769637,0.117007753703492
"S1",-0.598638780795687,0.950169229811146,-0.503444142597739,-0.80732372927941,0.722781041830914
"S1",-0.42518660515677,1.17010138660612,0.699874580222316,-0.155337112687832,-1.15818597133122
"S1",0.554578031913532,0.32267830518458,-0.0836418551143182,1.04243254204365,0.397471676844971
"S1",0.853818822819771,-0.209959037446954,1.2299266993025,0.604005832109639,-0.619020574532039
"S1",-0.439275750898696,0.642108912136158,-1.1180933378271,-0.583336716987056,0.787348332100413
"S1",-0.421948558708821,0.198969379910061,0.478488422619754,-0.232262063424895,-0.127949210173162
"S1",0.354868999274056,0.975027228983563,1.08897632895824,0.136223945162198,-0.294954084157496
"S1",-0.168489228941087,0.403928830262,1.40196435863607,0.550367280546612,0.119075477003392
"S1",-0.464346572660539,-0.958508646731496,0.92553857136153,0.315084106359139,-0.400148632705523
"S1",0.635809171383929,-1.32201228652154,0.783280573499885,0.377975485308472,-0.374533433735763
"S1",0.677119997903915,-0.831871922573594,-0.474456226744709,-0.112656857771945,-0.44188621842327
"S1",0.73407983205387,2.16628428773804,0.877833384633757,-0.0194866453041827,-0.103147655653101
"S1",0.51023709362987,-0.436234650544808,0.846578877044263,0.277783318588003,-0.729275004340191
"S1",0.656565350744819,-0.151877381885718,-1.09516880112435,-1.1735324903181,0.273639436334392
"S1",0.30281935428026,-0.0211550489421561,-0.484882463345947,0.993695049124642,0.00549107937976898
"S1",1.49687795519373,0.659221006950778,-0.23207462941764,-0.168884896666923,0.689422235241677
"S1",-1.29319639415583,-0.445806340177811,-0.0502548492618246,0.337994687481642,-1.16102116797742
"S1",0.0709373918119517,-0.851313635421348,-0.352610497490402,0.869335900202141,-0.16965550190241
"S1",0.591858972631679,0.161479760239785,1.20582859120068,1.39276744082678,0.16614346346621
"S1",-0.613149335020448,0.389968319844362,-0.292727513819996,-0.478093252506894,0.239405542465593
"S1",0.325316807590698,-0.350902589788087,-0.567598514762499,-0.216753919575448,2.07201667305467
"S1",0.526489668432015,2.0404169719082,0.375141184183779,-1.07102379284402,0.66895472480164
"S2",-0.186631770099652,0.979458473166574,-0.195077159508548,0.697794110137682,0.103253927306211
"S2",-0.478338545832762,-1.48280165607539,-1.07795297109914,0.346384819792195,-2.43593299800643
"S2",0.0381930750173668,-0.466186308180034,0.495429400206876,-0.803947739359224,-0.225539160762426
"S2",-0.314652438751228,0.303526788137257,0.503518151127208,-1.07081385327299,0.320653207519445
"S2",-0.415554647582787,1.48990560000706,0.928242504780514,-0.245299938602261,1.08136880450258
"S2",0.00348403680263398,-0.25378592890619,-0.541667563925395,0.306272318288521,1.12938297266522
"S2",0.166318497029611,0.98052932803817,0.821694888218383,0.22961520185176,0.53714751199556
"S2",0.3714798564122,-0.355148284865533,-0.779965661739981,-0.0584442191931921,-0.284542054952124
"S2",1.39406107850923,-0.624837146258925,0.741364713436746,-0.105660049228163,1.20190425589576
"S2",1.57831373813763,0.45286115243164,1.87127331689424,1.68824520568865,1.09052722984713
"S2",-0.582518366166683,-0.0279637008060367,-0.0384806013762189,-0.264376024641106,0.262845289000004
"S2",-0.0934003739683583,0.470649766027614,0.968332428339645,0.433772471299026,-0.117725645429793
"S2",1.8592790442285,-0.61377745365377,0.345189685684249,-0.356123810531817,1.31014411112831
"S2",1.76921434870377,-0.38086275381877,-0.284484877312579,0.540514180526559,1.18753548741479
"S2",-1.79906761113438,-0.369773839037789,-0.730147227429179,0.545031355126495,-1.26252642789647
"S2",-0.933830419562639,-0.806330798633571,-0.840626033792728,0.00630330650910448,0.0268756322707482
"S2",2.0639322020365,0.161845830376207,1.08167192255159,0.0582623615996376,2.59513213881852
"S2",-0.44998638465308,-0.178286448480793,-0.755729909545512,-0.713562935873344,-0.210504722158837
"S2",-1.22679889798326,0.360404635474615,-0.523978571804307,-1.26714614592799,-0.584147747855524
"S2",-0.428067710941703,-0.48121069980523,0.00255368520281409,-1.48087719008064,0.260915117132374
"S2",-0.28527982752392,1.30850408460202,0.798699362581649,0.398834239468464,1.08783650225657
"S2",-0.423832668411043,-0.490568132579357,-0.0700147467358704,-0.260990510806889,-1.1577419104344
"S2",-0.00897643468410519,0.110843095462015,0.171732762099745,0.0439238126938687,1.18823471338236
"S2",0.290789085500311,-0.985682375294328,-0.671136902024577,-0.206522481648319,0.0239675283126219
"S2",0.723754309036422,-0.80096600999506,0.592691962306905,1.0071733401316,-0.0595641898558608
"S2",0.0387649379604188,0.433606746787228,1.00988412120518,-1.17805071685668,0.884438569243912
"S2",-0.349993338782799,-1.15398582667209,0.890980098134483,-0.272530065781802,-0.736230288256994
"S2",0.178173315975976,0.0228387885320348,-1.32958048588162,0.643238177183277,1.12362401306281
"S2",0.717166554894218,0.921726152458976,0.564458975522192,0.365158091922562,0.911644602534856
"S2",1.85928947072339,-0.425548000041677,-0.189153648954855,0.936025963590744,1.5788398005523
"S2",-0.592461870329443,0.209794176451204,-1.15414430967619,0.366382541062037,-0.0825095867961586
"S2",-0.188433056814254,-0.475978834122625,0.19793698496948,-0.120316870846223,-0.297264041721077
"S2",1.26141057945865,-1.27807346288579,0.150798309730274,0.117595977083285,-0.816677822411439
"S2",0.314743514982644,0.905523150560331,0.262866950408881,0.565137763402697,-0.561047381563376
"S2",0.284436451313636,-0.742223221160101,0.655909671277919,-0.488866048250518,-0.164056753528237
"S2",0.698182416224484,-1.4879256829578,0.95140655547287,1.15314961170536,-1.17159722627739
"S2",-0.880385671261086,1.90828732897634,-0.689275548779195,0.00295096863984931,0.837578259746641
"S2",-0.776560440319148,1.56191617907046,0.5913356608523,0.608881301865371,-1.32269681805748
"S2",-0.134871744164236,-1.42651750816029,-1.4885641344932,-0.0508895428994419,0.638690031158192
"S2",-1.20068501358701,0.565338391566195,-0.45733287690221,-0.0537354421615588,-0.996265502744621
"S2",0.891004613187903,1.3439475439472,0.116024565346533,1.12974293049951,0.176644058124368
"S2",0.407047412433408,0.785502264864401,-0.0718884688607831,-0.27169324219633,-0.478477124558045
"S2",1.12456229985742,0.49527323578048,0.472510037124505,-0.0417691334306742,0.523598938545507
"S2",0.865450609278397,2.12586005230043,-0.955461487577222,0.681962534678936,1.36467935546756
"S2",-0.285275456171909,-0.7505087529262,-1.22017742181787,0.121927252611971,0.271405903224526
"S2",-0.721399908627748,0.365104474481857,0.432520371524372,-1.12634381543246,0.25949778345129
"S2",1.18652724088179,0.19881653134307,-0.149449627151216,0.744856393474157,0.978186252362045
"S2",-1.58990341486953,1.18688244725201,-0.972072019731762,-0.465695976154005,-0.564373400076849
"S2",0.0162212338301003,-0.332203086178522,-0.191091637970021,0.0334325607000953,-0.118476100402506
"S2",-0.797466965781805,-0.922547482850764,-0.0930152482822875,-0.755658342711983,1.63204333448073
"S2",-0.173400084971709,0.455136343345423,0.0794140299655589,-0.319223624184415,0.420107706647707
"S2",1.36151983750793,1.5314228139094,0.417999419637662,-0.256107762270546,1.45977498555433
"S2",0.375009246243375,-0.70192612830291,0.806184914503901,-0.741672447563658,-0.398997265918876
"S2",1.01157150450457,-0.560185038875573,-0.285764331377259,0.225433152991016,-0.911364547002873
"S2",-1.99929550618406,-0.818370865553291,-1.81063403339934,-1.44145508333038,-1.48023919160834
"S2",0.249358605092359,-0.605109369789767,-1.07699691951902,0.197497931311777,1.77752096299441
"S2",-1.1495677223302,-1.18474151316076,-0.13548234246662,0.0992548558695034,-0.41396061455019
"S2",0.356315019640847,-0.719375242309771,-0.161566567153397,-0.468957612405537,-0.795363101291954
"S2",-1.09999674567047,-0.0164599777615226,-1.41397715217368,-0.688693217580972,-0.520132057123675
"S2",-1.52536512927219,0.173120874126199,-1.22624662818777,-0.52375161186463,-0.483350526880579
"S2",0.731203620843124,0.0954309966671879,0.287213380241951,0.739393351983487,1.61443511935535
"S2",0.103359572937267,1.05751744039054,0.205224677351734,1.68970761159843,0.335690021738858
"S2",-0.626247865315417,-0.153658653821252,-1.52674105359085,-0.407876463177059,0.182038813231577
"S2",0.741833851547068,-0.660524406686786,-0.481998111106349,-0.0159409104654149,0.0375534627339402
"S2",-0.391551980265852,0.0502482068979371,-0.34805471431037,-0.419496443878903,0.18165910333418
"S2",-0.130357374332889,1.01064811024046,-0.665968869088471,0.0188449629209649,0.772400229026212
"S2",0.817452630074544,0.706205541410554,0.739482252365627,0.0950054899894105,0.438965765147441
"S2",1.67734936669321,-0.134982536988577,0.0706993728706445,-0.338891384828687,0.456796290505884
"S2",-0.170000172162978,-0.732337575150575,-0.856012843942709,0.571846411386755,-0.0112957244180134
"S2",1.21678324638893,1.46459239552232,0.682447255364908,-0.136335411064149,0.722106231239585
"S2",-0.440601756230019,1.61597554348234,0.727275750297313,-0.687216112791661,-0.54825277274797
"S2",-0.643627329806293,-0.715694803110841,-1.52199204071784,-0.43786343895215,-0.511050954493602
"S2",-0.0433296293910697,0.0681447490450392,-0.180095433936621,1.02513886141592,-0.622658906551197
"S2",-1.67712881955698,-0.288770652881149,-1.27626574924787,-0.434222362766536,-1.13632997962084
"S2",1.87110754481637,-0.706497297904032,0.98065697760003,0.175231410334545,-0.908053051240412
"S2",-0.379395715207142,0.996786261135197,-0.182539058634628,0.067612649538414,1.48810950149035
"S2",-0.210911197492199,-1.60438917918651,-0.499183282452996,-0.155926415756203,-0.0558742115958711
"S2",-1.65720049324387,-0.283698227329176,-1.02691018772559,-0.225971455687757,0.180031124000019
"S2",-0.0536262571010185,0.304086250458883,-0.314307129974821,-0.160948165418085,0.654709470820575
"S2",-1.97375306544908,0.335015467485213,-0.364509158930839,0.915757139285599,-1.20735174543306
"S2",-0.853081668964277,0.412291706617627,-0.615641305162806,0.326767964124575,-0.220567798587264
"S2",-0.795968112159197,0.104332377491158,-0.612412189989443,0.583730458076288,-1.18456999393169
"S2",-0.533541325698716,0.800360899768593,-0.940079319060353,-0.649939791448639,-1.25398740931246
"S2",-2.55266646669003,0.468928886988714,-0.13552375888434,0.820495221741447,-0.756989872144108
"S2",-0.270355513128333,0.806181038402324,-0.492554831035898,-0.350270527032703,0.407883355821954
"S2",-0.21751498746314,-0.24238034485287,0.267966321167203,0.188925310015248,0.203282384870224
"S2",1.19557768237682,1.51424660935436,0.651007388598466,-0.0683417691931644,1.54184253559753
"S2",-1.28600162016944,-0.980083888969059,-0.884125315028933,0.0938830641074434,-2.36259457523665
"S2",-0.0717261397753223,-0.899939241103198,-0.182850749294229,0.690686394443502,-0.313850998795494
"S2",-1.0821509699851,0.507536738046163,-1.75964321859008,-0.682010125382497,-0.8109524131223
"S2",0.658329204918013,-1.61865218712835,-0.391463033470737,0.842311403064507,-0.231691494176406
"S2",-0.60954756032428,0.351279201417383,0.342320802709671,-0.136431817437814,0.827637936939885
"S2",-1.17379162346533,1.81938098680956,-0.643103056623743,-0.519156787224885,-0.0651977057822708
"S2",0.346127489436171,1.07699861102642,-0.918009173782772,0.34728312961412,0.591029651962216
"S2",0.604255421360774,0.00660214334747398,0.274171883563802,-0.0380901765874621,-0.0696445249448865
"S2",-0.24127075337583,0.163964010664177,-0.0333342428956689,-0.294033004137507,-0.961097871235855
"S2",0.914196278787198,-0.623852127966999,-0.163417465617748,-0.734905376486431,-0.330930290540468
"S2",-0.983834484404838,-1.73926808844487,-1.34642759664949,0.0996390462087774,-1.77366291488827
"S2",-0.950716877390051,-0.16387041556017,-0.134637996600909,1.29772898512924,-1.75547950749878
"S2",0.170255656195552,0.824065459908462,-0.0434965039973257,-1.03024243033435,0.272378547684246
"S2",-0.652732109462583,0.167883996908208,-0.42106840650683,-0.96521720336486,0.865565854737619
"S2",-1.83790117581863,-0.761526542042635,-1.00797328181542,0.724904722684703,-1.0857906427127
"S2",0.150621242639004,-0.233274535929764,1.29141388793453,0.351780368867894,-0.65705398320586
"S2",0.642076523737778,0.0505384188817033,1.2548909327867,-0.827824345106624,-0.143759852306922
"S2",0.0716865869124558,1.80458756466311,-0.153681688414579,0.115467980316247,1.22005095121798
"S2",0.383262251124805,-0.102131755314773,-0.458082396208816,-0.27521379260061,0.11468659118372
"S2",-0.661253573155489,-0.14663322702123,-0.833289785763837,0.379129061586247,0.334533869293334
"S2",2.21103978200711,-0.448849615032561,0.444628402957277,-0.234762982508368,2.58099497318228
"S2",0.671801912424445,0.7276236613722,-0.589317628399369,0.931935060640728,1.22389393435748
"S2",-1.07746498318078,-0.159158355582938,-0.972820293813674,-0.267607550722122,-0.227728422399431
"S2",3.17254112336553,-0.234514545236178,0.0903524358333827,-0.237432361313853,2.15264402219529
"S2",1.20541851001327,0.594967955466307,1.33028588844606,0.277867351113456,0.155194825465404
"S2",1.00241364955455,0.265462833459589,-0.721084253242627,0.049405035500219,0.868989658091621
"S2",-0.831694943867507,-0.114753024676577,0.618265788290331,-0.133111625383649,-0.933475804459511
"S2",0.756722018546427,0.16113869308843,0.176566539036132,-0.239337680003782,-0.598898487022864
"S2",-0.596777023270451,-0.00313283585699296,-1.38184917337907,0.127999671297105,-0.322811110016512
"S2",-0.309680689144566,0.308777660420399,0.812103837278386,0.524982322835067,-1.17887757018437
"S2",1.46329884764498,1.14818032830707,0.311411735838799,0.0645533459920259,1.66534043766304
"S2",-0.65314303210918,-0.118569272760622,-0.305779490582371,0.0282148486262824,-0.78308640471407
"S2",-0.58524952886779,-0.0511867586084541,-0.226503495452012,-0.956852235084476,1.67737098092165
"S3",0.686813481827615,0.984489178473206,0.643936349466368,0.490038738424229,-1.67402290322184
"S3",1.85820294914023,-0.901719486004735,1.32999330476139,0.12094324666759,0.0951518933635848
"S3",-1.61683079124906,-1.29937326158196,0.688770880201847,-1.22477085023878,-1.4477885738863
"S3",0.0137466300949083,-0.157410790856243,0.230931133658669,0.645712167375079,0.868980074019393
"S3",0.596958271325714,-0.621791293511692,0.088479308814713,0.469223299468042,0.110193303708744
"S3",-0.0519290033980832,2.04896352781592,0.0623383339793286,-0.365623131142413,0.465947615481609
"S3",-2.51482986344733,-0.0620077177713181,-1.10731756582867,-0.731304763433012,-1.92174967078757
"S3",0.615167074799673,-0.129442564426098,-0.548049009864921,-0.0289313466625185,1.07462630013026
"S3",-0.853300575818515,1.38365230995384,-0.6396876890263,0.126700775227492,0.610849668405875
"S3",0.530580548324448,-0.311157784344372,1.13811519131707,0.176382453969594,-0.172379719317409
"S3",1.64083591090003,-0.0847457042295212,0.762035921664818,0.614314140693736,-0.310688804741723
"S3",0.369349391964777,0.234807158111701,0.402457632450104,-0.229988922039632,-0.382179173471192
"S3",-0.853769976641976,-0.4394625870621,-0.521621241405438,-0.514763686238083,0.625866521747249
"S3",0.304405131397735,-0.029081550655045,-0.903156927202231,-0.376082376186492,0.746117775964506
"S3",-0.49661780724276,0.357074196708457,-0.206931909453823,-0.802684320382207,0.455250004798083
"S3",0.63579137905841,0.143017710331085,-0.627911336558475,-0.107709544555357,0.497729778037385
"S3",0.623691677973664,0.607264593952528,-0.330840676492297,0.479658638647492,-0.0847399028697002
"S3",-0.394928731700144,0.354847436287956,0.0927200341260752,-0.84180085257549,-0.288638273958254
"S3",2.16880206838742,0.258015589763566,1.90932965037928,-0.543110865024269,0.813637933233983
"S3",0.0597103658632148,-0.829807853801682,-0.366822336918883,-0.713859503061734,-0.859602007086316
"S3",0.597222727167001,0.457274043214568,0.54493597892916,0.555705318048861,-0.227384937492586
"S3",0.48309925598542,0.677698003774822,-1.16354953646058,0.279263764756286,0.313632987927498
"S3",1.82272434722167,-0.0779135208355611,0.963945854830648,0.957780716668011,0.513713251893915
"S3",0.845666049774414,-1.08272047595075,0.454099342399077,-0.730757169776982,-0.832177675475631
"S3",0.327742823925511,-0.124000282973326,0.473431029480064,-0.233876420942814,-0.0482566667176564
"S3",0.43375223859338,-0.0671525434281542,-1.18869508229275,0.21215234873069,1.49358665487257
"S3",-0.416415608071403,0.181127098627083,-0.189657320961495,0.746569660839871,-1.42981500856785
"S3",0.689576720007462,-0.106145685875338,-0.495214882082986,0.016761957440801,-1.01496353307691
"S3",-0.184402209255577,-1.20606320185263,-1.51409735094525,0.238607476309424,-0.278386348839794
"S3",-0.278154624730392,1.79211357553038,-1.72051481263545,-0.0222043692944033,1.24602201214998
"S3",-0.0845125464881169,-1.09557054571463,-1.09240220266327,-1.28226613119182,0.123740194499173
"S3",-1.12192196553343,-0.104131847374952,-1.34724246220451,-0.582369173536862,-0.988110711808045
"S3",0.717340281788707,1.13555470603303,0.543718558677652,0.797951358749929,0.406090087170704
"S3",0.137047532470819,-1.17628324608245,0.345257418760505,0.135449320833129,-0.00951011734196971
"S3",-1.3013124927184,0.209086129670368,-0.603667197862675,-1.18612374083988,-0.559077229698969
"S3",-0.0665056265274664,0.490242503626609,-0.494738242254041,-0.314164886613529,-0.68513934458542
"S3",0.761504288219516,-0.0951572488286469,0.00285706766810689,-0.570953016281002,1.07681358908865
"S3",-0.477959714503324,-1.07769964748662,0.776621156869298,0.53178700940923,-0.587346219296945
"S3",0.119245352494774,-0.482300762302014,-0.238364069973674,0.744956447484199,0.529441490107221
"S3",-1.1692085683223,0.84037839232579,-0.189805713497184,-0.858497130088156,-0.121335956639192
"S3",-0.570450479074404,-0.370359712577397,0.35911880326143,0.110578753308448,-0.56125281435437
"S3",0.846361113446216,-0.215478391423932,0.347325950965922,-0.105464210735501,0.394143448640716
"S3",-0.974552604750479,0.166519642579498,0.00474907437429782,0.964577028478822,-0.652258945451014
"S3",0.000907490944411476,0.62585561348972,0.563317499803862,-0.405970004797744,-0.801139444775286
"S3",0.760187981174139,-0.201324569631689,-1.10926845204744,0.430637128334359,0.664205519938317
"S3",0.251386844158178,1.27019477066545,0.435429263968067,-0.223662807401358,1.80665245180232
"S3",-0.422959534169657,-0.980255226446729,0.02549061344945,-0.499799685507256,-1.30315214412073
"S3",-0.745834191760946,0.1676601322737,0.492837534223102,0.105822311501057,-0.734131658317397
"S3",0.185759350562042,1.6329690381194,0.411600432396691,0.319699886005709,-0.628508672386449
"S3",-0.586775843761897,0.230068472882203,0.136527551840986,-0.203651898102865,0.303354730354288
"S3",0.0270184432257966,0.483949417845311,-0.620424363030527,-0.148220341243753,1.18765490510638
"S3",0.52538382303672,0.301126038334646,0.405006284652018,-0.925142131192986,1.44840457234809
"S3",-0.395753210430531,1.85430987164305,-0.17110794730083,-0.835663099905918,0.549380610583697
"S3",-0.69894970078512,-0.53295971599488,-1.48861798108307,-0.194152644259673,-0.597885141235402
"S3",1.0572798514845,-0.322625965610507,-0.182525483610726,0.500008139044894,0.413763532508289
"S3",1.32057595696664,-0.447185032793411,1.07612741709857,-0.323523102613933,-0.152495411510038
"S3",1.78790893225335,-0.532314973919114,-0.542924210364344,-0.371900501598297,0.491844695659578
"S3",-0.00953822838550772,0.615858137871895,-0.449386271729713,-0.561096132710059,2.20433208765617
"S3",0.7908377135392,2.00990744828602,1.04762168372863,0.0511795925907075,1.04954125978366
"S3",0.2467128463747,0.635238289147162,-0.566353758943257,0.0207748372751289,0.0567550332777768
"S3",-0.388262084434457,-0.0524491699709219,-0.983546489348075,-0.740532635312369,1.56379529443863
"S3",-0.257114308818702,0.232318621947313,-1.01320309294712,0.801369087538698,0.968912115367086
"S3",0.289979896883058,-0.49302686846353,0.770255060053457,-0.688320623639497,0.00485229968342261
"S3",-0.257588594439719,0.178731880945816,0.0731493282508215,0.6432282722999,-0.0389000069188413
"S3",0.491243056144579,0.962262179366574,-0.0163354785505708,1.82128171906818,0.848120101731888
"S3",-0.807480592709363,-0.647160934812912,-0.497338812561771,-1.40353506536148,-0.799101517561462
"S3",2.36431360938273,-1.52500302407672,1.34346974345799,0.502280229635093,0.214712782671845
"S3",-1.17193116177734,-0.15782985035418,-0.958031628593931,0.473781379232229,-0.541025547296423
"S3",0.641849225695811,-0.280603620169124,0.874567048944994,0.423391139274547,-0.762208885155433
"S3",-0.27166079519414,-0.22749860326256,-0.0836325448962024,0.0842460725004613,-0.96541299380095
"S3",1.10971960396817,1.0758214881155,0.67973955757489,-0.264564182615843,1.3848084433539
"S3",1.4491236158887,0.485300647900224,0.227609502044013,-0.423160034373813,-0.176488952452776
"S3",0.972602513178673,-0.242966478873216,-0.382165705911179,-0.773094342226429,0.637908458070703
"S3",-0.345583040173323,1.04932686792227,0.407022697661512,-0.661527091670317,0.651738373373
"S3",0.178513126101909,0.619404201689438,-0.442687317012089,0.537654162112093,0.718383148551498
"S3",-0.521716329004299,-0.438350148780647,0.321549346762706,0.511156573857237,-0.573730255392089
"S3",-1.11881359011953,1.43838856659203,1.27226491552459,0.491035760161271,-1.27149756115371
"S3",1.7406326625231,0.344065542747161,-0.525291806913839,0.0280819438842075,1.71220227393135
"S3",0.367936841320129,-0.404546634105256,-0.529592051346265,-0.714824543798827,0.769187857563218
"S3",0.261975025319199,-0.284661017656018,-0.682121209392927,-0.0173033566158307,0.762714383198785
"S3",-0.428659951105392,0.718850602430299,-0.742374795520407,-0.583235485751497,0.939129384177389
"S3",0.500543964238041,-0.912541455272221,0.739955589175155,1.25375591878007,-0.306092232074118
"S3",-0.140859764761756,-0.0702957139027503,-0.808236952036545,0.286404286683676,0.118157464526477
"S3",-0.866113146162834,-0.532789867771895,-0.300791213354066,0.779142767315721,0.191841586787869
"S3",-0.675471473654394,1.20936118806558,-1.40457424692665,-0.198044727804465,1.59230765793253
"S3",0.0530679143923247,0.576117944163121,-0.768101888289711,0.232128307840187,1.531064739316
"S3",-0.422914776484379,2.22652266244285,0.0149975618800085,-0.176667536280246,1.59660809483076
"S3",1.31927045746778,-0.155513058068557,1.42876518691696,0.736340154449489,-1.12481664725636
"S3",-0.880352456143483,-0.176064849554956,0.560607160518138,0.860828515683459,-1.15796100884237
"S3",-0.19155709318349,-1.06527770543891,0.267150911774033,-0.0030485940502007,1.06498980585911
"S3",-0.363558650512046,-1.43830540912914,0.0883833017554101,-0.91539508309226,-0.748733548740994
"S3",-0.0481145530577359,0.13966095929781,0.990607073748778,0.171058421486525,-0.617097469571749
"S3",-0.629304654047938,0.428206423810768,-0.0153198740262108,-0.394223723659855,0.578133839571441
"S3",0.0894286369943203,0.643649324048238,0.336295840331658,-0.236371964089126,0.813889354800108
"S3",0.249585747111493,-0.531469083230864,0.458533261014668,0.023427868630873,0.677758784516048
"S3",-0.675472879523357,2.10676796276891,0.465259406385673,-0.447367130655267,0.168686947891587
"S3",0.625872169855576,-0.171320369267615,-0.473024131315153,0.12982553190011,0.307396424745688
"S3",-0.281424746761951,0.766615877353959,-0.644141555245743,0.399560373301615,1.21921941670057
"S3",-0.539979806583537,-0.836742817210602,-0.301241938355129,-0.0347081189498238,-0.235522740855926
"S3",-0.560671314937049,-0.230169453189772,1.52482426726305,0.286453168388938,-0.844497992771097
"S3",-0.233408174346134,0.0627623682904334,-0.356487894160694,0.0270940914696097,0.227668597297632
"S3",-1.04124784104424,0.938774983242873,-1.11184961640855,-0.890359323781011,-0.20753381707387
"S3",-0.967426426213079,-0.51790733294604,-0.143423589877277,0.00598239192574997,-2.27601343777829
"S3",-0.389806579611607,1.43027923579165,-1.58875696818464,0.307752729140547,0.890477295808894
"S3",0.114154025883003,1.16664562437845,-0.0921972895755128,0.971631150682666,0.449363042123969
"S3",0.274381186062039,0.372992602800512,0.493884234927008,0.232499065330628,0.0256991931438324
"S3",0.666970451659752,0.920871275613217,1.53045980852861,0.106406055875171,-1.20733637842096
"S3",1.04848767073706,-0.221566454123317,0.829669707616199,-0.450537832093132,-0.282026557063912
"S3",0.055936409273588,-0.482630771848277,-0.471288387039381,-0.370323072800935,0.664840391337584
"S3",0.362270030169299,-0.19487273406626,0.199370320556716,-0.0144966687447864,-0.0979199071288813
"S3",0.527506851723922,-0.192329453746284,0.592809653762733,0.452438722159339,0.531126660268799
"S3",-0.456144517018538,1.73603952216142,0.856738758867036,-0.623670543983089,1.48869946206764
"S3",0.302705826593302,-0.462025241352672,-0.162176999954422,-0.326594292952126,0.120022030330611
"S3",-0.432134308085924,0.482590320009539,-0.535358607963271,-0.329465470031137,-0.0895977012984114
"S3",1.29041792677231,0.263803267160981,1.00041404258263,0.283766195573856,-0.0416079458262351
"S3",-0.04267331593239,0.799260073156748,0.0631888206818928,0.178678810827828,0.791378036879571
"S3",1.14485526117835,-0.625772176867111,1.07719612220564,0.0132560604072231,0.445681695668857
"S3",-0.841859576944306,1.65826681838973,-1.19769166165525,-0.652253280001636,0.118084807918501
"S3",-2.02995637787367,1.49046068569463,0.147769152517688,-0.380763030270948,-0.611182437052004
"S3",0.954229743177186,-2.19823669679372,-0.023054949963317,0.277327957079779,0.00243942713380615
"S4",1.3942051290255,-1.16403470203513,0.0163639354722508,0.685824090415491,2.01039403130746
"S4",0.0732081568987005,0.419857768096858,0.366439633208023,0.448523598642864,-1.6872966455708
"S4",-0.417331185843737,0.660798268305202,-0.048350988019841,0.203382247694242,-1.04156520287987
"S4",-1.01269781176773,-1.06357485836602,1.47989835396193,-0.52075034952716,-0.627820393433781
"S4",-1.40474218010664,-1.2256816164178,-0.844248600771541,-0.561573824315343,-1.5720190693021
"S4",-0.834474291008753,-1.03889924944113,0.679501333969089,0.406739610780996,-0.296871631539709
"S4",0.249601760790485,-0.348727333158293,0.319293880486503,1.1098821947697,0.664665446306
"S4",0.939760050689954,1.34140912188651,0.840394590057878,0.219919940137289,0.7322671280904
"S4",0.700621180904627,1.40842515885775,0.320668434988239,0.734694202054977,1.83985941723875
"S4",-1.27944066278478,-0.26721880674112,0.172939057940724,-0.692026556939472,-0.238756274157997
"S4",-0.37171705375316,-0.3669201631206,-0.282138690250873,-0.103164384640959,-0.869268633234272
"S4",-4.04673724785425,-1.24957760368382,-0.676161700857995,-0.682881748666031,-3.66867371690575
"S4",-0.112045374101912,0.262538344079352,-0.364557149120957,0.528435032985474,0.851184279171266
"S4",1.05334207995927,-0.273589013992149,0.509259823876821,-0.388765709271638,0.499822904481744
"S4",1.30215968153742,0.444452472361158,0.884776158463985,0.0918327987419381,1.62526728857229
"S4",0.295508281358325,-0.232280834808611,-1.24006917501047,0.223987624956904,-0.141090146693228
"S4",3.0443404014959,2.2506874389517,1.90520183648766,0.748402610158381,3.20107366832891
"S4",0.610347157994658,-0.832497483949308,1.00759936605458,0.0752502166969472,0.841159067027703
"S4",-0.0797848015841034,-0.120590237286499,0.345616518322167,-0.290254851242831,-2.61660270916576
"S4",0.11878566011879,0.369272383041985,0.542262266163636,-1.23902173447132,0.609938845961241
"S4",-1.27078523377096,-1.06568271761649,-1.07812828475113,-0.545645757907783,-1.81521809996793
"S4",-0.272428443131214,-0.288788797663465,0.314124141636048,0.42511118288187,0.113197775455406
"S4",0.145750551730385,0.849563950079911,-0.85746581929672,0.288454232255343,0.511452277556626
"S4",0.190358648255145,-0.19215790947529,-0.17090733753037,-0.0544628662706223,-0.673781051099349
"S4",-1.31418825026728,0.250145339460143,-1.53850860238706,-0.197878817828998,-1.15697808127125
"S4",0.42158572839521,0.169563522557619,-0.0936240647353766,-0.103956397122023,0.43414339723533
"S4",-1.30076068102059,-1.41687163827721,-1.04747922307857,-0.773847790111374,-0.560788207587701
"S4",2.82246807456674,0.294519974411962,0.728521532342263,-0.721227984528018,1.84595464055325
"S4",1.18371648210375,1.71313609999151,-0.127117949253081,-0.287956336369544,0.249045011216226
"S4",-1.230356219434,-1.22954288502506,-0.942247711671158,-0.248012261043562,-1.26142290517175
"S4",0.550323030841533,1.64940828043468,0.317501849060789,0.183417822531437,1.60059598267343
"S4",-1.21026426242736,0.561436256044284,-0.461811693100266,0.334739775456383,-0.525770662254508
"S4",-1.37150214593891,0.469881464341074,0.129170255669323,-0.494189929639227,-0.384014422018705
"S4",0.46226412633649,0.520948549717558,0.671105247066972,0.510414622090914,1.06547835333054
"S4",1.15305654773635,0.839592011836257,0.540081701052736,-0.336639565985444,0.157165777202276
"S4",0.558274819085311,0.34969761981556,-0.167139032680052,-0.0742165474680666,0.102889265862125
"S4",-0.364187874979542,0.781894045935021,0.291681421650621,0.561255696440837,0.463701323420112
"S4",-0.924288686008519,-1.3030452271204,-1.07195050628434,0.259461859791602,-1.46614244176038
"S4",-1.46526218917611,-0.92279575479692,-0.388856655156595,-0.0667627935686717,-0.940484926709189
"S4",-2.0004265257539,0.226595681107517,-1.96493804360263,-0.305253057481436,-1.23157476362476
"S4",1.81111776919843,-0.460171175046333,1.38935683279903,1.39311995709161,1.31651694606252
"S4",0.695596763577609,-0.049882807556716,0.68835780962589,-0.325870564008787,0.400939581094129
"S4",0.0439448604710208,1.85399124163564,0.627106517088877,0.148088577893518,0.455681186764354
"S4",1.10371289940987,-0.460233369391951,0.0803100075238682,1.04623490806127,-0.183207738448965
"S4",-0.57936087880136,0.467793857283969,0.812873480631033,0.254952250432099,0.953385726280016
"S4",0.462145536101116,2.34063909643867,-0.348194410732136,-0.147449520173726,1.22923732548013
"S4",0.284306850270215,1.86330769546412,-1.42452709428663,-0.271718414777314,0.995806803734348
"S4",0.168695435504392,-0.491570504287249,-0.503561978005347,-0.321772402151477,0.99892787771655
"S4",0.118170439979686,-0.0179111324024121,0.332425366813199,-0.397453282802075,0.531772092019893
"S4",-0.436656516462103,1.00342750666045,-0.00624329682725519,0.0411354632899989,0.725864193872808
"S4",0.674530924364488,0.797549192389586,0.86189986224328,0.437775335781015,0.838549556497993
"S4",0.647283418611055,-0.29455869700612,1.05736310098611,-0.760630730608152,0.925731604469835
"S4",1.41310191870136,-0.219090591770771,0.884723943665578,-0.682059949353787,-0.213230640896413
"S4",0.375561258426641,0.340945617109374,-0.354305940284563,0.139556374121898,0.506850428284389
"S4",1.56225835795216,-0.341768678320237,0.0493984271931515,0.395462102673894,-0.158737325740469
"S4",-0.450665044038823,0.402362488349577,-0.0589180283218242,0.32215130911133,-0.705703422280722
"S4",-1.08735960996049,0.516594083600305,-0.546127356458629,0.341210047439396,-0.0143946159673564
"S4",-1.12561917458852,0.322134814515659,-0.0924103474868821,-0.931986385459442,-0.552004042678713
"S4",0.459035841569841,1.05955558639803,0.836028715917486,0.372064474540062,0.240185723878045
"S4",-2.46621271353302,-1.39520185496673,-1.03812789272562,-0.135356086730362,-1.02026657259596
"S4",2.04349143791277,0.225017939031862,0.611350768452322,0.563248169608832,0.804812001735057
"S4",-0.0969136620244278,-0.496080035340115,-1.09522296229509,0.364339834372075,-0.135006855458373
"S4",1.40445775315376,-0.0525396638068548,0.396139359367784,0.574489356697391,0.909733347330219
"S4",-1.65371584891701,-1.16027365096943,-1.13564479025975,-0.0784188880236835,-0.147159858743124
"S4",1.15219830733826,-0.456312206664457,0.420983134825379,-0.750846418407015,0.396944961034323
"S4",0.863738486968398,-0.879482001915464,0.799648797000672,1.09133889723474,-0.574143245117388
"S4",-0.766161432974523,-0.708870383222396,-0.767803490616041,-0.967147603274645,-0.00532295455723075
"S4",0.699978730726376,-0.794153646784218,-0.133906690887381,0.701457390822704,0.898414785154468
"S4",-0.290414774593003,1.70494284859024,-0.302334916299174,-0.498821802098153,0.719644138583833
"S4",0.0337803719479823,1.25172489868169,0.340757881025056,-0.513874478597163,-0.722243438303654
"S4",-1.09062710417319,-0.131607815040193,-0.122938815257218,-1.23505122724781,0.00933254372648967
"S4",-2.54122900399753,-0.243643014049781,-1.65951752498093,-0.195889923407276,0.039384892634053
"S4",0.497748759321305,1.2805474656896,-0.547047443670999,0.0330059278866819,2.42758985907143
"S4",0.602227404972833,-0.116521009601362,1.01081305698176,1.21664295948432,-1.81929711079
"S4",-2.59930570823474,-0.88192083337445,-0.389093417977152,-0.307756043503293,-2.46559722727038
"S4",-0.351513640349126,-1.04010323172856,0.0614717765757087,0.156281485032872,-0.737347312740498
"S4",0.831874959600916,-1.06901031637989,-0.411576927310875,0.145094862991266,1.54292177529643
"S4",0.138647879602245,-0.0257681484734719,-0.82317474132446,-0.999699780484907,0.777704675281411
"S4",-1.6563020779962,0.665574419324765,-1.47724906186697,-0.539561459581271,-0.554378460456355
"S4",-1.83169047844423,-0.926258181012858,-0.315663123605754,-0.720124092629389,-1.97452562979704
"S4",-0.960789805623844,0.79587131225974,0.162064228523059,-0.311851328704524,-1.37765543407349
"S4",0.645351215669831,-0.555219194476486,1.63517479410764,0.611719452692442,-1.97451489256728
"S4",0.375616045996187,0.38033086575579,0.985318695663832,-0.189971083708083,-0.335667475697059
"S4",-0.982261430213724,0.0624112210444554,-0.977865984932397,-0.431707455319282,-0.0489573300456305
"S4",0.565546887670395,0.43802134086073,0.194069896708304,1.06768157801758,0.813287097611622
"S4",0.0708913760614003,-0.518324200033757,0.557245673786201,-0.459800078996771,-0.940580475169224
"S4",-0.228381976161156,0.230957878921842,0.0430528725058911,-1.6180913163893,0.555157533253327
"S4",-0.135493918895158,-1.87923359368448,0.158236350581132,0.513572586017351,-0.447992260663533
"S4",-0.394954538092014,-0.565367822318235,-0.403116397827712,-0.231807155843631,-0.7579121605793
"S4",1.47967464362787,1.53327312839815,0.339605026807141,-0.365784604258176,3.48417568948746
"S4",-0.132349372348742,0.0852937715430015,-0.378184391910753,-0.519694510630432,0.80263207377875
"S4",0.718622944679228,-0.648181834365485,-0.512079965854555,0.304202885396099,-0.47078351688501
"S4",-0.31350700632665,1.27425611871336,-0.635731660666968,0.00978208731041128,0.485057081070751
"S4",1.65005962353805,-0.585177183464859,0.786525594403695,0.913890614283558,1.28197139766325
"S4",1.02566310574488,-0.111792858810258,0.782243201344227,0.373312332635259,0.2251827074858
"S4",0.144315836333368,-0.290397721806469,0.916922359669604,0.750746135554964,-1.39398179068781
"S4",-0.49965606181751,-1.54675101084016,-0.905947420073951,1.3566948866848,-0.924560913190866
"S4",-0.967063387362972,0.785445180753899,0.488165682795934,1.08785223425665,-1.16718186183311
"S4",-0.291704837340604,0.910989580700774,1.20258293846853,-0.227291861181028,-0.269444393786073
"S4",1.31657949539306,-0.596160222129796,-0.0822208878217485,-1.33871235581141,1.37462475125006
"S4",1.3348194548908,-0.0248220878119878,0.694281627964538,-0.325617401903487,0.80064410873216
"S4",-1.04251368028061,0.00907522345295547,-0.517782495452279,1.52593755063079,-0.881347222068578
"S4",2.0791910975237,1.90340907507936,0.65084426008576,0.235654975200378,1.16908920223066
"S4",-0.425672578037977,-0.744160780516973,0.577805652442735,0.645748725210743,0.174053630754726
"S4",-2.44494607662907,-0.743008221674974,-0.322391341277526,-1.24649263044896,-2.20234899836978
"S4",-1.7028545879613,-0.479376637237946,-0.471967487464109,-1.00888286376371,-0.186832981471616
"S4",-1.12102673073137,0.343538696427751,-0.179651745169986,0.0865771703711816,-0.527567252631037
"S4",0.748893906046706,1.10243533714926,0.307607554754236,-0.419396491241648,1.42363473352479
"S4",0.921056846237731,0.558012550931545,-0.488064345577475,-0.0743487991656717,1.94011526183823
"S4",-0.0160417596427696,-0.831681067977183,-0.460100718219187,-0.927491466662942,-0.309596074912926
"S4",-0.264682505148401,0.790261899603746,0.0561827118149915,0.133117308292025,0.389540807595294
"S4",-0.155198907587112,0.640556090990469,-1.02333729612835,0.265998677377701,-0.02498375737992
"S4",1.06075633316461,-0.0901648654691024,-0.0275561535383669,1.2313446570702,-0.0562717377008857
"S4",0.536575849008767,0.00448872319836627,1.83690660849217,-0.649729104954859,-0.640277822112269
"S4",-1.13144504187396,-0.351671536654642,-0.0923915575091363,-0.961383484564129,-1.1417254404985
"S4",1.37515484444786,0.992410369093515,-0.102177136420676,0.142262098795154,1.52108660123866
"S4",-1.05602244098473,0.0744314558719901,0.643458971875371,-0.335286221998741,-0.38317056117105
"S4",-0.18969696353289,0.686528108257714,-0.671581148032019,0.3681641797861,1.21395227233447
"S4",-2.49518209686505,0.564818393706494,-0.397267574736988,-0.281020096791986,-1.02596191815332
"S4",-0.0779222804083284,1.15365796349516,0.987641598444785,-0.1843245350139,0.00371420294186489
"S5",0.688294636678278,-0.699482683130407,-0.409424414272269,-0.085113767797564,-0.0279448071344679
"S5",0.235185875799297,-0.720018956700699,0.553413876271159,0.0231964974761249,-0.328654271532236
"S5",0.48853195067472,-0.427163282124,0.135004058027523,0.0229628263593233,-1.14363675900308
"S5",0.656946218602274,-0.405810823335311,0.269485656796074,0.183585852462399,0.054692158787883
"S5",-0.0684468856079575,0.401793228946099,-0.442484587255777,1.06983037549616,0.195930926325741
"S5",-0.248402307245544,0.0488663906705596,0.209662941869218,-0.0398441820453437,-0.330291973518782
"S5",0.457795911198747,1.04625612382814,-1.24402707523282,0.436152410100486,0.962915225083736
"S5",0.427842583358527,1.05145531932668,0.39885005145029,-0.0887858287609951,0.234018585567478
"S5",-0.426951285617676,-0.323057731004554,-0.539533520439385,-0.203501665684749,-0.306635533024016
"S5",0.777590202989806,-0.980059062947881,1.3344177698518,0.0142083817489576,0.922938465124804
"S5",-0.210804823041367,1.19763155800083,0.466634523770407,0.10233100541793,0.349213982703023
"S5",-0.486875012459218,0.761589660302339,-0.356411506771599,-0.466222830706136,0.0773358906766918
"S5",1.53938440463561,-1.34817724743366,0.155425421317773,1.0674766303886,-0.510060230456149
"S5",1.11398626756565,-0.657044524570967,1.56142761822236,0.628566388444941,0.309327715939229
"S5",-0.619458281233741,0.0764244087892402,-0.0787784398496719,0.154861610287465,0.748405727373855
"S5",-1.38627471164342,0.0691834198027655,-0.0325657330912803,-1.07279997776388,-0.205492075848132
"S5",0.611941514131708,0.904853642841694,0.182677805274528,0.194478296851739,1.58853225677703
"S5",0.166151292415976,0.851513236173634,-1.74532483615659,0.156454527905983,0.634983121527471
"S5",0.471796319761425,-1.76946445628816,0.360336417428292,-0.329956031275059,0.00803451371286837
"S5",0.194380754968421,0.476198739005622,0.757857104337912,0.774919121102831,-0.558434912205343
"S5",-0.0652869892654755,-0.245626645796974,0.927995496383925,1.94275008997284,0.332715379888165
"S5",0.924977000010772,0.435573262119156,1.49656033760113,0.570426583608892,-0.583245496017819
"S5",-0.273351820272131,-0.14570951182394,-0.290470989453156,0.995368120962494,-0.771151864780197
"S5",-1.09104645728059,0.71460439372388,0.276363939637884,-0.336498575798804,-0.0219524905823005
"S5",0.824062200538211,0.312025100442847,1.49888736856491,0.672477547985909,-0.305342591681972
"S5",-0.658577677298428,0.0787233915057657,-0.659693920103977,-0.209103411044217,-0.465177978151966
"S5",-0.319141754206775,-0.313738512829667,-0.894156509580752,1.23327675379077,0.852859736330408
"S5",0.100681307381369,0.264349300067724,-0.172292556967267,0.218332480767738,0.574191065654437
"S5",-0.224612207539983,-0.825023796197216,0.280990867598889,0.981790840818815,-0.301092688115883
"S5",0.586111049283439,-0.873111522322653,-2.11093871421584,-0.815213779614161,0.641664347657564
"S5",0.0671331113887511,-0.182795360492403,-0.224915310213169,-0.581381752702207,1.19327734823743
"S5",-0.605560323894956,0.475180189074806,-0.671778223761617,-0.986952729594856,0.772972691060186
"S5",1.30511070305643,0.0870791797632173,0.656586090770406,1.21926274292667,0.999286475875723
"S5",-0.528410777327783,-1.38979042361708,-0.88910322516859,0.873240729047175,-0.171473557503559
"S5",1.51734867125547,-1.05562253435741,0.882142550786897,0.0535492103188126,-0.296316859107957
"S5",0.148094585996558,0.725128659041688,0.780294422061278,-0.598848791232562,0.00554652719071769
"S5",0.738932276001809,0.909605693165186,-0.120420961444393,0.384674626924484,0.344650325059992
"S5",-0.092449147994191,-1.45219691444558,0.393773364076515,0.225611322322535,0.134041511972293
"S5",-1.08955001183549,0.121298856508354,0.311943836741629,0.862856526586891,-0.3146113077284
"S5",1.01512290661323,-0.943705125235891,-0.00311568987753308,-0.832130478216329,0.18166628282747
"S5",-0.5244286400895,0.678437013998962,-1.13808887994493,-0.858507870375353,0.803239477737886
"S5",-0.372855775830478,0.184966464532915,0.756241043385553,-0.950650810689599,-0.554214296180133
"S5",0.772682114633073,0.789064074582451,0.506964732740757,0.960782357705093,-1.12296539758532
"S5",0.240433850553786,-0.0812675751715919,0.387148081257475,0.825273700457703,-0.0798579832926377
"S5",0.25865126625151,-1.33742461016214,0.569035063280567,0.479400476965002,-0.000588275190930826
"S5",-1.1748138614125,-0.0596326067922368,-1.06780491134848,-0.164761426501817,-0.501698221192651
"S5",0.447208717478636,-0.159805561614612,0.0535941199874478,0.0447908957203478,-0.475663750765044
"S5",1.16303631653706,0.018630538562402,0.318093459529135,0.978244908460916,0.399154656849734
"S5",0.0403974767314504,-0.703356525272942,-0.70875390004985,0.0382489726134787,-0.483320618296158
"S5",-0.115084687347997,-0.0357486000255263,-0.123159639922012,-0.559143583624071,0.0749571097404667
"S5",0.275907876165777,0.15124057949095,-1.09683064842099,-0.954881641253643,-0.591375576319069
"S5",-0.671896646098936,0.53151203045347,0.0275617638120135,0.465861521743532,-0.727827050521088
"S5",0.81102201149399,0.210974770424399,1.16011433055183,0.338165307116609,0.380555386113202
"S5",-0.0816535835546767,0.380851350807296,-0.131084070175251,0.533351846560098,0.461515113389339
"S5",-1.26518190656134,-0.396915292912759,-0.558952053418743,0.0104189295054633,-0.443518410672084
"S5",-0.979700032794205,-0.692289600440735,-0.255472201253297,-0.782166325293042,0.442369405592981
"S5",-1.19548829852011,-0.0712372152417889,-0.62031843013446,-1.08701664752613,0.761480153500947
"S5",1.5218759470476,-1.17781108653773,1.40181577661565,-0.878515649379881,0.101479057999742
"S5",-0.537270423787649,-0.627482955835808,-1.65165224320645,-0.0597833378655735,-0.575064333435375
"S5",-1.14221281601093,-0.380216199245253,0.224613878574977,-0.151786807525535,-1.3858682787855
"S5",-0.504580145040776,-0.347102817084797,-1.44783855903036,-1.37528881252347,1.04227005037059
"S5",0.434828939894635,0.792128667708421,0.695108178095323,-0.589374946463181,-0.819421909278208
"S5",0.183667539939783,-0.154223300141534,0.505919148810463,-0.373890054281669,-0.135253494665212
"S5",0.483234356123994,0.0238341128323526,0.67437200391558,0.371043846331584,-0.991219213645015
"S5",0.354195832273719,-0.495044224714538,0.888067901652096,0.173614228646622,0.00599926656903638
"S5",1.0052676963519,0.332589837767587,-0.0798422201851527,0.615588525892764,-0.641575689532173
"S5",0.254798487640435,-0.0286336601721981,-1.70913408436897,-1.18727856983392,0.601915314332937
"S5",-0.369891955232749,-0.484982237495207,-1.11333484470283,-0.954502901056243,-0.552340619644406
"S5",-0.220665321117574,-1.08226118250601,1.14825090868469,-0.644541872620781,-0.540443146279926
"S5",0.357338425920316,0.859347822924859,-0.807627187146669,0.332348819272083,0.868608323627734
"S5",-0.197127045184593,0.283678040736783,0.525272268833363,-0.0125458240388545,0.659633268560817
"S5",-0.0497228323278575,-0.260523148220867,-1.12769243613063,0.0122870841620353,0.00870976888161004
"S5",0.324855713101077,0.622614007487782,0.118135502847669,0.199889198002055,0.684755952876316
"S5",0.416883016121337,0.185766523742114,0.716018252083562,-0.309272014831743,-0.917173696065281
"S5",-0.871612078251184,1.21199458375576,-0.596797771266018,-0.834748254976283,-0.180338001796602
"S5",0.313537772497106,-0.47647186437841,-1.43044162803227,-0.422355665152849,1.23688208813643
"S5",0.84889138507633,-0.0403091632151604,0.195594071855639,-0.0799150000923594,0.095241987774792
"S5",-0.286499888192895,-0.303835801521479,-0.790280332909113,-0.315891438449746,-0.359079310118825
"S5",0.638744529330734,-0.489723108095185,0.222882498871844,0.165553426837656,0.972843171378245
"S5",0.685780841021945,-1.4482267186204,-0.348073247386792,1.28257404439359,0.223017885697196
"S5",-0.302832580129049,-0.805039991946937,-0.967424316580915,-0.0224915405843941,0.693841517224069
"S5",0.394110373190956,-0.0554641487181775,-0.119100812823536,-0.028385842690856,-0.570728405474319
"S5",-0.347388881907142,0.0208305554207489,-0.24228662287708,-0.0526933402480999,0.909371132127234
"S5",-0.113416150250502,-0.118426440960177,0.476740634467143,0.893866135688943,-0.827324757782993
"S5",-0.829943598236452,1.39049919423803,1.02457361352499,-0.960940133383628,-0.703556815299433
"S5",0.245759900933927,-1.69501202006276,0.525565968536986,-0.666634926645748,-0.221540842284263
"S5",0.0660652667454143,0.17411196922271,-0.167509122699712,0.0405639839409747,-0.468108473002169
"S5",-0.0115586471064927,-0.723835120427863,0.333705768964326,0.275047560581712,-0.265436228330843
"S5",-0.95025095564139,0.705492117161513,-0.401844014917401,-1.14245389939837,1.57544389192433
"S5",-1.11798420578511,0.647665091998182,-0.382031837455426,1.61626161006633,-1.25117773376839
"S5",0.271697712921816,-1.45819854005847,-0.0494370975601669,0.760447005310351,-1.20116723811374
"S5",0.512304946809622,0.879860293050863,-1.05592124776728,-0.924541680568389,0.865723752952715
"S5",0.116696293227594,0.0750151262132062,-1.64906094381486,-0.1507692731873,0.96377531863972
"S5",0.184533684765672,-0.318348736822296,0.697240063267297,0.346284097159757,0.517426909900555
"S5",-0.139178496414492,0.901826406193562,1.35604603190014,-0.104228409929947,-0.00810440435648233
"S5",0.655064536189921,-0.418158444377776,-0.10266514376086,0.506636742366979,0.446266648474039
"S5",-0.622378654167118,-0.26396110366467,-0.834708081808319,0.00615610022713025,0.386303065624015
"S5",1.16343112668099,0.0682466949682077,1.36752223397241,0.901269071851636,-1.01824061058539
"S5",-0.936834653112203,0.0171779245971233,0.188563015709996,0.0204820856789124,-0.398806098490283
"S5",-0.493422511946645,-0.42358709030561,-0.442891069059767,0.800196354845447,0.454429230120249
"S5",-1.21989371387992,-0.670800768655026,0.186650119259166,-0.300844582278075,-1.14065454242313
"S5",-0.990576128310054,1.8874364558003,-1.92900381052941,0.619662141180651,0.911827345986741
"S5",-0.639408261805109,0.181393810148832,1.34629158945234,0.142213526196799,-1.14984164247053
"S5",-0.0925375217725172,-0.70350779572881,-0.936900081206305,0.0269269802302059,-0.396508358186659
"S5",0.613056562332959,-0.810328942078869,-0.949207897353388,-0.694991450465192,-0.201198022717743
"S5",-0.260925523341372,0.390864907055912,-0.582835511628399,0.548851873485862,1.34430267244365
"S5",-1.02407877871074,0.832749400282433,-0.438944110483525,-0.211657247171587,-1.43037837273325
"S5",-0.868007572581838,0.189038252310654,-0.668363804927925,-0.23210077863209,0.0770189817524931
"S5",-0.00614137500324303,1.26908574693807,-0.490150960977599,0.1428136537539,0.713725679415085
"S5",-0.433435489352616,1.10677591499834,0.545824078964362,-0.992221753672395,-0.0579610138382815
"S5",-0.974240428943822,-0.271629880364704,-1.15530722514121,-0.452902861646539,0.308727077420264
"S5",1.29024860974046,-0.051906249522739,0.117054625766064,-0.590862140336394,1.71468570401098
"S5",-0.052745279861389,-0.715350005756708,-0.266811197817825,0.120575401755416,0.906923787575858
"S5",1.48151275808219,-0.212773612039406,-0.706744802845646,-1.39028589439683,1.63750678306049
"S5",1.93886072866379,-0.878834335189755,0.600459149324289,-0.738686314502309,1.12261856817332
"S5",-0.635909682490209,0.366674886922584,-0.509651527381612,0.439870436822031,1.43233076697599
"S5",0.00949633813782952,1.03273007524432,-0.842040249832306,-0.19146985512818,1.70004486466076
"S5",-0.264699306200216,1.08895855155631,-0.447013249355516,-0.861410778330278,-0.79539459098982
"S5",1.09644814852572,0.845910857429744,-0.327023289022958,-0.661514219655212,1.14524456660417
"S5",-0.0021183152684565,0.534087601735494,-0.708886402386063,0.520933631825953,0.356843046669667
"S6",-1.04069064364921,0.951828807002599,-0.519562332139044,0.0343002533954738,0.0107301441976429
"S6",-1.56017426856048,0.442084571352677,-1.19380223882528,0.789387912823861,0.812928635219878
"S6",-1.49891208127247,-1.3151973425453,0.0660033803712728,0.718244488161684,-1.60244252814667
"S6",-0.807176797829694,0.843498684148795,0.740204513743665,-0.488634048295108,-0.897071110280174
"S6",-0.154661515333287,0.454167600097374,-0.465308758668001,-1.36555143792918,-0.282913835301356
"S6",0.470777511985625,-0.133626524128611,-0.405088372328842,-0.0230977357873017,1.22115806454154
"S6",0.408796532955653,1.59809186138544,0.0743601025446124,-0.640910423843257,2.07829547817188
"S6",-0.995233741604247,0.392054509196966,-0.57713610579122,-1.13199406379578,-0.670392261115798
"S6",0.884429010453662,0.52499993897296,0.798280780389307,-0.847846265189189,0.287618838087327
"S6",0.330425390981871,-0.815266743212098,0.0792560818337249,-0.677742567791324,0.516710965337897
"S6",0.44690770419861,-0.212088117969689,1.06956406415144,0.311058214158589,-0.946452060433529
"S6",0.463525888633117,0.570197874782312,-0.459866297160903,-0.313316558066703,2.09658924307914
"S6",-0.727044379206577,-0.11317609633115,0.593097204258308,0.0415484254878487,-0.570098717085684
"S6",0.839578574105567,-0.734062823523643,1.37901239130897,0.507410739869999,-1.57296675594635
"S6",-1.02311926985123,-0.545613651999941,0.276321254501915,0.490911058752086,-0.788810206150331
"S6",1.01673079916554,-1.97043056972191,-0.566657064880626,-0.84374795206792,0.344043291158265
"S6",0.804965606102227,-1.40381573365877,-0.197455447531377,0.747170043393812,0.0158977718624099
"S6",0.488292960320887,-0.599859416185214,-0.536105507944388,-0.0415072517069347,1.72988483335132
"S6",0.870892221837295,-0.425247455931637,0.543371841989793,0.184252747299023,-0.0626885762613685
"S6",0.75474352301178,-0.564283940679375,-0.01343878525068,0.595321064291909,0.000427881924139645
"S6",0.415691110191634,-0.992582108955908,-0.140584612240275,0.676748380563777,-0.366199947959552
"S6",-0.85521776499776,0.27909009604047,-0.47081871701144,-0.436998657407389,-0.17890770903722
"S6",-0.0874384608638339,0.399351955616326,-0.387447162605755,-0.861401111125457,0.758487970560427
"S6",-0.466287770557381,0.458668801268161,-0.604243327531183,0.379039178429912,-1.11609993176375
"S6",0.455322239416546,0.467140351883607,0.50750230590195,1.23782533081344,-0.284416116151375
"S6",-0.809285040706857,1.28733694016222,-0.351421080329052,-0.3764224936271,1.51410361222758
"S6",0.27469410314296,-1.06218195247542,0.0895558449075043,-0.473265120174664,-0.741481004682839
"S6",-0.613424628562092,-0.379030912695877,0.403327132436303,0.909083466379405,-0.740211610231441
"S6",0.255151032590254,0.845872774064144,0.696862609417198,-0.357861783460291,0.313936875191689
"S6",1.95390955391842,-0.893906125377322,1.23042214757554,1.14714677696768,1.87027438019866
"S6",-0.345035807229922,1.47178746521223,-0.0252422757030844,0.168777945178882,0.596983271925473
"S6",-0.161442974004566,-0.0626015844082595,0.14929000328375,-1.50250039077295,-0.858294316170141
"S6",0.249132132424361,0.110788380138488,1.13310203552626,1.0873536242679,-0.588821586582594
"S6",-1.50003346153115,-1.07128427074337,-0.786382503320762,-0.114235876510378,-1.68010535882189
"S6",-0.509811026991052,-1.91831247222121,0.432108044577757,-0.162687591364966,-1.41960828918392
"S6",-0.768369169614984,-0.0632803467605186,0.448392859617706,0.492524826253172,-2.66697607445575
"S6",0.456132087078872,0.699016015566263,0.352998243389879,0.231433433087646,1.42605243004807
"S6",0.251030372787798,-0.484942686657924,-0.884515160110505,0.567038454970014,0.0273572576843154
"S6",-1.0176122939899,-1.21227051561739,0.765036324867888,-0.474955991746618,-0.939526715700847
"S6",1.50593882527365,-0.249035711181408,-0.112235684736944,0.141103655020864,0.448975483867627
"S6",-0.624189390139183,1.17198149669249,-0.0687351997767635,0.729929406430602,0.963074879575512
"S6",-2.84948402896705,0.784896059079478,-0.695970502148051,-0.188968935845868,-0.324375525181816
"S6",-0.20123268965025,-0.912768014782075,-1.19084243031969,-0.915448617302655,-0.487688910059045
"S6",-1.66582379035095,1.29688603866756,-0.189869511330488,0.51095159613345,-0.106799747296091
"S6",0.955416472409336,-0.245858268069915,0.711804303528208,0.388473698114884,-0.414590818304624
"S6",0.109231207851074,1.55427525641628,-0.825075791763195,-0.465887508411896,1.25302589126636
"S6",-0.355192923772946,0.0940157268675854,-0.109826403437257,-0.0577397003415799,-0.17723407264153
"S6",0.396762993053977,0.0226549379602623,-0.124028317572031,1.11539990054594,1.83638912156119
"S6",-0.0939752666223291,0.874828130123603,-0.425811856299091,-1.43366147028968,0.389282917766409
"S6",-0.0451075439446223,-0.0543246508672366,0.176475298056685,0.486296285966465,-0.00637483478530487
"S6",-0.265908160247508,-1.30413840333429,0.0796657270298487,0.939854574941062,-0.540799450413828
"S6",-1.16434002440319,1.34066502485044,-0.797451048557947,-0.227327696557997,-0.192925088945201
"S6",0.359009853714802,0.634406144641253,0.395485338877332,0.603690546858675,0.297872915152487
"S6",-0.624880503566985,2.05174911425727,-0.673409272444997,-0.35178511697818,-0.674002742701691
"S6",-0.642175290135341,-0.114294345425528,0.0217821863583999,-0.740527931026232,0.842417535024053
"S6",-0.197659972476587,-0.0496505017299162,0.806171219460554,0.279985869864235,0.827463327358243
"S6",-0.812169596082018,0.524629400955738,-0.154780824636528,-1.22105659339553,-1.15780110923524
"S6",1.32382697832656,-0.804334346930658,-0.286299641527967,0.107742117361863,-0.00921446722221592
"S6",-0.484149208041053,-1.16605796491548,0.361777009650455,1.23688192739833,0.130603820600977
"S6",0.250351684976069,-0.65531451006843,-0.496536056440943,-0.614347588904973,1.28926418698433
"S6",-0.216389410449279,1.18612752565273,0.475222942026585,0.770866011600554,0.371342445733683
"S6",-0.544504671329716,-0.636661815289705,0.842969934896,0.0521517058093951,-0.156397028688918
"S6",1.06266903320924,0.987983357955151,0.160297937160472,0.777611021804653,1.79894004626055
"S6",-0.533502638478192,-0.496880725348167,0.666334305707818,-1.3265775915784,-1.69663838113455
"S6",-0.820425944802618,-0.301313509731373,-0.0822615275734945,0.101221361063774,-1.39755831833132
"S6",-1.13994722697925,0.802080759288609,-0.954658448164783,0.285400623814209,0.659204331267301
"S6",-1.2972985532483,0.73713384536851,-0.733467006112065,-0.575292812815213,-0.592188439024648
"S6",2.3321296090988,0.441949824692773,0.829582380732197,-0.935299196040975,0.332974107615901
"S6",1.25391778859235,0.422976641867021,1.38341867070977,1.12734942048385,0.257716349337144
"S6",0.51297553449542,-1.34639041649015,-0.122354560680613,-0.5256934273231,-0.770507500204736
"S6",-0.465597494578117,-0.35560103198624,0.0322377602694941,-0.566868372653775,-0.803047395794278
"S6",-0.280226987284719,-1.29901189857754,-0.319914349810951,-0.949877519926187,0.0246061400232462
"S6",0.390313198858451,0.891727306083101,-0.0765594729841855,0.597334493653599,0.738513051232026
"S6",-0.668748324126336,0.727700208299391,-0.118613128694727,0.42565381044858,-0.751981105955092
"S6",-0.191178801381543,-1.46123491760497,0.205758016750232,0.996474291435884,-1.21832723538422
"S6",-0.503689721396001,0.458408759841946,-1.41875078520788,0.560829002312504,1.15246531056562
"S6",-0.0234226176080355,-0.916062426650784,0.478946747841516,0.19342626834962,-0.25247518431941
"S6",1.90581541903391,1.62145431080511,-0.0365301421777235,0.136662116448492,1.60744722243707
"S6",0.490476107973896,-0.301430394932079,-0.0476137315106453,-0.14714871748312,-0.205685607993326
"S6",0.071324239839955,0.0399483459723273,0.190533319536515,-0.348767662079664,0.298258259570656
"S6",0.363376797583276,0.21554016381116,-0.624180167328744,-0.445311422414629,0.0946350694010087
"S6",1.40035950845415,0.25399862886255,0.66242194463741,-0.647153293902519,1.81738472896368
"S6",1.41082661644037,0.416952670861377,0.768804193053234,0.867315971794152,-0.302125576381475
"S6",-1.7936794156121,-1.16779939817807,-1.36493673044134,-0.898165031748158,-0.553446749121122
"S6",0.0349790576164764,0.973080867309311,0.270191467353675,0.25901131117913,-0.0298471015263472
"S6",-1.36328437760973,0.28321727134971,-0.517740657782929,-0.710994000016785,-0.851368679350538
"S6",0.353120369753653,-0.149292944104173,-0.317130075492059,0.0497651448894028,0.436497447519969
"S6",-1.88508938658629,-0.706107747432288,-0.802425556560349,-0.788743059436862,-1.91083515985125
"S6",-0.365719436919586,-1.6928717338921,-1.16371860142796,0.438502640352984,-0.0808874362628187
"S6",-0.158843433752216,-1.61647706825329,-0.401779984928281,0.279829548153201,0.616690086564578
"S6",0.485289160409088,-1.25611255982627,0.123649743497733,-0.474101518149312,-0.570647403036476
"S6",0.146400501618507,-2.01715763519355,-0.796028555619525,-0.349154875723367,-0.347429286046889
"S6",0.367724400278724,1.50482367646028,0.0717254563446948,-0.0473874598715314,1.53179557512434
"S6",-1.09501851200274,0.715115751718516,-0.465084419352389,-0.812242217689649,0.058378606026505
"S6",-1.36256051632526,-0.806243771499644,-0.645766718592468,-0.106028237606021,-1.96034893665743
"S6",1.0464706404399,0.709835862784076,0.92964461151876,0.154246095001539,0.93528531301262
"S6",-0.399363249054014,0.409409457918952,-1.13133017728039,0.126794010218569,-0.606119709511988
"S6",-2.24607087027461,1.35795387405881,1.23278567995988,0.135328186648862,-0.615512722679657
"S6",-0.643013752342078,-1.19594979071547,0.72543632264373,-0.136678617096717,-0.851619318759643
"S6",0.565965960417291,-0.406901657506449,-0.0588852725347086,1.15673428071114,0.0145103319543202
"S6",-0.218074676931867,1.62554309519003,0.465127292682889,-0.536384779206699,-0.0730940867565857
"S6",0.728790239508017,-1.18262839808072,-0.357606303644858,0.0792150556116799,-0.078718826375782
"S6",-0.588450548579318,0.311893111476317,1.1147794698888,1.35883908805782,-2.2593359101078
"S6",0.394525669407468,0.717972808134137,1.42799652359454,-0.74847296463214,-0.411949297951107
"S6",0.110083221919829,0.169893899960484,-1.18248599481097,0.0199617146414766,0.470434824004536
"S6",-0.474171416308716,-0.774288422216969,-0.636052780079382,0.754856589769253,0.113310486533346
"S6",0.484342784288914,0.575122857576979,-0.453190067872771,-0.958755957705182,1.35369021877343
"S6",-0.0506497747717605,-0.137776638324457,0.241804968162669,1.08937577097849,-0.0951536030437055
"S6",0.268200631391474,-0.191384611666148,1.74801213390311,0.117831937719952,0.362841928161505
"S6",-0.543068974182195,-0.894523579292993,-0.868265605930333,0.87714307991224,-0.00641252424929151
"S6",-0.494258491396847,-0.400372223712054,0.265395700015563,1.49444505052764,-0.994236906939959
"S6",-0.0510335439769487,0.4363796933538,-0.312833774793538,-0.817497457548705,0.517847689737429
"S6",0.526467581732532,-0.8143939119485,1.02203582744394,0.688857392369333,0.0206622830844875
"S6",-0.0487286416419663,-1.09648888810517,-0.427395718386709,-0.00265588315103625,-0.501784351010606
"S6",0.00984900650926435,-0.331648240374027,0.355396466826336,-0.408263369884245,-1.33475859067789
"S6",0.219641687904659,1.01871486651044,-0.211732916021234,-0.0392638593666891,0.154571993304068
"S6",-0.0043750921821416,-1.05860613683347,-0.164775485317431,0.674473542023218,-2.12325125630271
"S6",-0.355368186576126,-0.46996098625512,1.35403427522209,-0.829304485683154,-1.48078965038182
"S6",-0.847939092525885,-0.283339428347414,0.346489073507321,-0.192364571558824,-1.31760753208613
"S6",0.448549495083875,-0.176388359165656,0.157933538437025,0.938151634154414,-0.0909373029488497
"S7",-0.436192376568143,-1.21386026535359,-0.439953352916235,-0.17508700004003,0.60026854369715
"S7",0.438207414202086,0.262853737788816,1.87207965957653,0.512530537774817,-1.44153912720257
"S7",0.933951776254557,-0.270321385461207,0.771890856102151,-0.0329783509988556,0.179407698857028
"S7",0.350187161130231,-2.35415063788857,-0.0294150547640844,0.387517011270103,-0.311104275734304
"S7",0.573021955729855,-1.22872689731165,0.112769450658206,0.684964766308136,-0.427256003346468
"S7",2.16262587686837,-1.49304687656299,0.2989235634738,0.314000687454704,-0.751177665162918
"S7",-0.168798105187519,0.0476527284851833,0.0213688097997516,-1.02721530988109,0.230730208703186
"S7",0.259773331063058,-0.732512296984938,-0.386288485925987,-0.0894350591923756,0.415449305498039
"S7",-0.0780637510100524,-0.983172703891099,-0.28089463107111,-0.345637344495447,0.0515037016769715
"S7",-0.0342317726192631,-0.678533662812441,-0.0538183195237787,-0.195488256717517,-1.9722885596391
"S7",-0.11415535988761,-0.335597890720164,0.676922641170387,-1.59939639200628,1.3272810292811
"S7",-1.60942393501158,-0.761549778344501,-0.223647611898761,-0.591280307818089,-1.19760235337679
"S7",-0.497448260645742,0.673250819364879,0.22359303144294,-0.297959793892242,0.573996049936063
"S7",0.130380038180865,-0.487454822275326,-0.0521860955173349,0.157145986255758,-0.582288991110001
"S7",-0.17821681771407,0.321652231389289,-0.113958675389046,0.39245036117503,-0.051531046647941
"S7",-0.659552976028976,0.808129031063227,-0.67021219069495,0.361123521087713,0.371636382244378
"S7",0.670109057749067,0.778833582865912,-0.450033292254795,0.0928958010148059,0.366253138390919
"S7",-1.20987236624456,-1.52099122741246,0.0319218094527271,-0.0757020255061288,0.450443824849867
"S7",-0.249337478301014,0.44841011237042,-0.0718690929196656,0.0601459376160419,0.343968845317999
"S7",-0.566304950058631,-0.214216532890413,0.126805254188248,-0.568173574710797,-0.869491836244629
"S7",-0.167425198569813,0.0951976724030912,0.217965469239708,-0.320003208344909,0.870350901209627
"S7",0.162399432134724,-0.0653056118048743,-0.720442831209404,0.353019167754664,0.334239804166096
"S7",1.30761765040639,0.0819466042460273,0.708723000944973,-0.0355344581532398,0.19557539450622
"S7",1.55254535200777,1.23395205480632,1.41615278846971,-0.66482383791001,1.39445635978936
"S7",1.15057003275676,0.832196420814092,0.487703469744736,0.370304788216313,0.255112136689147
"S7",-0.577848891046168,1.93075564830986,-1.44136245965399,-1.90851865556138,-0.157106894343024
"S7",-0.950571787389253,0.84768837525376,-0.922968940957402,0.131158348730126,0.646421469222493
"S7",0.594729538337335,-0.52806301455132,-1.01764894010773,-0.0329606937100543,1.25177407294179
"S7",-1.58155755254508,-2.00639044334803,-0.677747804193606,-0.448191995978281,-0.186138949638296
"S7",-0.778282388659303,0.701933107770773,-0.223254295797382,0.128007106490947,0.360101764462579
"S7",0.207844933664456,0.956277050750115,-0.111465407823257,0.429785043341951,-0.353096814922056
"S7",0.496464945127885,0.564587650886622,0.284438102974626,-0.729487908643665,0.391945911492696
"S7",-0.560402018776245,0.581208063632899,-0.565577385654267,-0.38892225956457,0.714936698833058
"S7",0.609087492690847,0.0248761214552615,-0.60951105538167,-0.191019474837347,0.372638576261661
"S7",0.466750534915349,0.115297580514341,-0.777626937570156,1.03005720806897,-0.425259266909357
"S7",0.325615887249191,-0.215449485854616,-0.574359468655802,0.139674559060035,0.433452640991466
"S7",0.68470965627603,0.814975364801452,0.207143272960209,-0.755969172283216,0.465453423626724
"S7",-0.750547676863085,0.449989514941288,-0.476330695001382,0.383459169074352,0.25129283536367
"S7",0.196989513388322,-0.355820114689084,-1.28766282624648,0.291092222419796,0.102261993330647
"S7",-1.04187699922435,1.37379110146211,-0.472861382154838,0.242877216499687,-1.16060993565943
"S7",-0.219875079674759,1.2749213544409,-0.82847936461947,-0.673983203453335,0.857413902941667
"S7",0.347894311763492,-0.567958010744818,0.187221502176731,-0.000711318089319863,-0.533733240983805
"S7",0.45790680439303,-0.436533399103104,0.43930312286895,0.131315382098727,0.358346894511341
"S7",0.798297821577579,-0.0371016094916978,0.157783619506604,-1.25244853529301,1.39696186494927
"S7",-0.226605521565963,-1.35148575982461,0.257699843830728,-1.4233290773534,-0.639268317185664
"S7",0.546723661816823,0.59717173362144,0.791056276135846,-0.602621275783033,0.189325994660715
"S7",0.412677600809211,-0.250891775273356,0.398430573509353,0.392789332498903,-0.681685028243627
"S7",-1.24780606405663,0.317828741628444,-1.10529809534795,-1.66995664343639,-0.119439491499473
"S7",0.439331426399244,-1.38517190189871,0.187946035569734,1.45571957524646,-0.0881464558575117
"S7",-0.933035473732236,-0.411832005379698,0.0483520211739486,0.922248790037187,-0.218373173365256
"S7",0.958169719815726,-1.27609488038109,0.96023129242352,-1.52880269541764,-0.549834089927575
"S7",0.120774575553484,-1.54783013453359,-0.0570062922875712,1.25867716614761,-0.761987856282612
"S7",-0.485736968259386,0.47368033834946,0.112308764155223,-0.375090510829502,0.0723073278181685
"S7",-0.27486031650527,0.0709392004276604,0.508552453440015,0.198474498039178,-0.0882371791486949
"S7",-0.282775842692207,0.18491458047429,0.586469302194665,0.227259803514312,0.930144958288685
"S7",1.05494019604778,-0.445310300561883,-0.38978494098512,-1.27119180396205,-0.301307055208091
"S7",0.732009943044525,0.935895175105282,1.40620831919263,0.068779428082487,-0.326007008147231
"S7",-0.733920561865898,0.288886185243083,0.195372518328446,0.284707336356197,0.345068633534194
"S7",0.595378269891246,-1.12643184511738,-0.47068559982526,-1.38000538179219,0.516396833001666
"S7",-0.633218170983442,0.313463343084649,1.11525062808199,-0.140886165627106,-0.0949152344025521
"S7",-0.201008252550062,-0.421832127773679,-0.517529962512651,1.10615462813354,-0.705795443011408
"S7",-0.742831621650876,-0.243104672620962,0.276451509611583,-0.264049659532877,-0.44917532608523
"S7",-1.39170356545821,-0.461782040976561,0.0142653996417805,-0.0320205678830374,-0.554203214615347
"S7",-1.72221178481407,0.374928343706989,-0.376857338675327,0.0755165797372694,0.0869617273435372
"S7",1.38113748174331,0.695821252952541,0.453478047287153,0.0387458563224856,0.907982457296676
"S7",0.528723851762369,1.74584763040247,-0.0766575163853201,0.428657289519375,0.527551747765527
"S7",-0.691859816100196,0.828485174258248,-1.39295010421662,-1.16823457921407,0.387996065295577
"S7",-0.264157594142947,0.598558272370746,0.187651269445918,1.35508050066932,-0.376826459932747
"S7",0.677463133227779,-0.235861428046788,0.594571518415693,-0.0695673196631928,-0.433112504226994
"S7",-0.0214982660319508,0.909245180026907,-0.491037198333287,-0.254683582529466,-0.338948023240541
"S7",-0.23515471620378,1.00583844969561,-1.27078272426653,0.538851802695158,-1.07289320096641
"S7",0.0283446027404779,0.360412233115773,0.728754308771911,0.479628798236781,-0.178376136596404
"S7",-0.843865279328686,1.01451595458007,0.355172794671758,0.0277428278084174,-0.163823435059185
"S7",-1.80076402985384,-1.117098403069,-0.719165198943033,-0.251747811129531,-1.7177374717761
"S7",0.286445365519978,0.000267881135088577,0.635733041951611,0.488838480045676,-0.870490764669335
"S7",1.31747071150897,0.201391152551294,0.822203294092529,0.487971220001819,0.937051798291971
"S7",-1.23792375564609,-0.403352115348091,-0.409543404294922,-0.168176773173002,-1.90754175665763
"S7",0.37402015762791,0.743854164986032,-0.870142634073834,-0.292666597298638,0.132956897334645
"S7",0.087986072138239,-0.462258080904882,-1.59612337347483,-0.0774533334474279,-0.171910867258055
"S7",-0.325505577671148,-0.855122184259117,0.589784782356014,0.769658084721338,-1.3547814289444
"S7",-0.38092994434889,1.21508757954091,0.410854496023014,-0.376604519945372,0.173836832295304
"S7",-0.000866496877328413,0.108483408086159,0.865890389882561,-0.100186673778058,-0.440539047340952
"S7",-1.04578673078022,1.16724498046598,0.378816369601514,0.459312109812011,0.755029396499781
"S7",2.02960656924378,-0.972790983449849,1.02057619434887,0.958964786719216,0.599933995812068
"S7",-1.56921178156172,0.0781347020770403,-0.217483213109016,-0.675017608644262,-2.26100569456703
"S7",0.162478998774728,0.399610939291174,-0.254201429402283,-0.121335348234503,-0.334375108193021
"S7",0.263794813484079,-0.576691138053674,-0.426249994542248,0.141463367185472,-0.225409231824259
"S7",-0.168075974512823,0.66139534272468,-0.510759503287927,1.29389616623185,-0.566152244995461
"S7",0.253164208153336,0.0559103827378334,0.603983236389187,0.427248071423685,-0.185850375540506
"S7",-0.0647026506610718,0.510687629059547,0.978317486781962,0.983254902703365,-0.0178213768709229
"S7",0.486651970019162,-2.01964451598086,-0.214114435700281,-0.986005657386382,-0.680605418244769
"S7",-0.731728028425135,-0.21621744907036,-0.0492905391389118,0.42702736939811,1.37277566886079
"S7",0.160860770582165,-0.81069812131506,0.579899624071924,-0.119404690956235,0.66088442856908
"S7",0.877624403942318,0.176707503487055,-0.737198562676686,0.0564929990405567,0.478175520504873
"S7",-0.623415112611222,1.43391633186917,-0.19434123024414,0.0456536422071828,0.787935115632047
"S7",-0.603836790882898,1.80905480420632,-0.536601596868422,-1.42561112610811,-1.28516666796994
"S7",-0.73831748258462,0.25695715290526,-0.56687778191557,-0.929895865054142,-0.495904657753703
"S7",-0.421101817421511,1.29832658883853,-0.643368236256083,0.647300621041036,-0.200206227962866
"S7",0.794087718731197,0.317042027246842,0.559796892680315,1.49436372088602,0.515281344762851
"S7",0.789835281747001,0.808790000859617,-0.372788606885635,0.415134579138429,-0.771628313674394
"S7",0.0770964556011981,0.756292811507801,-0.119301019373576,-0.241127285017621,0.0384440325327971
"S7",-0.41782757382141,-1.4076899910194,0.351257682181423,-0.900370965096593,-0.33961502415894
"S7",0.268511790375293,-0.372556702970144,-0.445430640644762,0.241789873726875,1.13365988167692
"S7",1.13612097166825,-0.425812991940381,-0.0476813421918188,-0.697360102192709,0.812247143481997
"S7",-0.460587700173037,0.389475447861138,-0.270095637089148,-0.640307687929383,-0.162459379294128
"S7",-0.630260071361231,-0.00898242447399863,-0.321235345733269,0.0788684112634318,0.704570351599977
"S7",-0.111986159791671,-0.0188906675156721,1.7097997406991,-0.0563786119408864,-0.691167278567781
"S7",-0.222241046409005,0.573495944251191,-0.629171034384802,-0.626310724306064,-0.555813823473393
"S7",0.178831458501688,0.40568866756967,0.429913007700508,0.152003920136109,-0.528233645387691
"S7",0.665406264530027,-0.332968152947605,0.525007118966564,-0.794383956538226,0.344442268863306
"S7",-0.7455051351143,0.0776656264027677,-0.784018975955187,-0.201385460843021,-0.992092143254232
"S7",0.146806572191791,1.10661488617831,0.460185172311012,0.622306663923434,0.940045878300668
"S7",0.442094496984498,0.951564963062016,0.11594425393125,-0.443813967998217,0.484640132767801
"S7",0.908455564300874,0.213500820350428,0.0552725618215978,0.184746967734317,-0.0165913529725032
"S7",2.32118194457009,-1.14433257412466,1.56031292070561,0.587549021128885,0.62997298278661
"S7",-0.578033060027064,0.354953296090955,0.0337291538145896,0.916567220353778,-0.950430716764288
"S7",-1.69661419859153,1.23536985737435,0.0309004540648734,-0.904294620693551,-0.0964628298587712
"S7",-0.0733431958301764,1.07465628891742,-0.662342487412029,0.0998030221454223,0.313769650830607
"S7",-0.747589903749456,0.510775261738194,-0.508731673572797,0.0782546231716211,0.149058590571787
"S7",-0.103917505032577,1.32599664599143,-0.168616873643864,0.748607591051734,-0.727605317340144
"S8",-1.21101523678181,-0.0727639647199677,-0.980514861429196,0.768133822582929,-0.581605557434549
"S8",1.93445200464609,0.544147104055609,0.311633728383618,0.464122856347643,1.93934735981806
"S8",-1.1090118098992,-1.18125392231855,0.335742130135181,-0.154678157025303,-1.6558446626481
"S8",-0.732134290097228,1.05718799983704,0.730372528730003,-0.794920808796598,0.0776526934044593
"S8",-0.136715525417512,-1.09288398977684,-0.769755256043788,-0.229203622985635,0.0593412865329171
"S8",-0.286935968601966,-0.10029410573556,0.288832325390451,-0.667539378208197,0.0444537043414109
"S8",-0.0581951375329723,0.1742790098405,-0.429091784093919,-0.270557531026301,0.463152741053327
"S8",0.183295085478999,-0.347731351741247,-1.29214153807837,0.0885549475038622,-0.0860127425870335
"S8",1.38311535623092,-0.111071878420466,0.270432788804976,-0.801143019833787,1.48873076244382
"S8",1.80613757335921,-0.187248118853087,0.77253998374626,0.561204314695633,0.117720918706282
"S8",-1.39753985362036,-0.404373788939023,-0.334913232068217,0.101594272624255,-0.944618910095227
"S8",-0.905554764829691,0.111754281953511,0.716049297989638,-0.181147996720917,-0.627102007222229
"S8",-0.475597545913599,1.046060304957,0.0659219928624652,-0.739156274406156,0.485754932723727
"S8",-0.139151570004551,-0.728710096911145,-0.0427236753168857,0.70101088317365,-0.929467936250276
"S8",0.350029448878311,-0.43577533478288,2.31080335960901,-0.64799450292046,0.379602812122971
"S8",1.12543399042133,0.394392618158097,0.621465298598502,-0.539825151941396,1.29066068722451
"S8",0.293485692847462,-0.265163728768834,-0.851750490036226,0.277969655418985,-0.372777060624355
"S8",1.25177449855451,1.05823859998308,0.104826434381026,0.00912907445443877,0.469731445221818
"S8",-1.46323101753916,0.359374355236487,-0.174425268161413,0.484472228437128,-3.04405030384617
"S8",-1.51207566792282,-0.115936378446032,-0.440759063491546,0.380529530868331,-0.842332020158743
"S8",0.233339071184408,0.332179786930444,0.334727595131226,-0.911568549245769,1.46712478532539
"S8",0.280610445152363,-0.909667178341003,-0.702203461254795,-0.0111876783997022,-0.188709220327322
"S8",-0.0641038042006102,-0.162154301487688,0.452081507953038,-0.272616569889195,0.328197016204722
"S8",1.65741700796198,0.869304942981209,0.991593445289669,0.581203794016282,2.46026865874961
"S8",1.78274635319335,-0.439907440839978,0.378496942045212,0.244556179212244,1.88822100231668
"S8",-0.498123110614647,-0.772881500118242,2.32713110591088,-0.178540089104617,-1.05239105601049
"S8",-0.855670589534131,-0.667955859560842,-1.35488622927913,-0.79866349246521,-0.231007786611288
"S8",0.369804764301716,0.0984536235462301,0.80217037549597,-0.30122193404978,-0.599343641159445
"S8",2.1223731301071,-1.32798426165686,0.254448871055968,1.5773136962777,0.728264844478981
"S8",-1.12669051773624,-0.453542975942109,0.58736386190398,0.0777853761466784,-0.606242337120043
"S8",0.613458685092989,-0.430588005651994,-0.367537471471173,-0.365352056296908,-0.29218475008034
"S8",-1.658345865255,-1.39019502869452,0.438804463881142,-0.750562368858309,-1.97665376017915
"S8",-0.38668113463813,0.719817858846831,0.605069587699265,1.09308032558048,0.91496429352033
"S8",0.859394627769358,0.889162396446374,0.482926499626462,-0.441691770843972,1.65926256854648
"S8",-0.583024442693207,0.871561321889106,0.753025611362307,-0.396499995982568,0.03050058683157
"S8",0.160609112476347,0.970762154462245,0.0649067931986087,-0.674109341974851,1.02765454024188
"S8",0.756860856255847,0.923899820171114,0.485662804969271,-0.641366712676834,-0.672703048657746
"S8",-0.721691675513338,0.969470484739713,-1.22529212054576,-0.262392543926261,1.7763782258853
"S8",0.3889832873181,1.95485257747153,0.674414052636664,0.217213866699214,0.50512697751858
"S8",1.36528674206964,0.316084850007149,-0.0799083891339503,-1.03881946833121,0.937438029373325
"S8",-0.175433670491467,-0.734341871999172,0.564336379085848,-0.575233597305101,-1.1011344054215
"S8",-1.52988722038234,0.449583328456407,-0.0541518072616635,0.0508877703701302,-0.967319092226207
"S8",1.48817419229171,-1.25123451937774,0.969648604737932,0.586150315668106,-0.717900170875969
"S8",0.790199428443507,-0.99547722545976,0.489079404249672,0.946562378841207,-1.48549867103763
"S8",2.39965289441562,1.2808847750145,1.04164918716512,0.0684735674958648,2.2640480248694
"S8",0.972384657313591,-1.69758382405677,-0.808067887095251,-0.617076368607245,0.90412824055261
"S8",1.76801443661778,-0.418625825846042,1.48657226504344,-0.670603447443632,1.31393212711789
"S8",-0.775983631696837,0.246532498265435,-0.750576079551408,0.213965416318328,-0.226136535786745
"S8",-0.739561814402864,0.2221311053838,-0.322229542122285,2.30592083161751,-0.570379965605573
"S8",1.37574990143172,0.34520842832647,0.618080864772879,-0.354301178380984,-0.140798573175644
"S8",-0.416143914892856,1.46382016870582,0.431355072035576,-0.576039872802423,1.62689322326438
"S8",0.0735514069719656,-0.165337416614425,-0.84168257084377,-0.0930845376577591,2.38786046205111
"S8",-0.457735682629124,-1.0267569464916,0.217986562104172,0.473689181358172,-0.0298245355026705
"S8",2.58538636203972,2.4647518767675,0.62458010363252,-0.0331387924375008,3.30082382864594
"S8",-0.520377144952546,-1.06959880884344,-0.807534227536537,0.0152455416225166,-1.44429131159614
"S8",-0.700275265356848,-0.0410006246958168,-0.689746533027675,-0.0324782063598243,-1.28108349485533
"S8",-0.774354002432325,0.600987645108951,0.266887947053268,-0.426659252431739,0.0377378102655463
"S8",1.74385750891939,1.52065575298301,1.68156807176238,0.903286587583827,-0.17272112153394
"S8",0.0117640529226374,-0.0658262274776892,-0.565386543704884,-0.590991960805625,0.744850728954705
"S8",1.17429444841162,-1.01756985314946,1.56102603137424,-0.0927043102882089,-0.483330712387062
"S8",-0.188317452790032,-1.39574540214931,-0.896635278013775,-1.81062385059213,0.497598693639799
"S8",-0.554428969061501,-0.0529094667824852,0.0689901228929917,-1.16400993877769,-0.79276356919114
"S8",1.04743565730349,1.10340267603792,0.00181215931351847,-0.499029837905412,1.82980472876265
"S8",-1.27930706215972,0.271331192842163,0.705135962806436,-0.774433610662139,-1.18318121364276
"S8",1.26212989976032,0.891506082548869,0.269079896692619,-0.682218927976007,1.36454312527793
"S8",1.24707665773603,1.39912655950576,0.431946820268522,-0.465906559240796,2.27497511124815
"S8",0.43930412750159,-1.07035001068021,-0.83668280497306,0.104178600545258,-0.367293895286032
"S8",0.329786917353666,-1.63307148678965,1.20362778885662,1.42697600539782,-0.183929948045619
"S8",0.142008094906605,1.42362357282909,0.881489581806845,-0.435387227739891,1.51791009240669
"S8",0.745776669713999,-0.445717950134996,0.870928838465233,1.07910257701416,0.844292885509607
"S8",1.53732481670913,1.55535673431417,0.718202100524542,0.228334965302189,-0.152004485229406
"S8",-0.388390283274115,0.439074964964398,0.768361892979979,-0.542459258462855,0.206076263756699
"S8",0.700821520426902,1.06412331217693,-0.234096366452681,-0.636109357935085,-0.388969215625673
"S8",-0.778753040906755,-0.403926321599039,-0.520555982441774,0.650045807685646,-1.91098623845331
"S8",-1.47710935058115,-1.34427305130126,0.542417576486927,-0.349105630088406,-2.2480276694831
"S8",-0.16277911427675,0.637699231427277,0.732834417916065,-0.385756943602373,1.31441863402467
"S8",-0.475945905151512,-0.0342411105685124,0.757092042777092,-0.333342596210454,0.101712290714964
"S8",-0.234077836507049,-0.940791898351532,0.854989819153504,0.745964271176718,-1.07687130892709
"S8",-0.786307354479417,0.561652645086412,-0.508434172230924,1.22122229051239,-1.47920115807329
"S8",0.200036903298792,-0.824243412461002,-0.0564695314001657,0.266968197534444,1.14884423545113
"S8",-1.80245571200128,0.563743510362646,-1.00896274771569,-2.06702496858402,-0.825048202691561
"S8",-0.489448976220356,-0.52313307817091,-0.982820458127404,0.78635164703006,-0.538339098910214
"S8",1.5410081856044,0.222856136010512,1.18553500009254,0.483423043417381,0.339216629274431
"S8",-0.51587809673654,-0.539111726485891,-0.790691766524717,-0.838233354305055,-0.4425977136808
"S8",1.6541608775891,-0.688199353013635,1.11620180554075,0.948529891321592,-0.0440892272883019
"S8",0.162966645951254,-0.687053844138951,-2.28544864186981,-0.902696057791817,0.456809656741316
"S8",-1.35426212011006,0.465552756630632,-0.805049844154388,-0.202506916714326,-0.819719903539194
"S8",-1.43058028833447,-0.647947572013178,-0.78996156568214,-0.478550924867745,-1.80858129364883
"S8",1.212577839767,0.300071799369738,0.765115703682192,0.0418144504040211,-0.911674578777596
"S8",-0.599558186374676,0.585453676356408,-0.124531758921833,0.211751323681183,0.142732392539479
"S8",0.119517517665483,-0.894960193916996,0.938950242610035,-0.0222449823540847,-1.52406912214309
"S8",-0.371680829684986,0.0927191838690255,-0.25346106687391,-0.863439148046639,0.601083542981697
"S8",-1.6886612729432,-1.54455945198987,0.49332572438446,0.0944317097572379,-3.80116274025127
"S8",-1.14481698940596,1.0005380865043,-0.688907753255177,1.60389871221331,-0.0206113369493672
"S8",-0.82876018091557,-0.556796261691422,-0.983159034897466,-0.425629687714891,-0.904354721381728
"S8",0.571402597645075,0.249686671345076,-0.700091267699192,-0.112965465676285,0.668191058743866
"S8",0.0244456998080603,0.741320389362796,-0.43341315633547,0.186472880930516,1.20741785804435
"S8",1.80101317552351,-0.513745926499136,1.03697437672676,0.828855581119731,0.504258880159952
"S8",-1.20079654570487,0.0768188623904714,-0.188484470693421,-0.0729928306860763,-1.38014853260405
"S8",1.52925634879411,1.50407129473323,0.726832134091925,-0.490346487445084,2.53397674298491
"S8",0.742228348489751,0.0997805841921241,0.167675153470962,-0.33445622601707,0.399200634192636
"S8",-0.873324486312163,0.460224413270215,-0.208873570648595,-0.0766323072019568,-0.727290465899873
"S8",1.00303441520134,1.47209526083171,-0.262742435607948,-0.689837348917449,1.70858979836374
"S8",1.92273351251509,1.89352277725557,1.51041747663143,0.882053224206172,3.21559140702506
"S8",-1.32567915278396,-0.580496369952432,-0.928455506768545,0.0842506796045003,-0.850955842109953
"S8",0.570798684549465,0.321096734881913,0.387288345361566,0.152674779163573,1.0022034763357
"S8",-0.778334546497219,1.36007684840815,-1.48096409294675,-0.49842181414393,0.199041913246639
"S8",-0.714897978716004,-1.87712955567661,-0.549254647557307,-0.24872895914741,-1.41821918043247
"S8",-0.482736966477441,-0.566676349374041,0.376601802983126,-0.400611116604238,-0.564445409616015
"S8",1.98142194084591,1.43828674948037,0.0434537293310187,0.512462208085461,1.93625208114778
"S8",0.0573964398455507,-0.187768301368891,0.246184140041322,0.788517330408816,-0.540513403275067
"S8",-0.44840890525504,0.0614855402238331,-0.0287566555528953,-0.0296785820293744,1.10460608821848
"S8",-0.694318636142115,-0.643167649782428,-0.00609631332591641,1.11882665833608,-1.04715833807622
"S8",-0.69702043397549,-1.05215280394611,-1.28802487889991,-0.203851049440412,-0.653722760886833
"S8",-2.56015506199628,-1.49279119819269,-0.712053717652527,0.0400287743062425,-2.20354066357111
"S8",1.58672634406161,-1.47878837623485,0.99628980205742,0.178834842823442,0.15313912170265
"S8",0.671534887003816,0.714060316490954,-0.580868846869391,0.267596593325836,0.402249443388149
"S8",0.765690651995162,1.47795165776167,0.0422485017610429,0.485021390196754,0.427229508656389
"S8",-0.715224943203546,-0.561949845551548,-0.874517139752312,-1.40013747725027,-1.44605867467966
"S8",-1.08864497407305,-0.256764829711263,-0.243967933504644,-0.214185593130156,-0.110460142329523
"S9",0.279208313318854,0.215004899935981,-0.986464403675115,-0.740234390371491,-0.258314357575631
"S9",-0.631605009325862,0.474385687282837,0.442202413339026,0.230440217789219,0.161961461154257
"S9",0.818164050564895,-0.920672754996987,-0.00498770558686664,-0.460521604734155,-0.143462860711048
"S9",-0.701431687118391,0.368804996193112,0.765038493006408,0.934816120889095,-1.40441811530751
"S9",-0.672187542748639,-1.91137091317281,-0.210901182554755,-0.134798607996087,-1.08576062326195
"S9",0.24580520568394,0.677624396597028,0.136448829576749,-0.27522942419428,0.277445584162768
"S9",0.610205944551817,-0.653031815212537,0.354083979967323,-0.968865677981833,0.619379148345813
"S9",0.288745215856136,-0.406984207042321,0.636044468150649,-0.427480422649472,0.0762631998715867
"S9",-0.485511909976874,0.580576805016119,-0.290815011241938,-0.547384151633822,-1.16112725861712
"S9",0.0361860005678622,0.176176092605837,0.395579370344983,-0.754415474602158,0.203920993165881
"S9",-0.834047859409605,0.650884808217552,-0.193512195460737,0.0988589319945577,-0.0835032671223688
"S9",1.19503964464053,-0.637971218588572,0.781854276388815,0.708881488408399,1.17184706660468
"S9",0.13132743891348,-0.718178661572125,0.547896913549127,0.489476106368153,-0.178549759703849
"S9",1.33175912635093,1.27583817785582,1.03046044494912,-0.231616959233195,1.50630511794058
"S9",0.399802106526405,-0.426701852770728,0.746354730561712,1.02934931315595,-0.573211578825033
"S9",0.944202784435416,-0.594185682497588,-0.285536308201823,-0.89579997159932,0.55690506332097
"S9",0.526013626994189,1.32915041793757,-0.08097199020212,-1.33556896121146,1.87996734621218
"S9",1.19628581632381,-0.24607887700986,1.62046036319801,0.928768527837883,0.0619082434876943
"S9",-0.301857272862589,1.45593054666399,0.833419186675553,-0.0592565259975874,-0.605458984083271
"S9",-0.168050786157845,-0.416108302512376,-0.313470097436441,-0.29397288930734,-0.28714994415805
"S9",-0.869838063971747,0.398732384748408,-0.436760680748699,-0.421469035442388,-1.88274434884775
"S9",-0.196849726818164,0.0801793994309942,0.048469360565661,-1.21372251102941,0.208097057544054
"S9",-0.477887064657119,-0.997763399711643,-0.811199607103964,0.699331055153287,-0.0268805909700799
"S9",-0.360155963487464,-0.381722377839812,0.00551185848819057,0.814804946898833,-0.608649327796054
"S9",0.395036030640806,0.654420170351002,-0.0773444392835218,0.0775124720709924,0.613596923652167
"S9",-1.27840636230434,-0.508407796384131,0.53800837128435,0.472967071508388,-1.3876688221988
"S9",-0.418957408746057,-0.837918414090772,-0.0144950101895452,-0.362529694961715,-0.895673019173892
"S9",-0.589069887264984,0.554804549632721,0.0331677876306744,0.17505423615143,0.334966495846844
"S9",-1.56445116463675,-0.700476521241279,-0.893782469659187,0.261586731980748,-1.11071642403219
"S9",-0.194234164135164,-0.64979590343212,0.0915571107361907,0.151525081199519,0.401235788249322
"S9",-0.292421635803846,-0.0571075188502479,-0.713744450407104,0.282686346567878,-0.204394055145777
"S9",1.0266311350401,-1.40714884942229,0.931088785990482,0.471326486262789,-1.32322594429466
"S9",0.966728783528012,0.582771692495121,0.377177391797569,-0.217533139024549,2.65496716316872
"S9",1.77441909009469,0.492203279160729,1.3755422547728,-1.22498912230153,1.21744108962864
"S9",-1.13359797947188,-0.206338853009603,-0.332643377253651,-1.13427574918907,0.741542544707748
"S9",1.14753564171022,1.12936108356027,1.01783508744337,0.512369414968059,-0.936787210273971
"S9",-0.629058136331024,0.291158570202712,0.400268351446577,1.49553922684592,0.650124698886108
"S9",0.558117704272511,0.904263426801114,-0.415101346006767,-0.2397072793159,0.658462202314464
"S9",-0.492688763835175,1.10540075913274,-0.4758436102238,-0.0705591117630035,0.276146980213651
"S9",2.10815145062304,1.11956375846903,1.18348041679032,-0.196619963579969,1.43986240380484
"S9",-1.19108523051673,1.56805028222306,-0.85109151565802,0.608569403897531,-1.10795372784151
"S9",0.0990343784346861,-0.97525198635799,-0.216049933765731,0.366671090502329,0.667379897353213
"S9",-1.40257454469555,-0.0475050366960928,-0.670902573179304,-0.5665671024491,-1.23726947747074
"S9",1.42969090073407,0.221146270168664,0.949029965276617,-0.231426616191557,0.851686899401113
"S9",-0.922105661774448,-0.532991902139469,-0.269101121756365,-0.586410503636875,-2.09228840900902
"S9",1.40161327339259,-0.445869334714288,0.503567202642186,0.313361404059017,0.277302270912913
"S9",0.357608854781121,0.312228660048479,0.554401413870432,0.380708389450095,-0.571996132965181
"S9",-0.227667659008398,-1.00971346812961,-1.05733024995346,0.355958805921277,-0.36379692094844
"S9",0.074732458090501,-0.429318582096667,-1.1314581981355,-0.265197775366693,0.271074261938954
"S9",-2.10847886259038,-0.468260496778143,-1.7854786777026,-1.02316423769256,-0.971580794772728
"S9",-0.440792748015414,-0.343534945921707,-2.04123492283018,0.810057747702899,-0.7364799326678
"S9",-1.63629437737862,-0.88580701814005,-0.715192612063197,-0.0587287538174795,-0.905367390884032
"S9",-0.109901223107156,-0.429704808593122,0.345270485208509,0.78618324784694,-0.830205153443701
"S9",2.2567852474825,0.0650075537883986,1.60484902099715,-0.200069371359483,-0.165673079346827
"S9",0.186845104951007,0.589778080656948,0.660031095552706,0.335416552877602,0.885715738879999
"S9",-0.574136261344169,-0.271632125531787,-0.680228417774947,1.38542390534311,0.896021932703368
"S9",1.34268842585289,0.523483968861966,-0.149720279323857,0.109337916327769,0.120026268894491
"S9",0.0971445084853637,0.105431238898376,-0.217851866365921,-0.0874102911686356,-0.224273980595927
"S9",-0.221080739688049,0.0558281110896482,0.1575758574507,-0.0889517125251359,0.688147030286817
"S9",0.26710823850826,0.103035446072428,0.347690603196257,0.852971722905884,-0.0416796955723151
"S9",0.159781212726577,1.53399939051314,0.53210362309391,-0.546678683572109,0.227034958307727
"S9",1.72061471489205,-1.17951465218656,0.714760508486382,0.423579426385142,0.299187308440032
"S9",1.80683249718658,0.198510228147805,1.08978238819354,-0.188188759013357,1.37272527671068
"S9",-0.0851524552713989,-0.361479223921496,0.048140609145175,0.550312308162197,-1.23109004059417
"S9",-1.03561110648314,0.353596261496747,-0.00499060667878784,-0.303483078256929,0.0602270590425375
"S9",-0.0418591681332323,0.0975737181374893,-0.0243346295516412,0.811983829603496,-0.0417012367141194
"S9",0.0109998760973499,-0.633095335373267,0.144992493903234,-0.703261341567065,0.56215047859137
"S9",-0.381317757253899,-0.751978216666096,-0.468651123653622,0.0501475780231755,-0.141406727377159
"S9",-1.28658571187513,-0.171746391746055,-0.751711653614034,-0.337822372543869,-0.602347803326241
"S9",-1.77027290157704,-0.0486730057197831,-1.70467129896336,-0.260176854837294,-0.355577293813073
"S9",0.538797371981804,-0.140236927416728,0.128515235641693,1.00630600960932,0.828214199880454
"S9",1.22189053288078,1.60671733157038,0.91270364764449,0.139830469873488,0.917672306477311
"S9",-0.0377800870638714,1.18755549855553,0.516769000689556,0.447691747277845,0.953975248706456
"S9",-0.113869165111188,-0.699355023199027,-0.43202268466018,-1.10225795110548,0.487686142146921
"S9",-0.0769054709535822,-0.0291367208700965,0.207258615230677,0.165345293195518,0.0846425412363821
"S9",-0.411482342586636,0.0615100770991744,-0.2403757905719,-0.192749892200883,0.612566558953184
"S9",0.908434885039871,-0.984195272775984,0.5220134730749,0.0536359680390604,-0.582032784526171
"S9",-0.520778306889869,0.111263615068729,0.0131476843656939,0.196635145444214,-0.325753748237354
"S9",-0.0154912258965922,-0.15672182061927,-0.321793496346032,-0.695041611724155,0.9765043547671
"S9",0.349435505872044,-0.721564658756347,1.14893128851159,0.722330169195845,-0.717258301447742
"S9",-1.29299164084112,1.18582110083938,0.651061957134545,-0.857968586431264,-0.464489365772686
"S9",-0.0478452616724638,0.333944798001638,-0.254571912574048,-1.10420010031547,0.531826571676464
"S9",0.0133454479421112,0.121358474538729,-0.421427993333182,-0.532201597117352,1.54559186701523
"S9",-0.446958426598043,0.0716915730941297,0.693403768696092,-0.20140242143721,0.163200833603566
"S9",0.817223111649536,-0.0412281224158867,0.011884541385524,0.392779223078522,0.614795958714937
"S9",-0.730461895044097,-1.56602988873521,-1.10827763529709,-0.0701984740712345,-1.91837128880976
"S9",0.233964751663385,0.0178497559294613,1.56657756712863,0.669578314261271,-0.201266390435811
"S9",-0.754307928128995,-0.666481997161398,-1.11593455820707,0.709315104224257,-0.46725854093727
"S9",0.429360872761725,0.417365182914509,-0.0307120555717986,-0.2780117952694,0.693942684147432
"S9",0.0657146814710057,1.23625758952586,-0.393717175198211,0.0663659738915921,0.829854169085607
"S9",1.06560980690292,-0.32020008918193,-0.966800454484742,-1.06623481980355,1.43034169916364
"S9",-0.286963096333458,1.36952022205893,1.00666136812311,1.21894037911812,-1.19194019736957
"S9",-0.0258583112223689,1.19550895211322,0.650133603647814,-0.383043868345058,0.402837334953095
"S9",1.01873051649233,-0.672906283344037,1.15830771864026,0.472842165101402,1.29425289497029
"S9",0.528887189319522,-0.726265409030806,0.00293666272056183,1.1086577897174,-0.262809568937267
"S9",0.570187122501003,0.922685979019165,-1.19358162677487,-0.188289118965943,0.855450019953329
"S9",-1.72037502013765,-2.67584665015848,-0.778451398418255,-0.766037403093215,-2.15140983805644
"S9",-0.847784286695412,0.25002955525609,0.321931912443085,1.01516205330808,-0.343990484083506
"S9",-0.867160817459896,-1.48838718493709,-0.212746710239152,0.975252967763391,0.00216318244141822
"S9",-0.997784179270715,-0.303751999349263,0.187313665734213,-1.17931219225976,-0.0680835143599731
"S9",-1.66921161255948,0.154335856256352,0.697933224137826,-0.404703002007848,-1.11628647911704
"S9",-1.17336747443856,1.55094991517287,-0.408747637904406,-1.00333785806578,0.422006103465414
"S9",0.732268298433277,0.967313841444993,-0.499089833423439,-0.0873435510551504,0.45616756595565
"S9",-2.19745764842245,0.042909429610676,0.0884098483258435,0.933868751778871,-1.62427766952418
"S9",-0.316035670953507,-0.605333973380308,-0.891900085573109,-0.542462458511612,0.291915306482801
"S9",-1.4487569082821,0.33774099754976,-0.728310282256008,-0.933044414202506,0.0406978056384142
"S9",-0.214348277373523,0.151696013546686,-1.78640985347295,-0.122744822035027,0.732630305964828
"S9",-1.40661546586787,-0.48440930962095,-0.55511703962269,-0.569366157227892,-1.16342277716721
"S9",-1.43134435570414,-1.36321788951863,0.335116195683127,-0.493167248551228,-2.59508263434945
"S9",-0.463048410761357,-0.862815742886322,0.59670056048819,1.06704874469049,-0.604246503493313
"S9",-1.68871925586587,-0.0659849513682267,-0.965970621534543,-0.276276696137769,-0.00536020779329971
"S9",-1.10136932217152,1.56609058569873,-0.522176801134872,-0.531635423975692,0.759173603326126
"S9",-0.851384199353427,0.496233295158448,0.816768825037681,0.639394939754963,-0.248337380028362
"S9",0.0695464244499628,0.559894700011169,0.0511067678929815,1.65329215472008,1.0504328116105
"S9",-0.314154380170384,-0.177628072284045,0.300477886799822,0.0622607131634981,0.583698266006662
"S9",1.49066452704897,-0.262682571053206,1.11074759952368,0.782313044419292,1.85211317821241
"S9",-0.425637426744415,-0.252381872391422,-1.73257010916611,-1.68577440316871,0.329121770644934
"S9",-1.31296887874494,-0.190067972547931,-0.574509622811896,-0.367721705976657,-0.469965582605442
"S9",0.48638684202792,-1.76242734037863,-0.588151701406905,-0.543299498926259,0.95817281919436
"S9",-0.0870693575045481,1.08833763939989,-0.587077322329583,-1.14678696245367,-0.201751893501517
"S10",0.582311901442425,0.38103181325024,-0.558515810934404,1.32828944537657,1.26305455858414
"S10",-0.783939852431648,-0.929833499914376,-0.626433745020384,-0.676518511445696,0.191446824078581
"S10",-0.226634260251646,-1.54033723312939,0.139185839727176,-0.431070885577725,0.772232056853867
"S10",-0.349690867144924,-2.17250232317084,-0.490348020130651,0.219440549480615,-3.32460789382952
"S10",1.32062569165579,0.601211380935162,1.34146584077817,1.22370105669077,1.2458441442722
"S10",0.885530583091077,-0.63498776484179,1.5510802955986,0.686974087039936,-0.434046152167439
"S10",0.386882247480859,-0.758836430984798,0.182621106547018,-0.639727496526482,0.354551262870923
"S10",-2.94107672416482,0.0393075826435477,-0.725475476190877,-1.44647672150639,-2.53118246291481
"S10",0.0663921447563881,-0.26530670468044,0.0586122634196722,-0.106187870883914,-0.69103808770667
"S10",3.29133169447166,1.01367461415341,1.66096321300706,1.19648138029597,2.69718503479108
"S10",-0.688771948187195,0.537200619116296,-1.87050838187646,-0.588043808412205,1.22945288465584
"S10",0.286597585355314,0.570890454515452,0.832804455148973,-0.487902267770434,0.474467241868386
"S10",0.259673953413644,-0.652794476799175,0.0770718595632638,-0.0167370172101807,-1.16947351974548
"S10",-0.293983401050958,-1.28141483195458,-1.41124613533856,-0.343727768675635,0.284325218591445
"S10",-0.282412760482142,1.06773150328477,0.156954759772419,-0.33672320783078,1.27419784347846
"S10",-0.369288366357791,-0.712776236060994,-0.630009731932995,0.322628638752684,-0.214961148042114
"S10",-0.663383594200737,-0.105268700233994,0.524565449061527,1.22495689897831,-0.565020768462391
"S10",-2.36436254470398,-0.536911251403598,-0.42830471992723,-0.31637160443173,-1.53005753228007
"S10",-0.79687250372395,0.433565601811178,-0.611912344487828,-0.690333988422022,-0.692916270426654
"S10",1.12585125828713,1.59943437980488,0.199087458903608,-0.946292894152848,0.717291377253066
"S10",0.0686028322640702,-1.03089387085317,1.16771589214102,0.297005378901452,-0.887369845357763
"S10",0.610035733666484,0.60839732256442,-0.058261917502629,-0.856652226338939,0.251499586904919
"S10",-1.69214741831563,-1.51810381542219,-1.34481752414262,-0.46200811403301,-1.2673539501564
"S10",-2.24149995525657,-1.52819970137874,-1.30219932257982,0.334771734123239,-2.74613623534599
"S10",3.08975273699183,1.71569061212306,1.27152192331265,-0.03917241175792,2.97345378170375
"S10",1.53404661478592,0.70693834142518,0.605272357691447,-0.477386659563391,1.60787488413389
"S10",1.06947659276866,-0.542781695813866,0.288437731537677,-0.182337538069423,1.93542019206151
"S10",2.85892256667286,0.210841314642939,-0.258337096166715,0.43881265016261,1.53235094240273
"S10",0.600059770083052,0.721276421171308,-0.653812381529271,-0.521125391421193,1.69584151892355
"S10",-0.33093385071363,-0.104748898753738,-0.037139597876561,0.0968696537020499,-0.0598274256790179
"S10",0.374780579168015,0.499571646758335,0.407478182204511,0.0622527564846966,-1.79931341160443
"S10",1.04882227674965,1.53475102430673,0.727620809005327,0.408020787179632,1.34745316168755
"S10",-0.620654204197095,-0.745072423676202,0.277686148050876,0.201945071252244,-1.01374639017758
"S10",-0.713290785901499,0.0425602870432348,1.01462198691386,0.34034592442282,-0.442796147309068
"S10",-0.482532282228565,-1.11356452002442,0.021146285829556,-0.807501650044579,-1.45720405409308
"S10",0.225180096717062,0.978100537239948,0.220428296278778,0.664617945948337,-2.02747483140624
"S10",-2.59859839586513,-0.0241044625558783,-1.45123937447223,-1.24561967058572,-1.56994392059346
"S10",0.373184796574392,0.226342426402885,-0.136836407442274,0.351162014810847,0.13285817306601
"S10",0.851523123883704,-0.43272808059348,-0.178648881006828,0.34265769618171,0.807743869547124
"S10",0.132357339749651,-0.223474791262463,-0.41352816107024,-0.0806105927797072,0.219815879610445
"S10",1.39839959665886,1.39222685655214,1.07754851664274,0.49852856273711,1.75050089072523
"S10",-0.655461146619659,-0.791177315595425,0.312890474133448,-0.642550622878031,0.0708682489430503
"S10",-0.0589260480853951,-1.70046350607855,0.295412959416625,0.108518961779279,-2.06899451394994
"S10",0.234864515076965,0.471950235041647,0.643179605396239,0.249279157724042,1.16789712149913
"S10",1.14925380318476,1.11085109014899,-0.542468586586424,-0.140528650136543,2.80973453549893
"S10",1.52704804378205,0.293898076841599,1.07933302824308,0.0129516850945785,1.05548976352213
"S10",-1.27770679785678,1.35635600677674,-0.0946501395843386,1.05191140098713,-1.67621171163668
"S10",1.6423805517658,0.898428164817302,-0.987283005413266,-0.761089457857577,2.49985080232653
"S10",-0.6030062521636,-1.87926562398396,-1.0698203128673,-0.248147497862563,-2.19567034457929
"S10",-0.90817637175102,0.0451145447675901,1.1605359575585,-0.210085636377317,-0.407367925067776
"S10",1.21672056700241,0.493184835335515,0.620726459228554,-0.144844994788097,0.71894854109281
"S10",0.805992206319436,0.839714991269105,0.650699375943911,0.0288990178615035,0.665018873694373
"S10",0.0115847329383781,0.105609645245484,0.371114193522105,0.187438358486379,-0.576893409048542
"S10",0.778337149646223,-0.25202473141594,0.233075890812761,0.121165585329816,0.545610445549985
"S10",-1.13836875226374,-0.714527159005148,-0.178585689412371,-1.81219821301908,-1.10758162214235
"S10",-3.2690032145958,0.646428872988896,-1.24479840521366,-0.417399866740316,-2.76722471256265
"S10",0.916005529106783,0.460884577227407,1.75381789777644,0.124844211174035,0.557070171753537
"S10",1.13433304304787,0.460331051558321,0.145406808905742,0.48298075020579,1.27685191074932
"S10",-1.44250713717679,-0.0442204715226089,0.21779168124941,-0.761874079336348,-0.829368505700393
"S10",-2.17222851015839,-0.491434974197587,0.0961844076433767,-0.231974088819229,-2.22600639039095
"S10",-1.22259801178076,-0.952629681633965,-0.208142712833189,0.331241287452611,-2.20389361981491
"S10",0.970258381803505,0.369329286784489,-0.321382351915786,1.04491540455805,0.801188751308011
"S10",2.01586831413708,1.95712891860022,1.73667102452609,0.107353121532175,0.940806394574193
"S10",-2.09824192129011,-0.617204422073776,-0.868646069808361,0.897950061214289,-2.42808904064366
"S10",-1.00728968763912,-0.790798748352533,-1.17521748679203,0.871517474381774,0.546932257987289
"S10",0.236204008378848,0.593569739560234,0.0982306603778953,0.56317590738255,2.54702757155268
"S10",1.57785954951063,0.337942890966406,1.41339657615871,0.64657760984377,1.11855456015194
"S10",0.916837212942938,0.354716283497272,-0.0592800949893731,-0.524502221511106,0.886249083515252
"S10",0.112186911723856,1.10678850408271,0.326958527866294,0.55735981886921,1.01474982244526
"S10",1.09153654731498,0.573143307098947,0.522577781964496,-0.257786125774923,0.868633428379548
"S10",-0.0592654424037528,-0.372137735912312,-0.418908310163342,-0.599682141981224,-0.248127092829685
"S10",0.211385506548706,1.08798258679379,0.287498738751604,0.673030454769056,1.47815677055579
"S10",-0.158962435016282,0.0446150449429275,-1.13789394561378,-0.735196019470714,0.827435504389434
"S10",3.05719233777288,0.447456106946494,0.560643045886959,0.750975022820607,2.91835955860149
"S10",-1.59647586819393,-0.377821051190331,-1.31168588084577,-0.234455038964556,-1.32125722516844
"S10",0.298787751216568,0.636737036239906,1.49789526073919,1.44059400803119,0.0612679139730061
"S10",-2.05663783307908,-0.950572688314377,-1.37413774381658,-1.55427479691088,-2.78280555864298
"S10",-0.818563978303248,-0.633535265178035,0.20341112712381,0.375000971838881,-0.641131200707128
"S10",0.120291397844495,-0.0510746969267407,0.382385064617634,0.527434959663703,1.19746731700107
"S10",-1.720360545959,-0.396931415453888,-1.02974625805662,0.792793764199523,-1.16488765603755
"S10",-0.193799017006804,0.479100401668487,-1.3110710778242,-1.02652302345141,0.75935345839674
"S10",4.03771402478118,1.53414579178861,2.18318056692011,0.117216325651586,4.09602076989924
"S10",0.40266591650545,2.19474043572705,0.624820329918048,0.454494498050004,0.10736621657302
"S10",0.911264622997801,0.881959964243035,-0.466129661808673,0.255973455909813,2.16103821067479
"S10",-2.61547016768569,-0.539032446750899,-1.64125103263571,0.871323995651662,-1.38523783287472
"S10",-0.177858162187907,0.799749827623768,0.428639440329064,-1.42849503181857,1.34277900824342
"S10",-0.661630219304308,-0.480886117788195,0.536714905670207,-1.53162540717435,-0.256336607646854
"S10",-0.126173166683791,-1.96204320093393,0.263975678873273,-0.0615771012590157,-0.849112376121356
"S10",2.11823951436659,2.5358655557342,0.791258182254543,-0.0872927815920041,2.6807884374321
"S10",2.98040812566066,0.80645238165182,1.09050440456063,1.42258596973065,1.11884268693324
"S10",-0.117460278759727,0.894855149024328,1.31102126065425,-0.235774695485118,-1.30178107345662
"S10",1.34947632955993,0.324698516583429,0.914739801839236,-0.242142386777113,0.382319576674551
"S10",0.656237651921726,0.782102471413477,1.99535499580334,0.332316874249253,1.73153412390519
"S10",-1.60248467498824,-1.0460888314014,0.616878373127944,1.21904903103712,-2.60357264147524
"S10",-0.66096277280678,1.8946782887633,0.314425811969589,0.0451188795995736,0.959468347717808
"S10",1.58208749777568,-0.209001722724479,0.219113227852786,0.936934883623811,1.61573294257226
"S10",0.484517054878037,-0.889009715011454,-0.67065389909139,-0.109005623053626,-0.296064204079131
"S10",2.84314808649419,0.778163470575839,1.14321710395153,0.172278688732487,1.53274680150442
"S10",2.12273048107152,-0.0920733918794073,0.402459415574369,-0.383178850167822,2.22877806673093
"S10",0.891681548152953,1.38072104494849,-0.631027723026747,1.34930340539182,0.948595744664196
"S10",-0.376317496008097,-1.31987157519446,-0.831526434404016,-0.197467275538802,-0.346800926468175
"S10",2.15742047047556,-1.31461353724324,0.702978548498592,0.332962534604103,1.11927167216563
"S10",-1.09788644743267,-2.26448529378883,0.0102230052356175,-1.15990938537045,-1.46535442706421
"S10",-1.02511908629654,0.507677465766899,-0.905860654871247,-0.599845329665014,-0.117328408192028
"S10",-0.497139519636277,-1.01603273422898,0.763214645908205,-0.130761594281719,-1.51004818061627
"S10",1.60670601682536,1.29550098020564,-0.353249985303584,0.804729683510592,1.29874827763888
"S10",-0.712240617660833,0.435486993255046,-0.502507091190826,-0.427135824720731,0.220477544957851
"S10",-0.242667159455853,1.10154707193021,-0.23131193298055,-0.00088645875764148,0.454581044033786
"S10",-1.89300717662127,-1.10163725948079,-1.78817850801458,-1.25487063960288,-0.463298454191888
"S10",0.6898286595395,-0.320326391503068,-0.889426687340481,-0.862650572903191,1.07421567641616
"S10",-0.799429515761098,0.614596292833683,-0.978645989512846,-0.146320986427308,0.244769089102309
"S10",-1.05922640628988,-0.243933242292268,-0.392395944616187,-0.995805293115203,-0.222524757699243
"S10",0.438172878031955,0.0418681451478454,0.718220445991503,-0.567744975279197,-0.179702519020192
"S10",1.10669700168892,1.57057306466502,1.38046076826802,-0.855960651979763,1.26949167763601
"S10",0.798638479704561,0.18083281466962,-0.0441061621136479,0.396007676011424,1.08348817094136
"S10",-0.194054533570177,-0.865662415192804,1.25348015297873,-0.163285757793166,0.310794381880503
"S10",-0.812582612354438,0.0155691306871846,0.120444268915392,0.161856766648483,-1.95167735911804
"S10",0.188166715245359,0.512640034260253,-0.346366177689083,-1.96219543786626,0.881625332142926
"S10",-0.427830618521244,-0.14185777631114,-0.488065190351379,-0.768711875908277,-1.14912587874293
"S10",0.64777293611143,1.57348291533412,0.521911567686607,0.24410219391924,-0.00890399224202321
"S11",-1.42777380072757,0.0526077167347946,-0.346985305483522,-0.775335861868946,-0.0427998543213794
"S11",0.949402295833626,0.413808423616059,0.3020675078686,0.00174319875622418,1.25341849655981
"S11",1.00995063715653,1.03960192067033,-0.360978218532927,-0.065041868003393,0.738458052987869
"S11",-0.0826462257451586,-0.75456472581759,-0.121645143471324,-0.880636053947795,-0.532997177993456
"S11",-1.14931963178724,0.147614922789538,-0.113914998035676,-0.942516258259067,0.626219075497966
"S11",-1.18736590057917,0.778302180238696,-0.556229680465428,-0.410477701240482,-0.247653916761936
"S11",-0.5733710262781,-0.713670783034421,-0.506441345544347,-0.647146299877447,-0.877258505919933
"S11",1.1259035151014,0.904393375807969,-0.371910374395032,0.77764600268277,1.91490225401954
"S11",0.684124099514048,-2.33029769320028,0.876789439327998,0.162565072129027,-1.35552429298116
"S11",0.79786374943683,1.03262753224392,-0.136371560907717,-0.0724383663705359,1.50291206837315
"S11",1.04541884565043,0.794077153613109,-0.338282889861974,-0.30976905827263,0.946895942739184
"S11",-0.371444148830887,1.33887352321553,-1.1968472271734,-0.489032446968115,0.863469037020094
"S11",0.528530105619805,0.447467017263722,-0.476673310726151,-0.0383508434286599,1.46755501499887
"S11",1.69260878621987,-1.07802213775186,0.530291813112256,0.615881065619237,0.655249341365168
"S11",0.906351575924502,1.17599602868671,0.0611389227017209,-1.04342536567298,-0.580731597005516
"S11",-2.16087844071255,-1.37899637138011,-0.110562913486657,0.978639751652841,-2.08799166900615
"S11",0.0215432147483504,-1.77966850779202,0.177262507227083,-0.0207567830255994,-0.625895612144469
"S11",-0.954326548788975,0.845572910815844,-0.655654935364214,-0.209533964995608,0.233374078574266
"S11",-0.707186241952748,-1.08109488811248,0.255953391096052,-0.916510712112665,-0.0617526967367539
"S11",-0.0313980783712706,-0.906554903972902,-0.268787798830171,-0.587958186032961,0.908916766889327
"S11",0.934265003372336,-0.976076233554522,0.0158114010815288,0.982598842597748,1.77139028722278
"S11",-0.0203101628498742,0.457883191934439,0.0753371664314343,0.816050741711841,-0.372499908697117
"S11",0.965617966477406,1.20270810094722,0.735780568401413,-0.60660209970113,0.625588673736825
"S11",1.57253528605051,-0.732120034403348,1.79404639255628,0.359773428174377,0.379466888109665
"S11",-2.08890435243054,-0.323659190832993,-0.516819071199716,0.438070291544027,-1.68130864406468
"S11",0.100522258425322,-0.140512119701393,-1.13617920710868,0.182918008359646,1.53101532628353
"S11",0.594536437233162,-1.4588569079317,0.668531907172813,0.237199347184381,-0.551533159940765
"S11",-1.80639358600512,-0.940103151081008,-0.74502207516364,0.31759936449869,-0.280838859845528
"S11",-0.350828008212467,1.58181822812957,0.137653825575505,1.18085134861874,0.763282648307539
"S11",1.9265339575145,-0.0023076863368082,0.214866818645493,-0.404772177913774,0.502902817345576
"S11",-0.951538464634534,-0.264047584494903,0.737960019927452,-0.953450755330735,-0.733410892634107
"S11",-1.75052205462612,0.0856954031876171,0.0465788819445117,-0.653080762903054,-1.42967191276031
"S11",-0.129903942244537,-1.08925540683142,0.533036425381524,0.648084861240968,-0.0327756634525663
"S11",-0.126546640822583,-0.670643091112097,-0.0279940021483667,-1.11577600716795,0.543153035840508
"S11",0.72392588450357,0.812683107107424,0.777634084864562,0.615022976664802,-0.229791784058984
"S11",0.551030120303296,-0.56528747974298,0.453300427766008,0.270484204811207,-0.563172948005493
"S11",-2.06467223955965,-1.26167105943456,-0.121710047680889,0.0400249695264072,-1.12258680392428
"S11",-0.069885647254265,0.140248256786298,-0.803507252320366,0.287804258538841,-0.334671485056903
"S11",1.07918906980932,0.864752508322166,1.97198047735116,-0.0456370461177458,2.03344472686175
"S11",1.92955634006596,-0.317599664562458,0.506608865527092,0.71990773101547,1.09090091347387
"S11",-2.55564776979001,-1.31082660457704,-0.932856544372326,-1.70299738533674,-0.26771663187126
"S11",2.47528976052271,-0.248427412109687,0.35416690660707,-0.469593202870838,3.41606130462257
"S11",0.522568183026058,1.16831191929614,0.115682188867998,-0.179137710435995,-0.423881603466919
"S11",1.39720038880281,0.380116493905933,-0.100186753295664,1.14495577145011,0.589777447805658
"S11",-1.19772782819119,-2.20283765345839,-0.68802990124986,-0.86051016432344,-0.44483470428041
"S11",0.937869357228319,1.5225957535251,1.34976681196008,-0.109191491963373,0.442344922078693
"S11",0.858738328434141,-0.133106316510162,1.13943693690749,1.30709572623747,-1.00364812231588
"S11",0.820922259172379,0.317214545222434,-0.125607006143981,-0.181725235483918,-0.0118757172866844
"S11",0.66199107729808,-0.489066363199452,-1.37815520255259,0.698841309150621,-0.777634131043039
"S11",-2.64994043212379,0.020328387121278,0.39678200752099,-0.440441322968309,-1.27006052770809
"S11",1.83431331952595,0.616724977187969,1.15189638300408,0.402812087756881,0.905568846250453
"S11",0.860396378655469,0.643676947358551,-0.123516911300749,-0.131678846981819,0.851863682629259
"S11",1.45563723538718,0.507895104187231,0.0263647782010485,-0.432257138577732,0.512411677568335
"S11",-0.923338833019047,0.1500202575273,0.29034381404242,1.14116387523969,-0.343758312690001
"S11",-0.242963732281831,1.22952016276374,0.719547929431727,-0.107703279824241,1.74669047790937
"S11",-1.07318273680715,-0.525204298620055,-0.708207145965149,0.321125107730007,-1.88907653309736
"S11",-0.538905591096647,-0.610771963618752,-0.819175430676845,-0.238848564781155,0.208472160356063
"S11",-0.385261446784031,0.569035930858728,0.162023791130317,-0.155121215328675,-0.714532139461678
"S11",-0.514273003864579,-0.143448968318642,-0.126860879913369,0.318690420928003,0.641087334770268
"S11",-1.52175531976762,-0.539153603777965,-0.921476390519584,-0.140267184378175,-2.56290922176132
"S11",-1.9218187932731,-1.32754124590064,1.3918875746701,-0.0967365315991906,-2.01533122164416
"S11",0.0974778716591,0.188444931481138,-0.67107792717264,0.223470887763206,1.39266247299747
"S11",-0.223008087044246,0.483451884514436,0.776607802048723,-0.598345421116043,-0.576426941788495
"S11",-0.998125649843491,-0.104818782773059,-0.147198430303746,-0.0572153079734627,-1.46313097766695
"S11",-1.13878861570191,-0.320023596259816,-0.171298086369348,-0.119691202285706,-0.388547597796094
"S11",0.239147775523471,-1.52173443293112,0.308260836560709,-0.657675401143678,-1.46007321282269
"S11",-0.98730247596381,0.319934396969862,0.27605539511756,-0.0416370381980452,-0.968600303222936
"S11",-0.390826796161075,-0.603636305215513,-0.117563530458715,0.113089394655912,-0.927883757066424
"S11",-1.24724621007842,2.05023226637649,-0.30403208654524,0.59568647292632,0.0555285200372477
"S11",-1.05782314747033,-0.525454902063821,0.0771280239465158,-1.17653999207789,-0.989731413741732
"S11",-0.0224387927070871,-0.928384144325812,0.22001275920452,0.631109247381793,-0.513157029596731
"S11",-1.75235894603137,-0.980494519849023,-1.00062267491201,0.27391440749927,0.142642783889906
"S11",-0.649311044045232,-0.671910328639517,-1.35630289805659,-0.950463446924042,-0.594967530458563
"S11",-0.00447445572326108,-0.330867925022656,-0.269666499218845,-0.070324032070295,-0.54224600495942
"S11",0.727976059403918,0.768155826606561,0.0774540820366961,-0.28305706081277,-0.049802128468203
"S11",0.917442862002006,-0.542669086191797,0.635170308494997,-0.595916506582009,1.29073365863622
"S11",1.40753108510148,0.411510983885268,-0.348655955548699,-0.603982212502307,0.693682472327088
"S11",-0.350860665674204,-0.173998157233201,0.933776885421631,-0.33787927420258,-0.0726191618138879
"S11",-0.891329843166328,-1.14737949692896,-0.840318860209447,-0.556058703106647,-1.3807847766264
"S11",0.80295498212616,1.30116728238303,0.213215593058702,0.454082214555545,1.16839808959719
"S11",0.827399750208964,-0.549074317816959,2.24609364996067,-0.0104291223980376,0.274502969456846
"S11",0.130733047077724,0.295292551826861,0.606206940482524,1.14644119301372,-1.41707194320988
"S11",-0.78079101485992,-0.986078951533766,-0.258393251834967,0.432206265731182,-0.381391432261239
"S11",-1.32019191609199,0.527792812828552,0.0232999559498645,-0.438365175084395,-1.25767681936111
"S11",-0.218485555500492,-0.592227243602853,0.465749120329351,-0.0368723427802628,0.0878207884950328
"S11",-1.10863474795784,-1.01839999174636,-1.36734440670184,-0.562833770556241,-0.14534467836609
"S11",-0.282570607745224,0.836283634457146,-0.247585981581971,-0.24626184850861,0.0532583287813644
"S11",0.725773389719742,-1.04649814802889,-0.107070169189139,-0.54514803275024,-0.648555180699641
"S11",-0.728749264127053,0.363692477770131,0.133209312552301,0.673093950043054,0.478088016276557
"S11",-0.839802762525908,-0.767377139407264,0.0179633746633503,0.67896939954182,-0.339514351546179
"S11",1.09806437615928,0.790920642000485,0.448352882414859,-0.902607184399257,0.571422174805226
"S11",-0.202727475662284,0.394710154604111,-0.992992006201508,-2.0387081073034,-0.00980344398312744
"S11",-0.786107776967962,-0.38000582451816,-0.0835683264252456,0.233704251421419,-0.876672620503779
"S11",-1.79887491022535,-0.893503805194276,-0.467996471586662,0.366207913195419,-2.11960988024442
"S11",-0.490620901341061,-1.10688976209083,-0.477632031833744,-0.682051453302508,0.436364440104384
"S11",-0.281435062629446,0.0275482160823085,-0.096118929799845,0.235718462659878,0.0541435691902417
"S11",1.26655663577441,-0.699879867569699,0.921055855002822,-0.583332351714423,-0.587420445433668
"S11",1.15361269312649,1.72354004368254,0.845527281112053,-0.803335539650926,0.680635679761585
"S11",0.399942489412944,-0.807231996792098,0.778472646437689,1.18656493550157,0.943074273547575
"S11",-0.794479122964518,-0.759554131949933,-0.0420691893386266,-1.08302437238078,-1.68046377622145
"S11",1.41530118848474,-1.8141019930872,0.335231396850827,0.0579649309962673,-0.6947924471951
"S11",1.32776227720475,-1.42097666317869,0.409032079741312,0.114490194366952,0.872137344230608
"S11",0.693670852664626,0.777749670169555,0.108353394693909,0.631238232701702,0.683888621102399
"S11",0.254775047710912,-0.215523211377869,0.447483983023554,0.692223470142817,-1.04057137370477
"S11",1.99402037673479,0.0733457061227708,0.747771478342104,-0.720503951450366,1.21117415474106
"S11",-0.547836828683951,-1.22488113559327,0.152584309629637,-0.648236215373991,-0.195652239782639
"S11",2.38656002634989,0.731147773288823,0.686229493414525,-0.335562275434647,2.29464127164139
"S11",2.33075589625882,1.33366961777658,0.968290671859538,-1.01762223499095,1.7498953767007
"S11",-0.503131804434554,-1.19102501854352,-0.0211471101396534,-0.0636381753432258,-1.98620412462328
"S11",0.130534003747399,0.128662197855381,0.621098787503644,-0.294535384899821,0.31446954175465
"S11",1.14532303125394,1.59327385213771,0.0342963847606187,0.179697897715313,1.28443837043939
"S11",3.33603143324098,-0.0993713030801565,1.31390817025483,1.04970189311548,2.33264813823338
"S11",1.52106121513635,0.589006696653085,0.416285408688278,0.088689754348222,0.527160129597133
"S11",0.871323596502984,1.0244029336008,0.742388559900324,0.953402998657447,1.39047356037155
"S11",0.0100818940405497,-0.457331345735638,0.688156275280286,-0.101579330518871,-1.3474798335539
"S11",-1.31795180491577,-0.682980817194248,-0.748758860955839,-0.849917735106396,-1.26798415769266
"S11",-0.677126808564058,0.256643798861132,-0.258972869162343,-0.312301603073559,-0.844334483721851
"S11",2.0765806336527,-0.805406001711483,0.563184602654978,0.432767319767552,0.470839355469639
"S11",0.415133870999246,1.49026249688818,-0.741208699055057,0.161392134911402,-0.247467878164394
"S11",-0.24896477684068,-0.997999253576273,-0.257395214581168,0.45538884434246,0.00332061392323274
"S12",-0.0696823811530503,-0.159463099417392,0.183220054411137,-0.176641240198367,1.63540000889585
"S12",-0.369963047396129,-0.232729458194934,0.650447657657347,0.364740844739419,-0.290231607380531
"S12",-0.300005400710235,0.157138941321436,-0.805986969902088,0.0630758930187022,-0.294961098676951
"S12",2.56423111429861,0.336083040765483,-0.435748302953523,1.24287575623144,0.769716371659447
"S12",1.58402986545677,0.401522976587566,0.903088801814406,-0.0512356818892078,1.689115774349
"S12",0.663645870585478,-0.564132590345437,-0.429672983381855,-0.0801212136488699,1.69393674655932
"S12",0.73740099777211,0.785268394817486,-0.669851284407136,1.01805101225415,1.18113504259925
"S12",0.606419039770396,0.0894954432835325,-0.47758579545275,0.437468532957732,-0.740961791212818
"S12",0.188236163464863,-0.962946602900457,0.00817353264209328,-0.157434157567397,-0.648552550075304
"S12",-0.39604601800723,0.493715152425425,-0.985708951542667,0.130888281021429,0.871050243779364
"S12",-0.708640924899434,0.137319655529883,-0.322742505065872,-0.396588504709905,-0.923565992406959
"S12",-0.0660966700505047,-0.453859482762837,0.115030201784771,-0.557469021354272,-0.0763474574261121
"S12",0.077282852983857,1.29730785574056,-0.37017255498316,1.02985462853126,1.06627153098482
"S12",-1.67548272555807,-0.702320615343173,-0.584865057812214,0.420569238841484,-0.853367651823703
"S12",-0.910940384569331,0.248723499219938,-0.82917597371452,-0.770250852258682,-0.200324127005055
"S12",-0.440892995627231,-0.67711656846329,-0.568833534464494,-0.377651779669568,0.452296391521277
"S12",-1.38196521088771,0.484505905236015,-0.0315197066753374,-1.06867466665914,-0.0567413178201808
"S12",-0.024964616953206,-0.139846903297305,0.851547606556364,0.282347835355126,-0.899097522732789
"S12",-0.0863960212037056,-0.0242674771067665,-1.01467031881479,-0.86783723431109,0.214037053822406
"S12",-1.48236880241,-0.698278361541328,-0.297943102475422,-2.15182670094792,-1.30159125366824
"S12",-0.459519717876023,-0.118438824479233,0.706074773549981,0.319623485898714,0.528654361593009
"S12",-3.20852248594682,0.256102380435655,-2.12794626118532,-0.481693485237272,-2.18178918056397
"S12",-0.0938334917314459,0.0456458611501503,-0.949839115966813,-0.227599239178324,0.034430106983657
"S12",-0.304920499080351,-1.24693200531739,0.156286878809718,-0.674824591072733,-1.08866120392466
"S12",-0.14171102939912,0.590315717378491,-0.443529168531606,-0.114115502777808,-0.604049635864495
"S12",-0.807755171753688,-0.681139624371384,-0.459012192538812,0.218359802459073,-0.682788674204004
"S12",0.267729922321205,-0.415218792888872,-0.453362115125379,0.848821940646503,0.518382191648293
"S12",-1.01889440586324,-0.848618318041359,-0.0806934198615922,-0.248086160778282,-1.18116390750142
"S12",-0.120072285577357,1.11862590211051,-0.0760119388768908,-0.185771142446744,1.09718598842425
"S12",-1.24374963275873,-2.69131377761247,0.266451770712482,1.28307203934217,-1.51514636472881
"S12",-0.822117187489342,0.269998622099803,0.124406013816309,-0.277820657267322,0.70446937217262
"S12",0.19130797279965,-0.161602011123576,-0.988196990355309,-0.193295371638301,0.67881459622008
"S12",1.39789976324904,1.07635461669184,0.94509900165434,1.56706554115349,1.17625686011401
"S12",-0.39249642603626,-1.06693685612421,0.179853325504386,-0.62643306364165,-0.874912779311531
"S12",-1.13030113210058,-1.21391213346664,-0.254584734877219,-0.780964180593124,-1.38617422266784
"S12",-0.697752014004582,-0.411162360065101,0.651383718982875,-1.12523673222844,-0.287758678428411
"S12",0.008522182294323,1.13177227078635,-0.613136279152554,0.349659402953174,-1.12350974763941
"S12",-0.947041552359842,1.17482211459822,-0.92480071684065,0.307317651204485,0.536687928709253
"S12",-0.639579615645902,0.374873101874802,0.465601666950287,0.574631815456233,-0.822561309186606
"S12",1.22290429554062,0.973722136559295,0.47559056546294,0.151739000117565,0.799899449861622
"S12",1.569756891648,-0.384666678095535,1.92226549975096,0.021268748179336,-0.24996010047173
"S12",0.23828403110354,0.946687603803739,-0.444551066062673,-0.299392942177513,0.666206185373037
"S12",-0.8444492857166,0.9404802941522,0.679842970860318,-0.670509894826947,0.0720514761822438
"S12",-0.0438970884382546,0.670417746030654,1.60469227907758,-0.649480498604214,-0.342411618681882
"S12",0.163986095407277,-1.48527359717427,-1.17105018421686,0.519174145018427,1.32098088809255
"S12",-1.45599876905308,0.238424897632554,-1.33773365736522,-0.145079914863876,-1.64412027261395
"S12",-0.763755943611296,-0.642063609399632,0.158808042941243,-0.725291929081077,-0.989262662002381
"S12",1.44454265634904,1.12741941063899,0.14745157920968,-1.12968139260869,1.82003488047935
"S12",-0.857803767090148,0.12422645078115,0.0885010299900015,-0.443068629392946,0.49234483765554
"S12",-0.551879891428811,0.0718978102533164,0.502667034156817,-0.130676327557073,-0.69065574225205
"S12",-0.571504422305364,0.428827470352072,-0.916306230706032,1.26080048465861,-0.103945397398515
"S12",-0.229337088855838,-0.286565764508884,0.0189453519408636,-0.556657339136195,-0.707692563125656
"S12",-1.81093172666749,-0.834459461362091,-1.36715967130995,-0.512167381269187,-1.38855909818665
"S12",-0.844170671834976,0.7612242409776,0.907639705341261,0.598874686522892,-1.16235952067936
"S12",1.17021135169722,0.856096078753032,-0.336099185803075,-0.165631480370542,0.0462347955314458
"S12",-0.127514707441608,0.0949039662838445,-0.76439158290068,-0.630408937696554,0.0140434252625624
"S12",1.6281697636296,1.03138338026392,0.361491579143515,-0.677152018222098,0.88736664148057
"S12",0.419522193361522,1.38245721630689,0.774046435360256,1.26969199743133,1.11264087929732
"S12",-0.615300386804256,-0.936972168181763,-1.16532342460034,-0.545775107806432,-0.0302987619468888
"S12",-0.455888043360066,-0.60802727629657,1.14309038961248,-0.180962559489513,-1.22902049198048
"S12",-1.28480148183122,0.397058623094867,-1.49560064320887,0.206443707458199,0.314084226980916
"S12",-0.783135895265803,-0.795975783562765,0.155527686934254,0.120575962373532,-1.51303729111194
"S12",0.577797828613205,-0.640212932880042,0.402979723825618,-1.25087812409998,-0.063178982136508
"S12",-0.244854556362931,-1.69114181316805,0.48170200891642,1.03146152825026,-1.72264303865022
"S12",1.78092094251076,0.397642258094319,0.665737842562038,-0.144519668758826,1.24487300380924
"S12",0.779875426356437,0.579663543095029,-0.290524038900113,0.0488170705095404,1.37284288755198
"S12",-0.979761148654456,-0.361503823186909,-0.832624135664952,0.398713066402636,-1.35422598633865
"S12",1.42970437220336,0.0346355521206462,0.882752140404864,-0.776541272833614,0.87294532060254
"S12",-0.758492219416508,0.695383682704618,0.52038718438162,-0.405500005375607,0.729451108050527
"S12",0.0354091534150235,-0.54573114558992,-0.431171288036735,0.569082804196369,-0.754500587899246
"S12",-0.916907210499086,-0.270962031733875,-0.878449079662525,-0.832771877922773,0.540495072689186
"S12",-0.615648747542604,0.268003735135078,-0.0152544863167382,0.602746794466046,0.652104475328853
"S12",-1.0484058704844,-0.839900108647975,-0.251744940049369,0.30791578716542,0.387475030319758
"S12",0.282196925864094,-0.169586098945338,-0.188414628776623,1.04651541472653,-0.865587982044779
"S12",-0.665818066016399,-1.58269027652669,1.19054263132462,-0.388578197294799,-0.160405496740009
"S12",-0.801180187799846,-1.00022015203807,-0.236465169397845,-0.679783426916192,-1.21440821127218
"S12",0.357912658036473,0.837952757809231,-0.472422053950016,-0.771196103319357,0.13126926406968
"S12",-0.993412496753165,-1.34338236878801,0.648410490391995,0.918009572406123,-2.2791034273974
"S12",-0.539321839998258,0.172430261781968,0.487425500660653,-0.447183195425296,-1.09192120070926
"S12",1.58902893138578,0.643458083401374,-0.183535632989722,0.537772967495902,2.21338685489277
"S12",-0.176727803361362,-0.639581778005758,-0.494807052792354,0.982632421873976,0.339295966931098
"S12",-0.775793978633795,-0.710716785444066,-0.789112262143431,-1.92083566466618,-0.507157350988652
"S12",1.39251245792628,0.411526567754965,-0.223585728226506,0.597481286700425,0.518314010977231
"S12",-2.49963957952288,-0.113946063262129,-0.616270911363211,-0.0767615000212091,-0.144624165826132
"S12",0.425101085219698,-0.0482835713977669,2.36114585337532,0.384175547815174,0.090556444116249
"S12",0.345730748036627,0.83308537364647,0.225730460076933,-1.1404692279739,0.33278266005069
"S12",0.961104147121578,-0.835403894601966,-0.0615788305045539,-0.214664899527552,-0.191923639952141
"S12",-1.12045351658975,1.37591328599196,-1.16708349175681,0.247540838949841,0.336163364341447
"S12",-0.212469683716616,0.569233860824253,1.44900523461157,-0.296191843776712,-0.0480190422869674
"S12",1.43118459414624,-1.86896525537472,-0.645983440299218,0.148457145901364,0.466083678505127
"S12",1.03715818930983,-0.891541197862872,-0.83480054780137,-0.198352618235833,1.02519000115178
"S12",0.446426818842369,0.0237613952571098,-1.02939188875512,0.986641355431543,0.355071732364443
"S12",-0.13848555028125,-1.68564255919789,0.722494107521297,0.124421476435254,-1.3315642624448
"S12",0.862882870691819,-0.681615403655259,1.49387062689027,-0.133063835043978,0.635743192178031
"S12",-0.0653522715656405,0.61118125038737,0.354121999924029,1.27960331819422,-1.05795582099599
"S12",-0.413212023752258,-0.582427223668473,-1.63551254323893,-0.527774390681959,-1.14243221034559
"S12",-0.428296354731715,-0.161018889113205,0.0383948493022632,-0.00354163619332794,-0.653040985432864
"S12",-0.279301231532574,-0.936564657686994,-0.320739875635914,-0.577370504824898,0.141883263973444
"S12",0.444382315212779,-0.199384599699938,-0.605559598386681,0.484954220027582,0.00167707469783052
"S12",-0.580440767956068,-0.206351571606832,-0.36076825543503,0.260718413504594,-0.992980571049297
"S12",-1.3470575629229,0.422328506563373,-0.429196611870361,-0.510924157035129,0.103364920533275
"S12",1.34721866454904,0.234992938988075,-0.710109625524118,-0.818958387046177,2.11043304699599
"S12",-0.0235490733176136,-0.221930527540779,-0.563813982831968,0.352040071010453,1.10579855346371
"S12",-1.18743614528991,0.197366780577,-0.508276924238596,-0.507202509784864,-0.233108022027999
"S12",-1.73269401820724,-0.712367763834309,-0.491275157868236,-0.83782894395778,-1.24586886765747
"S12",0.455071403944358,0.310221677400913,-0.0299443485793347,-0.0153002904241554,0.0888341683919708
"S12",-0.309196083447287,1.24239632961094,1.5080563621837,0.280553296669943,-0.262426627902748
"S12",-0.542364094617679,-0.144879397170573,-0.125274506468333,-0.26616425651745,-0.370181109206619
"S12",-0.230549563101428,-1.02189572676122,0.622282439719468,0.673704367161533,-1.20289598621994
"S12",1.38801295706851,-0.930211553903203,0.938415976673046,0.0839887315200178,0.268939890624315
"S12",-0.126131260656675,-1.47486890770284,-0.37029075094361,0.921226039819822,0.677058311647935
"S12",0.179341720764887,-0.112762780716513,1.57161618224615,0.460739802440898,-0.787213612129948
"S12",-0.781069408850709,1.37832141018985,1.04886352485501,0.259383674092126,-1.25880494009314
"S12",-0.392476914367237,-0.138531022992218,0.214179508278793,-0.0114205150274733,-1.48475925458306
"S12",-1.46868253586539,-0.578187017555248,-0.798924135829651,-0.343918526063302,0.515850585927558
"S12",0.174302824364489,-0.140863397373462,0.674194400050751,0.645420149799289,-0.344179753400244
"S12",0.218742840917321,-1.33479225238068,-0.477252511945721,-0.591235345779424,-0.169009228402316
"S12",0.761696417813428,0.122241515854112,-0.544304765336014,-0.0898053508267231,0.452346409593033
"S12",-0.704270984830593,-0.674889499568485,-0.634702972950814,-1.15754553179042,-0.692598594490671
"S12",-1.62302887743975,0.0540935443425353,-0.6808983328803,-0.660254176244739,0.410661845784004
"S13",0.240710275670481,-0.182084229716608,0.935272335503018,0.24493795612058,0.245645072210677
"S13",-1.26258778068201,-0.10468641085178,0.733931635274954,0.280993415624105,-1.52197247482858
"S13",-1.11785594373746,0.430677533473111,0.131300704526887,0.319889238832814,-0.910964483345776
"S13",-0.337772280751818,-0.341047239248944,0.531839726791483,-0.761854881303742,-0.326992223904548
"S13",0.878852483567209,-1.06123054493105,0.468904913080786,0.382729670651692,-0.345130749032413
"S13",2.05886046081624,-0.612405026367712,0.132947758167738,0.212131311797231,0.462185372193903
"S13",-0.223554670768741,0.406502142327167,-1.28618341361658,-0.485380402665361,-0.222410551494886
"S13",-0.396038418789321,0.416512024709312,0.682735378232018,0.0432102163021327,-1.19265499679179
"S13",-0.636939966087255,0.43595894828174,-0.0588276811976337,0.72560210823477,-0.186255488543129
"S13",-0.0776709776252307,-0.0126702816821768,-0.585940326651381,-0.216492757921001,0.7852596051666
"S13",-0.788959851362038,1.1177248763224,-1.16345395007884,-0.250646950696502,-1.01960729697666
"S13",-0.325235211835757,-0.221862194892306,0.900609810916214,-0.11175487399659,0.0505147072155808
"S13",0.373125672293074,-0.834057019955376,0.258446397280978,-1.00546766199566,0.0563670326274002
"S13",0.301491727599495,-1.99686812262173,-1.37956518443134,-0.881313919083033,1.41646268781578
"S13",-0.270479117333223,-0.114685920838724,-0.0466258007505877,-0.863958961847632,-0.0953492346982849
"S13",0.322392503673101,-0.0121397334620675,-0.703290670065099,-0.0680947842019306,0.403466420950608
"S13",-0.559107525833591,-0.163837023042291,1.05772973740311,-0.480964359472766,-0.537643528417954
"S13",1.53327351536613,-0.332398989960071,-0.591359273430308,0.883713810975686,-0.19179924012082
"S13",0.0417670219751438,0.0799454364634777,-0.350587073249867,-0.307269896740882,-0.434215118488068
"S13",0.607731696032803,-0.960829942912146,0.542145232846713,0.838150358643816,1.79155180692736
"S13",-1.33266224187297,-0.176968556417294,-0.326776662265496,0.52228766467783,-0.223586121857676
"S13",-0.446466639722128,-0.874872637538155,-0.201726503474847,1.95082525772561,-0.635433287889331
"S13",-1.3831681207097,-1.64680531481561,-0.851199351606818,0.596541056835915,-0.39615720728867
"S13",-1.16508381112565,1.65456149175167,-0.268892875376995,1.06599728725235,-0.198291817279403
"S13",0.11104046793581,-0.300204622910573,1.06565447229074,-0.910327520052667,-1.09484428358788
"S13",2.04719782339538,-2.68758374600019,0.551251734895944,0.200730524315984,0.939537550128197
"S13",-0.0460491825207083,-0.284224157920586,0.319728317752603,0.0658788779035684,-0.42842229913081
"S13",0.25872164188937,-0.827319236618111,0.313391116032635,0.496311115525866,-0.759125320715192
"S13",-0.064565055683,-1.18440815461898,-0.197821534251722,0.668159068001721,0.459587048077026
"S13",-0.554452493415231,1.01926709866604,-1.55691718936497,0.21494099895623,1.60176699987954
"S13",0.296597468718997,0.717025503452824,0.291769368936771,-0.0734851076911813,-0.489122767904187
"S13",-1.20748400954372,1.14833522415662,0.220577131474239,0.328620565796762,-0.0194994496155645
"S13",-0.337167194663774,1.35999690713702,-0.384283756191667,0.138876956771721,0.775912165763699
"S13",-0.0665596230137503,0.581892700706263,-0.210903874641333,-0.010056125521959,1.55006063077064
"S13",1.05700014453542,0.937739167320494,-0.556480614939159,-0.794249811564698,-0.399273795395917
"S13",0.717436684808865,-0.667229118959359,1.13430125956132,0.646945386024073,-0.211112780869905
"S13",-0.864841219920781,1.06119323206858,-1.72078194602214,-0.946830600521259,0.281875030701462
"S13",-0.323328567280536,-0.913673775299887,-0.261243638463502,0.574380301676084,-0.729373253707598
"S13",-0.453489901814214,-0.16688768800188,-0.582177352054554,0.647282649483717,-0.433815409076839
"S13",0.104947310503708,1.61520177872497,0.827479191453039,-0.316756970445613,1.31999019300596
"S13",-2.0402560529866,0.0577587132637873,-1.51812876738615,0.939399910240034,-0.921055251948129
"S13",0.024346796818783,-0.860013498090959,0.856283264744238,0.299884692713343,-1.06255203058505
"S13",-0.446218649333956,-1.42574476404828,0.516560203369901,0.860059952321621,-1.56621409524809
"S13",-0.413795639528316,0.366930148369488,-1.64088493851428,-0.564765292236543,1.31614262498492
"S13",0.481537255461373,-1.47986265871983,-0.669349146741576,1.27819892653194,-0.570312000664549
"S13",1.34813141788501,-0.509542434280971,0.277615742140569,0.664988635587098,0.899917082491618
"S13",0.731504370754191,-2.3271787467346,1.53748271798284,0.166191789429903,-2.04859250816141
"S13",-0.418200152024547,-1.40269104261221,-0.108159784436756,-0.645882176973594,-0.389332268110953
"S13",0.886720310996255,0.543615254690338,-0.143038127575837,-1.44443891045743,1.63433310365437
"S13",0.0877051090156972,-0.701084565617794,-0.895746690807296,-0.697742196866924,0.241677636453508
"S13",0.452782362642294,0.761242842529777,0.517026663407122,-0.0865259687038692,0.331449961857086
"S13",-1.46348150951337,0.441487282385673,-0.239777887572542,-1.00738363899186,-0.628955929560275
"S13",1.40958031409007,-0.406464825486081,1.00729737620426,-0.0880709059174267,-0.567942514553846
"S13",-0.871979395733549,0.559014563393419,0.0102894007071525,-0.136098344393809,-0.289070087389875
"S13",-1.65920170349263,0.0399095435959067,-0.874009948104265,-0.072596742443903,0.353684192009656
"S13",-0.126031059033776,-0.925096572163808,-1.00933974527925,-0.349959462930926,0.726807263401411
"S13",0.0166847342311597,0.124569185876713,-1.12235580842891,0.120105683944702,-0.539302791094518
"S13",-0.0823908606002916,0.488917788584852,-0.375749029697975,-0.941970913313965,-0.0780723318543021
"S13",0.293074527941826,0.538336914299887,-0.120785476843705,0.0778703391667315,0.0713739884434695
"S13",-0.0789962683419091,-0.547595470305337,-0.917081136563721,-0.32182716830257,1.32235615409561
"S13",-1.06705170088542,-0.117691302119672,-0.0653747896338987,-0.322398641061722,-0.0422139127217782
"S13",-0.101290164925976,-0.55597870462289,-0.192405502219471,0.163567199461856,0.846527963175342
"S13",0.24507855941356,0.0600400594597512,0.781204071628713,-0.291876801273612,0.926932243431767
"S13",-0.101222649629036,0.436469221528637,-0.6185280819631,-1.39441729620208,0.193854210713913
"S13",0.091537823123304,-0.181568505389167,0.13756287098343,0.00283413085217853,-0.314785146273869
"S13",0.538331131546829,0.72866460320642,-0.298313472681802,-0.621822973461396,-0.131185836024205
"S13",-0.114190070732728,-0.0098258443103868,-0.586768291729173,0.260788745279734,-0.853323114271673
"S13",-0.0708708875723889,-0.763924339744949,-0.11766481857237,-0.603586420282422,-0.819183984612526
"S13",-0.494274247762454,0.0871508228058905,-0.269142287999757,-0.555750783043122,-1.40342006386564
"S13",-0.75694857806174,0.159291624439292,0.121190151007564,0.198934206083141,-0.894163376505488
"S13",-1.47971280622353,-0.916803213024737,-0.565204189409754,-0.374299812564116,0.263240436322076
"S13",-0.900930017475635,1.64729321558915,-0.217561727906022,-0.259813826265547,-0.710419130095686
"S13",-0.1761989066255,-0.407260690703156,0.364158855329994,0.972548494112485,-0.690429546439667
"S13",0.652246817725982,-0.803598414403268,0.459039891253868,0.369392850148395,-0.0621190861082708
"S13",0.264543258587751,0.513439769104308,-0.84327317284973,0.181793690563852,-0.533400028229868
"S13",-0.212145163921691,-0.0783989320409809,-0.0839394227091514,0.407604353742644,-0.155254088899094
"S13",0.292546827627113,0.278961949873641,0.0968618160436899,1.08465626143219,0.75235917672665
"S13",0.172237309763344,2.05802455704175,-0.154340479001278,-0.581842689410724,0.877668633658679
"S13",0.216894893506318,-1.51968807611005,-1.81789856103447,-0.14336319371723,-0.669272367734556
"S13",0.164858729437948,0.965477232993256,0.733067824123078,0.0787542527804952,0.276826618193025
"S13",-0.07996304343923,0.226647612051794,2.0911310836725,0.213498758546145,-0.280874039943181
"S13",1.68411004891154,-0.860286993691138,-1.10317557312589,-0.581826218593556,0.417034128597595
"S13",-0.192262523339448,0.151624849735361,-0.694588699085779,-0.348507195943224,0.475065617258057
"S13",-0.0591818092970434,0.15451566016212,-0.0723744352045264,-0.164993003661386,-0.0559298173757642
"S13",1.10064829569752,-1.20772446743706,-1.24984367701588,-0.0144939669292446,0.658667454754705
"S13",0.383593108729554,0.918588808432989,0.746429607769813,0.216059819470362,1.38576181571249
"S13",-0.308351959790367,0.0694837509904917,-0.446774846706707,-0.0581161525624106,-0.757224877097434
"S13",0.461240511472887,-1.24213534013648,0.445826211288049,0.132774508276869,0.578505512997694
"S13",-0.459554370104405,0.220046484076794,-0.543508533304279,-1.35938641442658,0.38410258413664
"S13",1.16035728621344,0.193204755767337,0.554694656374819,-0.979308955077708,-0.309720902158237
"S13",-0.000878835038910904,-0.363482712575296,0.286958628776415,0.330058459314087,-0.548000282241286
"S13",0.0408396009394295,0.940586603147695,-1.47676133844022,-1.41377221985551,2.39795786472156
"S13",0.84620625201037,0.1396304435906,-0.663949490663311,0.758313470197651,0.793490563831242
"S13",-0.409903939314707,-0.254183820772742,-1.49350267075303,0.36794899577954,0.395350572216855
"S13",0.86073874745447,-0.850646381172833,1.02138408559636,0.360460653923258,-0.828094201597384
"S13",0.077263417782639,-1.13802685874081,-0.624469104555005,-0.619381850900827,0.184365820804226
"S13",0.246197261034589,0.552607944097979,-0.273499851215317,-0.0588592944384537,-0.540322449952997
"S13",0.282111305000639,0.114326612666319,-0.403243592806711,-1.22562672971501,0.268287682769461
"S13",-0.118508326418571,-0.0319081745366342,-0.432176681431241,-0.678151607086469,1.48712762394779
"S13",-0.585166767978426,-0.658449286617631,-1.86487964374091,0.4225476820784,0.218351144471619
"S13",0.0421660112053987,0.337516050806447,-0.0858288956139664,-0.157636170282281,0.0511098964041628
"S13",-0.515850375193385,-0.384366342471187,1.78040753509915,0.723577175897294,-1.00952776856266
"S13",-0.0476591773445088,0.656323308956932,-0.558973058366029,0.140159766073842,1.96353670277298
"S13",2.01251384991097,-1.62592178411959,0.0903809182647045,0.0553852959250948,-0.274950886459511
"S13",0.948612702242781,-0.118452914373894,-0.131067441570158,0.034393015069809,1.21132897865046
"S13",0.873580087151739,0.379974353412767,-0.705072472522189,-0.376386064855532,0.0420710372557175
"S13",0.0577941314289794,-0.874436327657968,-0.206653066999758,0.772176573252076,0.0259356321267953
"S13",-0.700752191666568,0.0738224004880699,-1.51415508529389,-0.959562906414057,1.55799563201753
"S13",-0.30748060865787,-0.316255748339051,-0.343883059940136,-1.50565110498713,0.266755449372191
"S13",0.932997857684307,0.0617201539528226,0.878428305211282,-0.448028348850135,-0.795480464165614
"S13",0.724026719909729,-0.849462188655624,0.258921383772996,1.16917226984701,1.35615786639785
"S13",0.390833517596463,0.526446137356416,0.815542359824315,0.00742258545738793,-1.49584681552913
"S13",0.371868722432607,-1.51729197144053,-0.671525567722817,-1.57104482821926,0.217889925637744
"S13",0.792795738658335,1.20398159057788,-0.0992494012772372,-0.295669961697425,0.468798182830706
"S13",0.373940856010897,0.338332152090385,1.14062167081534,-0.299718570447037,-0.603520293735198
"S13",-0.233171500876042,-0.340102117978575,0.187813234229131,-0.201053990240377,-0.433070170465634
"S13",-0.0580589484080507,1.25625803272298,0.458559875949466,1.17684960852348,-0.0477587834641987
"S13",-0.515727261317884,0.160574509037518,-0.98441717064817,-0.279405252299969,-0.333653681301201
"S13",-0.532333914462928,-2.0185763622082,-1.29154829220712,0.486500548944729,-0.610670958885919
"S13",0.686247603474886,0.320821833644903,0.576371262069378,-0.711931416487764,0.0223703484614916
"S14",0.772385505186004,0.0403449650560348,-1.04314075686983,-1.02984447338314,2.01779228796817
"S14",-0.821561854959756,-0.208261980005876,-0.597145491636541,-0.937288424089728,-0.849759327431607
"S14",-0.241892109594786,-0.490882889176073,-0.365670193725436,1.33251900457913,-0.368635264553128
"S14",0.508229778067728,-0.998894629205423,-0.742576276217967,0.450846996489243,-0.167533527674081
"S14",-1.92073280299632,-2.48583924417525,-1.16065816671021,-0.68200336297224,-2.75210398661226
"S14",-0.822334159165553,0.727270619053194,0.121564194471955,-0.294821826031002,-0.192803017467108
"S14",0.435056161424428,1.03304919084573,-0.924536879438116,-0.170914521513638,1.67442982939092
"S14",0.0462358235796415,-0.361530890285947,0.649887732486577,1.10278497632828,-0.64219840950582
"S14",1.72056261467044,0.575636277559482,0.393570353459246,0.344528623740004,1.13136360320716
"S14",1.03385801625169,1.00169659362924,-0.150497024826909,0.535956858521918,1.54896287469861
"S14",1.53446707295795,0.286508046619927,1.00736120822753,1.38565931495219,0.849086868653731
"S14",1.5520178823494,0.834747113078562,0.61328982568396,0.32044175839385,1.90222697821148
"S14",-1.75898369756987,-0.0267922536677931,-0.67285861817349,-0.780592060555287,-0.469994781479221
"S14",0.283599727682061,1.05273024254405,0.649659618813552,0.60276762049485,0.171325936319836
"S14",0.617736510780069,0.621384285659317,2.03323027073588,-0.257712671593441,0.16664866167916
"S14",0.101566652197087,0.746643971199064,-0.416773863092207,0.918070884435507,-1.45606934206507
"S14",0.463580182408694,0.0400496615929624,-0.798440852269399,0.184040807507433,-0.611503821243147
"S14",0.0919298362717618,0.422878891604392,-0.213280001901226,-0.161260727304315,-0.259915903557731
"S14",-0.126682659011639,0.514513501083651,0.424103518733894,0.194320636963174,1.14597785761116
"S14",-1.28264716725381,-0.153795280694208,-0.0651731169439543,0.0145947251299158,-0.181343875362487
"S14",2.2050281489595,-0.0441729800332581,0.463727481344342,0.530271821925746,1.2132655019782
"S14",-0.0637728985771201,-0.346615796727902,0.0936226312597602,0.252348145223124,-0.180872094134064
"S14",-0.43193043201072,-0.222235688235407,-0.979157592034729,-0.916235806819056,0.0290177445063563
"S14",0.109284129080253,0.784128813690407,0.424568360316444,0.533967648878385,-0.228266173337281
"S14",-0.428372901965915,-0.481726594893618,-0.190489667379861,0.263149674836612,-1.99225729815914
"S14",1.15992969746585,-0.585890672331943,0.301453118486161,-0.478795501426638,0.268015791170161
"S14",0.984362390446529,0.576697647404513,-0.00773179257902305,-0.511121095244981,0.52510179008628
"S14",-0.536910090802399,-0.19559511106107,-0.51810751210629,0.439727456181924,-0.415225294240803
"S14",-0.0383517401243186,-0.248348288889857,0.588914889328595,1.18787683064212,0.928683358979513
"S14",-0.562131606323585,-0.885345180086618,0.320571639947552,0.511203357951035,0.537825721238148
"S14",-1.32294558363857,0.396837447264859,0.463265992236683,-0.987769181895209,-0.436140095893298
"S14",0.0994749174523391,1.92256143232215,-0.322206901992765,0.141446122622526,1.33084156666747
"S14",0.113988415835237,-0.0218018179291737,-0.20616835590681,0.567244332587406,0.322347317249076
"S14",0.470057989160044,-0.36243841554626,0.0799814579819802,0.745352484172217,-0.741690010156983
"S14",-0.0635938474194201,0.0692696089380961,-2.03322012732642,-1.21012562338657,0.841446749386147
"S14",-0.485231187680255,0.97940236424709,0.865828113703742,-0.138670868307124,-0.606936562051877
"S14",-4.10376833962241,0.351942192212296,-0.835429621221445,-0.383268138989434,-2.76342942254053
"S14",0.534324070233404,-0.215859841070438,-0.540512343229567,0.879550613939021,-0.437116350949023
"S14",0.5854890764146,1.9064491961883,-0.511017917636274,-0.0833448053682151,0.684145014173074
"S14",-0.962253033208409,0.292767372180869,0.530871821624504,1.22927737039057,-0.215251562868703
"S14",-1.21290863329697,0.275374035753051,-0.585568168955934,-0.406160745683635,-0.800383400982806
"S14",1.08745994015667,0.172764909581885,-0.517068244276446,0.0142170943163513,1.02893364289703
"S14",-0.867360260395996,-0.713578837896106,-0.442716001472416,-0.675483879485006,-1.16042688008377
"S14",0.428931445222074,1.9923577172762,0.866372053076604,0.645422305595362,-0.0502715857904433
"S14",-0.158711548205161,0.87928809663124,0.242822749847144,0.493217793009523,0.577293378273373
"S14",-0.895550784790674,0.874261179570906,0.429045986558018,0.564036201727722,-1.07000916781185
"S14",0.216264271067331,-0.789553820855098,-0.0982113234452296,-0.0389900428485042,0.251467882332631
"S14",-0.107099600336164,-0.805880824125837,-0.331735301596106,0.362130504839252,-1.45062856144002
"S14",1.48705868006135,-0.810565458664752,1.18066298619051,0.960777113663056,0.895307451611449
"S14",0.281437144787799,0.520766103290709,0.492219803715912,0.197549340892013,-0.367167007084892
"S14",0.510559584750188,1.20527041727509,1.16579086185236,0.0663401639408978,-0.944569921548274
"S14",0.902442111863559,0.563884888078539,1.47314006525749,0.897849134274532,-0.459951782632265
"S14",1.13538173648277,-1.8728448815357,0.300680982548251,0.314442468563318,0.592197878923413
"S14",2.34523090568073,-0.251892810923063,1.12024987853849,0.0159588326938975,2.39521687756795
"S14",1.62565334327757,-1.1303646009605,1.44329935699443,0.305442670381362,1.18465955089111
"S14",1.82076227383788,-0.103204261236598,0.336126041879575,-1.44067928314111,1.44162891565326
"S14",1.58966789718125,0.428720446309224,0.459727895561789,0.195890754027764,0.502518907256948
"S14",-0.0434470175461951,-0.0666645052849526,0.685195708376826,-0.886058955613712,-0.280656937325681
"S14",-2.12797378148366,-1.27482398944702,-0.405620538700121,-0.790214069037963,-0.801703396867718
"S14",-1.58917258869983,-1.41460747944033,-0.317282958206895,-0.732252245721572,-1.27850110478263
"S14",0.417546213442366,0.179289996119583,0.59751432062371,0.725597931541653,0.694037268596615
"S14",-0.0444915172323247,-0.913611996374811,-0.035553483386454,0.349189045868417,-2.08757912292083
"S14",-0.558702456245085,-0.317840189942057,1.24829932776045,0.0296399711236693,-0.204349448690825
"S14",-0.678311950104239,0.306135285130826,0.349009743094078,1.10512517757487,-0.795924788396327
"S14",-1.46776390460256,0.0452264670748489,-1.09464137490144,-0.206645406512368,-0.180296194286095
"S14",0.00390217175437335,0.406074498838867,0.103729031555912,0.695915017540868,1.27536591212578
"S14",-1.30523269130149,-0.841839082311022,-0.13846819316469,-1.28285661304744,-0.895400230521968
"S14",-0.789128744097785,1.19796421536543,-1.128283464703,0.587322803491644,1.17960631179877
"S14",-0.491433882184716,0.12587860799183,0.377239676771941,-0.637176918557508,1.19889832746628
"S14",0.354645519102987,0.849190869372214,0.0927175225302393,0.0503443514742464,2.58679853737849
"S14",-3.22261880889818,2.03466085016993,-0.863763648296141,-0.624017270139088,-1.20606618146543
"S14",-0.474183168946001,-0.7235646950045,0.859801390233728,1.25311549134444,-1.4807466881542
"S14",1.90137771521334,0.143460393977103,0.473064535064448,-0.696701554042955,1.74402427430979
"S14",-0.613710103924195,0.318272300793962,-0.743547210726009,0.789464430662273,0.817171082278879
"S14",-1.16090085334597,0.307141687912477,-0.524823160498902,0.442845391335758,-0.700785539813836
"S14",0.382324962037516,0.0566877941876555,0.323148584764348,0.621040772153932,-0.536084186211671
"S14",-1.18775734656497,-0.460781863934206,-0.349151381192403,0.542132341708371,-0.363437800651743
"S14",-1.44010394565809,0.142672135566058,-0.120089267780672,0.770453734468444,-1.23422648835592
"S14",0.900370409979262,-1.06813287099553,-0.129094074612549,0.584932224470556,0.372298092468961
"S14",1.28014504579024,-0.062388520431317,-0.328414012645725,-0.462057604401325,0.320371543634095
"S14",-0.738763371118298,0.710687604610488,-0.650833910972744,-0.965023204001526,-0.28584224480476
"S14",-0.0838243364841054,0.76110742786642,0.344370180722556,-0.334250133914443,-0.182816684190757
"S14",-0.0822054528350404,-0.392916492257673,-0.55420954091587,1.12051300965036,-1.29133180301723
"S14",1.63861545389231,0.927015878364582,0.511532199824983,0.175003160674447,0.568196796270036
"S14",-0.0243858348042064,-0.929781426205805,0.495386150311066,-0.52985689380016,-1.11109350243079
"S14",-0.139083452236743,1.28245712329842,-0.399474610790976,-0.757114426919012,1.69407327507877
"S14",-0.602271901712792,0.726470160712276,0.467752723154145,-1.39130957999896,1.49236250111542
"S14",1.48796317202115,0.168266352081168,2.05813373538216,0.72800105381273,0.152554150605101
"S14",-0.453967244274757,0.437456483225113,-0.470724524363433,-0.044814146616441,0.508471353400453
"S14",-0.073436079059808,0.691818732090328,0.790688381583222,-0.283060107929099,-0.92217576671338
"S14",0.673807677546257,-1.05712148254544,-1.1338320456526,-0.593406146158643,-1.05505546302458
"S14",-0.874604938308156,1.09743655953829,-0.69081711940141,-1.26922795955467,-1.41345575115641
"S14",-0.357028852914625,-0.406651851630347,-0.56582757670553,0.351042231503353,-0.417765414386233
"S14",-1.23425543122207,-0.391745467361351,0.312685278231324,-0.00461516126687543,-1.99626269551957
"S14",-0.838591903555642,0.382623581885353,1.71109365633214,0.0757293370170591,-0.133276656519938
"S14",-0.694601857621685,0.182950036790678,1.38832821225509,0.462997102183647,-0.902885448286113
"S14",-0.756301338750725,0.693158541784698,-0.430847849792004,-0.47518488675945,-0.0383076253943519
"S14",-0.663308925166435,0.0309944985316849,0.358623453121431,0.563681160576158,-1.27853006966181
"S14",-0.575083109100756,1.13273695552748,0.464915471127223,1.0183961857098,0.68235268880009
"S14",-0.699490909221149,-1.11090483965414,-1.00041503122578,-0.15265987764303,-1.87348615881672
"S14",-0.781693500088586,0.421796234321208,-0.780846183977637,-0.810040730776609,0.924543183613522
"S14",-0.646945906001834,0.475104637582506,0.697730277220786,-0.264995519272725,-0.198008842631242
"S14",-0.150100417360695,0.425803865056337,-0.8279646003504,-0.258259864794789,0.707132927761939
"S14",0.385245808147986,0.0655983667097541,-0.190072051869877,1.39954558350467,0.840271663109229
"S14",2.6644214174689,-0.188782485071881,0.834608877795168,0.860644566524807,1.48857192484768
"S14",0.82148474096396,2.21370525657175,0.880699835362636,0.334075629675417,1.63607319525438
"S14",0.205148984751038,0.407428830934909,-0.970295266789038,-0.131362716986284,-0.821306837887773
"S14",-0.204484769239958,-1.53075760124204,0.046058081423639,1.06696601682122,-0.481502793122361
"S14",-0.725006053635801,-0.23703470334027,-0.778087097657116,0.0335795498512257,-1.86725527963592
"S14",-1.49066932447011,-1.95176113610138,0.0937344414345759,-0.320783685697801,-0.901600725134811
"S14",1.19035172040251,-1.61156836189856,-0.92688500294213,0.212021209793738,-0.387220724486305
"S14",1.35306692043735,-1.57885312356801,-0.0523277321019682,0.165622519927168,1.16358850704102
"S14",-0.784490827179553,-0.88826382013457,-1.30423124404366,-1.1475634528866,-1.96745115823719
"S14",0.693862017822288,-0.567557737023149,-0.0250654291084865,-0.370406097809009,0.242121298668974
"S14",-0.124098212644151,2.13524421162659,-0.357212852894525,-0.183177193931063,0.660312906730645
"S14",0.458071913000467,-0.193208001476836,-0.00715781001394745,-0.804487756103807,0.976710559390402
"S14",1.07707179949066,-0.181488225010546,0.225450279235481,-0.185020892455102,-0.598528576122041
"S14",-0.211575343009223,0.494472574882473,-0.68963966734875,0.835340686274632,0.529175315646739
"S14",0.676803043470802,0.39635388377401,0.353261147511924,1.99865911804417,-0.0502237017766274
"S14",-0.455445511209094,0.172913472482154,-0.397237592870829,-0.681426113480497,0.0645631908375387
"S15",-1.39559491048164,0.911013560119853,-0.0409434731973601,-0.159042790600581,-0.200224899615287
"S15",2.47654258544969,-0.122691028144423,1.60066572061315,-0.620555814414162,0.739505354665
"S15",1.8226115994504,-0.141955599545548,0.104599212237108,0.681932740369614,0.401782142679349
"S15",-0.377819918229581,-0.166918676068909,-0.0338498252041092,-0.217091941900361,-0.368926739308583
"S15",1.89541683477188,-0.686351856935825,0.752321449214342,-0.611506278540968,0.904514032385668
"S15",-4.26903937351092,-1.70150813689332,0.110276690309733,0.825222422838708,-3.53289822938278
"S15",1.08587723083587,0.488184679608825,0.00164089101989642,0.982519523454505,1.24316176000608
"S15",-2.78182585531234,0.971588302077659,-0.311487652920499,-1.16719662980613,-1.31986533781381
"S15",-1.56797940727484,-0.139172190257377,0.561339311705589,-0.888244986805843,-1.62206257969534
"S15",-2.8240800796571,-1.67443997458436,-1.66281330466215,-0.542846826063475,-3.43118954243512
"S15",-1.3659029375721,0.106518099506123,0.882184866595578,0.194018295536996,-1.27357736375118
"S15",-2.39966821670166,-1.24126326440389,-1.78903501539599,1.81433754680667,-2.67257093188841
"S15",0.000332012098476608,-0.188852581450474,0.909141390176516,0.624990006285809,0.287583701723558
"S15",1.26622871257003,0.172576497520015,1.97913283791743,0.736900127409225,0.30451457688742
"S15",-0.0588906407357285,-2.37676916520677,-0.31758283711978,-0.251332439041117,-1.74033179756516
"S15",1.11766020353522,0.972860305540255,0.597482507027466,1.87830935441527,2.47182862000636
"S15",-0.614951507467581,-1.09981184333103,-0.301457425320682,-0.511623223901085,-2.06286425490145
"S15",-0.0899510292711282,0.601539482724928,-0.59072716028541,0.914819923647354,0.486008568543837
"S15",-0.198004871840172,-0.231421642101726,0.440181095088129,-0.479651656533799,0.472034504858548
"S15",0.767155286750221,0.274580188086238,0.468661867533829,-0.133336702688644,0.852663479831254
"S15",-0.65004794657058,-0.558099581098954,-0.279451109030727,1.99185420205665,-0.967054564389477
"S15",3.45916515136098,0.733031146300346,1.35953143410503,-0.841970447111358,3.31713674020763
"S15",-0.235172755127025,-0.476956855534865,-0.132645630330277,1.01264812546772,0.235360321902227
"S15",0.907268897558567,-0.138064115675199,0.0947491069542768,0.447490296456879,0.342470574715155
"S15",-0.394117344978316,-0.312998501544761,-0.518709167990318,0.43546408475227,-0.65512925876654
"S15",0.982941203752893,-0.76116988947041,0.189667871925883,0.381853518057106,0.311292089245719
"S15",1.92577185588901,1.52714552051225,0.445848913144805,0.582390435000633,2.48257929391487
"S15",1.87532188813933,0.714589885578647,0.965502721094136,0.360334786175925,1.0965433228566
"S15",-0.951738789452718,-1.5852244979339,-0.315833416860729,-0.289449644831246,-1.89783852840569
"S15",-0.553192658801862,1.58781747793613,0.453546628656316,-0.267435349759082,0.333113741970328
"S15",-2.34978556843716,-0.839186031601733,0.676159095062091,-0.238762635038089,-2.28067852427154
"S15",-0.437639514812494,-1.2385024869144,-0.366720115585455,-0.736667546216415,-1.13290651354206
"S15",-0.183692876101806,0.601689336357555,-0.203667021975906,-1.00136954227704,0.293801567581519
"S15",0.895378242896029,0.792735591311946,0.449108549978249,0.675503220068874,0.0223209495463015
"S15",-0.494686154914674,-0.276570988652618,-0.401619660074425,-0.956606743616297,-1.25087400672787
"S15",-1.16434411660557,-0.820176743458088,-1.65257687495457,-0.211922997944097,-1.22540776922975
"S15",2.70996750014335,1.45992112687765,1.27640785557427,0.549246970793315,2.29745162055379
"S15",1.05040484386205,0.159201338154945,-0.73727332200225,-2.06946308735843,1.60575509458364
"S15",-2.42799584089461,0.118257855482027,-0.695589989773905,-0.0577816569979692,-1.11719512714384
"S15",-0.851275198890408,-1.07262096469012,-0.0593441825005703,-0.771881909276653,-0.643332128076922
"S15",-2.92759262354615,-1.69046980296301,-1.2133437677302,-0.37210375901597,-3.43333973479735
"S15",0.800619231911798,-0.162933679700055,-0.40901182706107,0.45083297844165,0.423608933639285
"S15",-1.27077758909721,0.338506667898101,-0.558821381774248,0.811080029462733,-2.39557630528547
"S15",1.79417022888799,0.757927763720535,-0.314352080358727,1.15647270742142,1.82219007650688
"S15",-0.201459227127882,0.568734305636212,0.46662557517949,-0.249023582197423,-0.417276030289616
"S15",-0.126189460902501,0.571299227586098,0.192678549190393,-0.210996043474463,-0.0390892760796076
"S15",-1.01422207439989,-1.19124354184997,-0.673155995155639,0.484361277433382,-2.22445961134906
"S15",0.637024746976066,-0.566525504853502,0.147088539790274,-0.755298133590239,-0.365128998836596
"S15",-0.185284965617517,0.838124832716398,0.000683052139829443,0.643570255051376,-0.505086485535159
"S15",1.07600738708356,0.883238447462336,0.403486519291552,-0.829975002513943,1.45982244490442
"S15",0.764523354738221,-0.475361704047165,-0.790348475962799,-0.317269890972426,0.948013503091217
"S15",-2.29136030170983,-2.58912551188352,0.36959541299704,-0.407287721469307,-2.79748399214278
"S15",0.609424477231823,0.163381154726737,1.98430862895616,-0.381271653197504,-0.515017612419712
"S15",-0.703015061583266,-0.245530564663365,-1.10129318984462,-0.894431760865171,0.560766983877927
"S15",2.09182534947642,1.10915811256489,1.24497808376506,0.570767660713503,0.973485910506389
"S15",-0.595351842847968,1.17010674455756,-0.561682308404391,-0.92750171382693,1.23666211213729
"S15",0.218940525146815,-1.21664666680657,0.229407090648052,-0.369091092325267,0.550148407731645
"S15",2.11451228599158,2.41448035547671,0.635270266462896,0.692266152874785,2.61131530656738
"S15",-1.35112063892777,2.42083191232912,-0.727657900740222,0.41875449264449,-0.185320740771353
"S15",-0.0851123924825549,-1.22228721217525,-0.660136123681856,-0.960775130951115,0.961443900736945
"S15",-0.63170243023751,0.430530383695859,-0.129573717212311,-1.22983870696646,-0.853017278647802
"S15",-1.012469550786,-1.15225848042483,-0.0298021515601736,-0.0237946053951324,-0.8671262704973
"S15",0.587629290544522,0.995829888109303,0.995177541669783,0.451164560288153,-0.52034239734313
"S15",-3.31127539065053,-2.64603400591474,-0.707544231169764,-0.432860992884329,-3.03325021861816
"S15",0.751030748672384,-0.58652429559646,0.339724730348,0.406337779097218,0.735596514306959
"S15",-0.0251105394519835,-0.415479992868891,-0.509287314833631,0.790961107338206,-1.17285852341711
"S15",-1.22050889316735,0.205261344882182,-0.271159506210772,-0.168856985148774,-0.0988204880714091
"S15",-2.29269751056752,-0.675188468725172,-0.689370236804956,1.19992697831341,-2.4270768759469
"S15",0.177421415804757,0.532940244565001,-1.07209442760431,0.458387515510233,0.619157672416533
"S15",0.167973920590038,0.896847872894006,0.454168310114845,-0.634148472010739,-0.333866117660242
"S15",0.28813402738831,-0.112433454803286,0.22166207460052,0.275518872009099,-0.00256402616416312
"S15",-1.15403187252905,-1.12765261376657,-0.367039676727822,0.208628122736188,-0.618146725555443
"S15",3.35440069221818,1.20789863959946,0.966421107786841,0.85632071272548,3.80853059377771
"S15",1.23989813393192,0.714968861759866,1.61393794238806,1.15355736033588,-0.244100526389634
"S15",-0.257360888053453,-0.911004123953659,-0.408974821170836,-0.142002748640504,0.537099630169709
"S15",2.94705772903466,1.61793607527685,2.12070615476532,-0.138583565951179,3.51806982704143
"S15",-0.945747038474479,-0.0173405525878884,-0.960962519056652,0.362862696174656,-0.0917567701073103
"S15",0.110496780696436,1.03751749148475,-0.351987153060605,1.18262986555752,0.0432519477641959
"S15",0.65678251541455,-0.276797641846369,-0.268446780272785,0.164133909982653,0.0608732276908067
"S15",0.101340209797674,-0.0608216919271262,-0.0914697926559899,-0.266734214632314,1.72415599450506
"S15",0.423077693726813,1.9407965351544,-1.04477861107441,-1.05173983995353,2.06149147587112
"S15",0.408939462347059,-0.2825025062583,1.45085053550864,-0.573219607842532,1.29526051193122
"S15",-2.36477587069119,0.696949631002172,-1.42038427438629,-0.809062459702673,-1.36281823550069
"S15",-0.703549843494346,-0.866669289282181,-0.726440332828668,1.52048419174006,0.60280470051736
"S15",-3.80254103186848,-0.963508184712753,-0.759608536367336,-0.454491817825045,-3.17320549538227
"S15",1.23865321265709,1.45708476597432,0.156594737722746,0.968728206865062,0.01119682104001
"S15",1.1869770924215,0.443735058453257,-0.0984968199462601,0.446709174025756,0.545587273340662
"S15",-0.567430399833394,-1.5152927088492,-0.401932285264822,-0.0118029885084994,-1.16533419667331
"S15",2.39756628377562,2.43456474863777,1.61137655291207,0.51889447457724,2.80618840751137
"S15",-1.31678184319459,-1.23864555471983,-0.906871160264662,0.615332337656795,-1.43982005978074
"S15",2.02426500520451,0.164339067568527,1.42453551729996,0.911605613157618,0.884571903245475
"S15",-1.18868290344426,-0.765544077808819,-1.24442938403212,-0.24166188974675,-0.939279482538106
"S15",-0.210521848209259,0.216597499219022,0.708152253612526,0.870664479258041,0.349364767044317
"S15",-2.37757743335862,-1.7069920376716,-1.14676289212219,0.0154936377534012,-3.64154869721949
"S15",0.772087006603779,2.12106646304878,-0.0803981143273708,-0.217392597816976,1.72304715536837
"S15",-1.03592564676584,-0.175483440695299,-0.939439338974149,-0.592273389158266,-0.372625557508732
"S15",0.272197615455327,0.926341208233352,0.246623084447327,-0.0781741703149995,-0.586619024689642
"S15",0.852035010969107,1.51023107420248,0.159684905193328,0.0410656916763352,0.884839624042474
"S15",0.645570616961157,0.307657945403334,0.270070608970423,1.04959540417699,0.757438518727275
"S15",-2.2938238851929,0.222993636944373,-0.305355070928945,-0.395558492641595,-1.75489342232921
"S15",0.276531358854682,0.525760317561009,-0.507299394164549,-0.367009869935483,1.96667481315988
"S15",-0.65327137915447,-1.4358377390887,0.456978861873019,-0.253493664305848,-1.63616772945154
"S15",-1.80555936514701,-1.27741629987769,-1.10776919215597,-1.46376726926876,-0.639871289258617
"S15",0.466896835266482,0.487440405653113,1.76948326660125,-0.226463602453885,-1.28529209122334
"S15",0.386471891186406,0.201222840574018,-0.441059717307718,0.558255451104519,1.23007891762725
"S15",-1.65579985113824,1.14525777556416,-0.528759053810529,0.13845550670756,-0.0566576733594061
"S15",-1.41365328845653,1.06763242866239,-0.74270000905902,-0.00974209684733507,0.0940792969681201
"S15",-0.937250897502565,-0.493920915406274,-0.2324330548115,-0.577571651395098,-0.719043263968552
"S15",0.0414508927015922,0.825237420428759,0.164809555799875,0.578317801610562,0.344362940853122
"S15",-0.0927510415750022,0.0329342858865077,1.53082311557353,0.0545939753403018,-0.158192318363118
"S15",-3.41818003655637,-1.03167639143259,-1.27961418347108,-0.803696793776651,-3.44178992423774
"S15",-0.264734784701536,-0.532921321542054,-0.974202745864365,-1.52358074781129,-1.15532620513718
"S15",0.29013827806059,1.07532660162816,0.293113241398051,-0.0580644930549847,1.513208497795
"S15",-1.74199690271448,-1.8618548806376,0.555830227315067,-0.15420175540013,-1.30329539318235
"S15",-0.903304974132907,-0.978382140309634,-0.931804881490683,-0.247179714288338,0.475063527106125
"S15",-0.0883124048013065,-0.730125322099753,-0.513439172156881,1.69814201058145,-0.16525376419732
"S15",-1.31197551104155,-0.408417843232662,-0.336063618226574,0.632605298160155,-1.63023061386032
"S15",-3.32485178798872,-1.3129927473056,-0.589725031457495,0.338768293544166,-3.24618176017215
"S15",-1.7945823731435,-0.616153833851007,-0.25071990493028,-0.254337890747074,-1.5861420060287
"S15",-4.26166940135973,0.103333646496564,-1.12194860296498,-0.455209844259012,-3.21808211310603
"S16",0.600733648695197,0.217558144179579,-0.230141668597499,-0.267088197278192,1.30029261873126
"S16",2.96794034755353,-1.19366043885028,0.406636710833255,0.887089533151456,1.24568867271725
"S16",-0.0725363840056541,1.02058814244547,0.850337961107989,-0.122858024010348,-0.0176041384754085
"S16",2.01450383637552,0.203204538985848,1.35106981751374,-0.0282180439987452,1.45682234202241
"S16",0.617956186442919,-0.57919381253878,0.599124236532543,0.187298537716607,-0.404278674517557
"S16",1.0626603636437,0.721588802170538,-0.723527677027973,-0.114396384742823,0.145391761688545
"S16",-0.805255383474244,1.63702494724016,-0.542701880591678,-0.239502003936685,0.605789919442588
"S16",0.791235627260579,-0.3537489220356,-0.187723963979557,0.0448009018875729,0.793040264999361
"S16",-0.157323594743677,0.0500192231918065,0.209991900376913,-0.53387970831232,0.728948504022746
"S16",-1.09520445222653,-1.86968776165668,-0.63724853205911,0.581652823956667,-1.68138038108493
"S16",-0.711990625933575,1.29630221304729,-0.0163333946320915,0.371909927079402,-0.282913629402766
"S16",-1.64540839984827,0.569962114047668,-1.29964934560089,0.575084282887714,-0.812535850334886
"S16",1.69820259843303,0.558394934067824,2.25502709045205,0.00831346174407908,0.663469752974581
"S16",0.413888307168305,0.358920574354467,0.234621962086653,0.0692579998946717,1.07814807462975
"S16",-0.676227026754122,-0.368236051012068,0.802147595554447,0.469084946906178,0.0344025446746326
"S16",-0.373582022996721,0.250110103380785,0.749359407224907,-1.17038215426294,1.62500780728213
"S16",0.779695703217644,1.80691843919432,0.0984871824620717,0.12734670197599,1.96706460129073
"S16",-0.65790918586778,0.903241421596762,-0.225196841813215,-1.0497177170058,0.547944681686643
"S16",0.336933166266111,1.34849397480123,-0.0732227958594749,0.470470858698134,1.3298600517144
"S16",-0.757562613525722,-1.96236411900708,0.423807520694045,-0.481127515028914,-1.27941670820903
"S16",-0.510737475248111,1.56494585448509,0.964096566155437,-0.0797880620112659,0.0798409761952734
"S16",-0.876007603883938,-1.47025548968223,-0.448941946330525,-0.731873424670033,-0.52608038497759
"S16",-0.233348694048675,-0.112876246383994,-0.525638714075783,1.10880729397685,-0.039636665133138
"S16",0.693620037967656,1.12446469875206,0.325787679301709,-0.122643387484728,1.1821650041398
"S16",-1.10684117126067,1.10178549871869,-0.211681862394927,0.96663211001825,-1.31910957589324
"S16",0.185487862822865,0.0940496947496896,0.836412606739953,0.158462444639062,-0.724757246974591
"S16",-1.48189840719375,-0.140363478185038,-1.42055130595777,-0.122559788212839,-1.27942767924793
"S16",0.544027471263826,-0.0954432028934277,-0.175817235314188,-0.104550460987705,1.31390617960599
"S16",-1.9907953411955,-1.16539955580358,-1.07591827255132,1.23874795790289,-2.19406858629744
"S16",-3.06654749662264,-1.11960201459937,-0.99692086802994,-0.428138383218948,-1.98220766132445
"S16",-0.443740815091993,-0.683908786885305,0.360647351258849,0.227455633915477,-1.5907969299471
"S16",1.55880921150865,0.963783997045533,0.167653656882925,0.896916375297465,2.46466390616888
"S16",-0.661355407484736,0.128033865944711,-0.340926519096012,-0.892317779496948,0.0949497620821541
"S16",0.574204489629487,-0.816006921706979,0.843266398408492,-0.314050904808256,-0.795372446612233
"S16",0.375232900359691,-0.103831535943662,-0.769845520460761,-0.354177578135914,-0.148555639858381
"S16",-0.272793154762665,-1.44345937403412,1.15765562715476,0.75028781649586,-1.76584305818035
"S16",0.966108605316474,1.12669225429387,1.22562079710059,1.05522774729529,0.438796814798247
"S16",1.68150062543156,1.27894767639812,0.243039660111461,0.265292991655323,1.48742679347053
"S16",1.86644958828392,-1.52991847283772,0.129872431524985,0.459371099450658,0.713496925460414
"S16",-0.452257355713185,1.1463256593078,-0.861414458437603,-0.476538959051048,0.367040918636292
"S16",1.10534033299309,-0.310180222132881,1.55385532734606,1.40695832629264,-0.0786670143707832
"S16",0.883618170533483,-1.24034345217567,-0.502399043219684,-0.11345083533406,-0.0596175207000984
"S16",0.192528256172404,-1.88678880786508,-0.26367953467463,-1.99594655337059,-0.856528215194663
"S16",-2.17648449685622,-0.471980549557056,-1.03075531327853,-0.929450069244692,-1.75048291163876
"S16",0.0546429578549013,-0.217199724605611,-1.71371669268564,0.23862625539476,0.086114840368349
"S16",-0.698111748710524,0.725447678957284,0.217746572247241,0.169165207966804,-0.0822206570111755
"S16",-0.663303604027179,1.08164310497036,0.54977058413611,0.720592447025115,0.027683400223922
"S16",1.18535481279976,-0.993079651236648,1.40631155619246,-0.282469938375364,1.22865540905676
"S16",0.740044986576379,1.21556533065881,-0.715276382571845,-0.723476844358888,1.86674608307736
"S16",0.487126162998171,-0.50907993244431,1.41319532317325,0.71753765887807,-0.373290603604116
"S16",-0.236593642597835,-0.0664440248384782,0.92412656547422,-0.379028712854894,1.13554627814834
"S16",0.658537537198059,-2.148050129433,0.0961482282444019,-0.145432021099464,-1.20142148654561
"S16",-1.06459358658786,-1.03953994333325,-0.127713342665047,-0.00344081139027849,-0.258902087371084
"S16",0.437942642289003,-0.2375798642183,1.82397215735788,0.416885833473783,-1.00107414460273
"S16",1.00308659574335,-1.3625887207221,0.452963860108989,0.00704503624891309,-0.205840717845444
"S16",1.3846300516119,1.21422171895609,0.748160634889667,-0.433170220468259,1.60951831175141
"S16",-1.04351126180956,-0.675166802354742,0.683572246479765,-0.662442831236276,-1.92128620406418
"S16",-0.339296371110848,-0.438313886751966,-0.302758340105176,-2.01337978344164,1.47853243400543
"S16",0.208993755221241,0.225098770341107,-0.222762595068009,-0.0306368033607429,-0.295589056556821
"S16",-1.56885313259544,-0.983394380782133,-0.839381290675044,-0.120186596957763,0.148392965867768
"S16",0.910178477692702,0.605756173891981,1.39268585530492,0.522396325398818,-0.510208075195337
"S16",0.0688258109455356,1.4269848331523,-0.28476454548013,-0.565040101135605,0.332074046269354
"S16",-2.63953353421742,-1.29674280259376,-1.09283981573373,-1.38827122024586,-1.36202595900087
"S16",-0.603932133695257,0.51533112745128,-0.188459079793244,0.171767934830497,-0.774194752309924
"S16",1.79945987586246,0.676444013925997,0.462664450960351,1.40531822920764,1.89854487435597
"S16",1.39485650454169,1.48429418422078,1.76330998358386,-0.221017930825315,0.123182530389723
"S16",-0.470667063348971,0.70557066794912,-1.41143282390505,1.19296154856714,1.03415372059471
"S16",-0.953979424321164,-0.28236107436429,0.480285701089122,0.179928105892105,-0.161886037326127
"S16",2.02518635031059,0.438716369483416,0.0292072336930073,0.278287727441504,1.66903982181843
"S16",-2.35792867042441,-0.137350066131754,-0.704882379707871,-0.402885389403648,-2.62326515822821
"S16",-0.243799342303511,0.602535832154264,-0.980731782787581,0.786886743696908,0.283130436351524
"S16",-0.734516495014471,0.00339969151050595,-0.546258303353238,0.53316977496245,-1.74622991207017
"S16",1.74282558144508,1.22780820275752,-0.039884791893546,0.206789616677618,2.7309688480711
"S16",2.09530347676495,0.689637369778959,-0.766955395554654,-0.350609645427821,2.73133390261058
"S16",1.5383908588326,0.367726435274876,1.16230545582217,0.669950769185111,0.136815333502056
"S16",0.481074535558834,0.307724494654242,-0.0366926609475089,0.328248791638164,0.344796159866483
"S16",-0.755545164151727,-0.834510322070312,-0.437754634737754,0.220763721538585,-2.26970452584102
"S16",-0.887106721242173,-1.83362762714159,1.12982138506666,0.437578275255831,-2.94969359592333
"S16",0.0511865521713775,0.644164859567873,0.197845798422888,-0.627842263057737,1.03413262938808
"S16",1.57297333672724,1.49496553753093,0.22243951002644,0.340953813692864,1.8530386445157
"S16",-1.76571019797541,-0.757067934815476,-1.18745751784387,-0.859026601434069,-0.946421082820389
"S16",-0.27767662038522,-0.395532103000308,-0.871024651254763,-1.07344114760808,-0.769600663006983
"S16",0.201108641819759,0.387530517745853,-0.283476101020007,0.60144988535666,0.843109011428183
"S16",-0.289415575805885,1.00974387739956,-0.0741109346400198,-0.361439884251936,1.24378259333708
"S16",-1.92025768737217,-2.34158213093541,-1.44796518113457,-0.873366115012671,-2.20900493409526
"S16",0.283359560559991,0.339040977535172,0.16829673490599,-0.416114156697404,0.578669133029265
"S16",-2.36781427054176,-1.61451321145117,-2.23367473645185,-0.115675536999582,-1.74449020699925
"S16",-1.18722413519897,0.417279610525459,-0.347657879671781,0.698756427806336,-0.549780406550769
"S16",0.266173780606741,-1.1124695092721,-0.305971586094025,-1.41051144926019,-0.762768676017541
"S16",0.347869712694402,0.987140413017074,-0.476683308505087,0.463349777238525,0.890592961070052
"S16",-1.29817440969796,0.0235138046198284,-0.193945582517126,-0.075566406539089,-0.350715578032778
"S16",-0.507625943177948,-1.11095155643844,0.11929602653925,0.731143187880875,0.559764929424902
"S16",0.8372031944086,0.24323253725509,0.208224198652839,0.0219172236320409,0.0349261580345832
"S16",0.175534562588588,-0.889558238049603,1.56686807977362,0.682926796385997,-1.02214488907029
"S16",-0.841236159564467,0.759367118427186,-0.109261266172939,0.887995306226719,-0.564962489675699
"S16",-1.31753597940177,0.938346457343916,0.0292096461147596,-0.920858697980975,-1.29157442656619
"S16",0.557952305463544,-0.673121325656652,0.150685936779949,0.406808929530619,0.626235550966294
"S16",0.0360369713229042,1.24148753230152,0.0589124233012474,-0.0487483647001873,0.312553969489528
"S16",-0.411348343115007,-0.595345575988025,-0.810550390924669,-1.0948143631024,1.0511859147119
"S16",0.466958033781849,1.67309160820799,1.04710043461923,-1.55561615047718,0.760394215763812
"S16",0.574449721095982,-1.30021758862338,1.024135525149,0.275257265431069,0.295840998567617
"S16",-0.17593634576979,-0.519076175950018,-0.0597684073701865,0.490934187847731,-0.752183846148666
"S16",0.49466530346129,-0.507670136129167,-0.997229731541407,0.405419287769118,-0.90327733874933
"S16",-0.0314749114608026,-2.3950823641546,0.160031547366552,0.177782067816038,-1.60326352325748
"S16",-0.091817438069376,0.101579484478839,-0.449204791506155,-0.89312943120305,-0.065564887753181
"S16",-0.736527203587022,-0.52802530621266,1.31139900205761,0.61196658006118,-2.28114454617136
"S16",2.74427833195006,1.48392657066685,1.98733201459283,2.01111426503293,1.60055866418142
"S16",-1.9012528966947,-0.781881112782892,-0.260017913922937,0.938611251041468,-2.44364140948187
"S16",-0.689129153287281,-1.00358225783988,0.0371964299061468,-0.19687635378703,-0.393179716963495
"S16",0.0777028440543752,0.433037231069141,-1.37136875476197,0.30239261599367,0.933990258883299
"S16",-0.898973233388251,2.29896737348279,0.120384807371335,0.135403404961975,0.086176621621849
"S16",0.754430953857207,-0.21372742653451,0.366033829223992,0.392358297991,0.00957891475968803
"S16",0.744335218578267,1.18828659392951,0.148982631853222,0.0165577993105369,1.38276001219647
"S16",1.76341863323434,2.13253760704593,0.375653166181887,-0.794007198698028,1.57113380882843
"S16",-0.668535110629583,0.0506096416503744,-0.180310488855491,-0.310508996230607,0.626923188068918
"S16",-1.1278784489479,0.135395233215735,0.310844084462205,-0.27556719956289,-0.421282170083474
"S16",-0.428815335706343,-0.269455365152912,-0.310267034846447,0.354960534670491,0.272317227117829
"S16",-0.318759046623514,0.683670544988342,0.452117955571307,-0.795274378442881,0.403484956392148
"S16",1.18919846264227,-0.306047919136705,-0.767142787146406,0.785189165071312,0.281483699951704
"S16",0.463881709551139,-0.373519267009992,0.0110119643123707,-1.02217676570506,0.944986458145009
"S17",1.21964422261881,-0.236863379354091,-0.477517517417477,1.39250838114946,-0.876119882299464
"S17",0.596330450488517,-0.90412662532928,0.256330260899274,0.200986260522025,1.26817135610761
"S17",2.01931449459445,0.965498974212203,-0.356684256038591,-0.563234393152567,0.914788672089132
"S17",0.448385590907756,-0.847867982498354,0.357828638402716,-0.723897798563055,0.0568990428874369
"S17",0.131153181441119,-0.378622919456213,0.146620384641554,0.388178110255282,0.270211401586815
"S17",0.21774223456469,-0.174093798595111,-1.26782672939888,1.84593473062151,-1.47572412346265
"S17",-1.09591545371151,-2.07081461937224,-0.318023558868464,1.85352132709295,-2.2980895561519
"S17",-0.880288752212225,-0.0963097443965956,0.415300903892802,-0.281200084884225,-0.981782633702356
"S17",-0.520730116959315,-0.221050298850225,1.08922945807653,-0.19615424208755,-0.318748059812046
"S17",0.442986754126156,0.0178853257068475,-0.609000359995499,-0.254591143502369,-0.0333489970475077
"S17",0.886745666897463,0.6319057997808,0.722899164990855,0.433921504229298,0.508804638119427
"S17",0.478044664036387,-0.223027777695031,0.416939999008619,-0.198749183302989,-0.0272570779230556
"S17",-0.372502304411099,0.485525273705686,0.421287876491371,-0.546703119294972,-0.409536155805311
"S17",0.217329708076076,1.35210013518581,0.611140367280308,-0.1833890948137,0.484407236965373
"S17",-1.12901063458946,1.08029918203327,-1.56027819448024,-1.36520631126207,1.59541141512139
"S17",0.593214557046925,0.30439272022185,-0.790006280282675,1.27944606422709,-0.774694453995901
"S17",1.05157828416609,0.150760513780726,-1.78906585329101,-0.0970610316297617,1.52996118933202
"S17",-1.83496899087809,-0.887222204374002,-1.91799876258687,0.100294256704937,-0.35537685483346
"S17",0.229342617794817,-0.290058928976464,0.84832432307793,0.680846525341603,-0.589655281492064
"S17",0.33352657041986,0.377246786516217,0.0244828322960183,-1.5628955339888,1.33231312501071
"S17",0.764767406974197,0.868860852649776,0.326710051127457,0.90787904076959,1.19510518595228
"S17",-0.952082905686142,-1.15804869078292,-1.59436736271883,-1.00403116801253,-0.304616521920053
"S17",-1.80386019704229,1.17596285201432,0.0319003281051453,-0.144838209057817,0.149669976658244
"S17",2.01953294826299,1.34957415691525,-0.146385567706231,2.15194798420195,0.784464006938481
"S17",0.557389768686321,-0.893466757696066,1.82839011893651,2.02555171550337,-0.852167745214013
"S17",-0.137686915763246,-1.03393260109056,0.144744906239972,-0.762019514619731,-1.17493379394498
"S17",0.40381933887227,0.780478598705915,-0.237968634899493,-0.403282599890601,1.50913646667494
"S17",1.06630084245709,1.30413135623395,0.00606828821822061,1.50418356956715,1.32216984936754
"S17",0.339872837272315,-0.531215446583261,-0.020309246252809,-0.29552202047206,0.360777357358248
"S17",0.0431466623644024,0.492778176402214,0.210227472361377,0.0194724136281296,-0.150263825993738
"S17",1.05246599422061,0.596307942647157,0.161962095036077,-0.317422462715374,0.505185736537648
"S17",-1.00692541299779,-0.317243275781326,0.812598087411819,0.0267734150295268,-0.859489035125662
"S17",0.150247087838388,-0.606521370684057,1.31592867006735,-1.12160656964267,0.0995989727800486
"S17",0.25916180931687,1.05258470038267,1.46531718542182,0.0335120790649366,-0.874449249415658
"S17",1.14350154950685,-0.629830748550796,1.50217995752237,-0.560519495340994,0.177456951338351
"S17",0.0499526593687906,0.723520899750195,0.909054178727372,0.342929022339655,0.125568575691756
"S17",0.0309732988716609,0.927937098393435,-1.24705096422022,-1.53165935789494,0.952885342934693
"S17",-0.238169137503431,1.57752650668225,0.313812402168977,0.253874427945882,0.925411288428401
"S17",0.534844383622488,-0.736586940625892,0.540293979559976,-0.602576945907179,0.464785952105678
"S17",-2.54550839481169,1.03205868876775,-0.459830200984809,-0.253475981756112,-2.05105960825757
"S17",-0.639093320019358,-1.24567458541974,-0.304596098368738,-0.485705702599821,-0.132859377880703
"S17",0.0637083615162385,0.16984044407462,-0.753225556442223,-0.622429853084008,0.907047826666447
"S17",1.35323251496186,-0.88088022020105,0.944911236751028,0.468072213382166,0.37505241879663
"S17",-1.92090922267969,-1.36267705778761,-0.210847436883201,0.159260617438869,-1.00631060831286
"S17",0.241584965181178,0.433415867171714,0.25059816756956,1.71695116907584,0.26652164294568
"S17",1.06434926533817,-1.10341682837313,0.942513761868238,0.249086550971532,-1.16898795316771
"S17",-1.15899569913344,0.028210690597282,0.348272478695561,0.447324302857501,-2.25172947841908
"S17",-1.16436389375535,-0.34391572619474,-0.184375604216842,0.679196287322697,0.030361883191356
"S17",1.01520384560747,0.161308909458135,1.87242702205451,1.35877080625953,-0.281785539989814
"S17",-0.0487535903552555,-0.014555662343705,-1.03595746585229,0.372630116989504,-0.348945067964688
"S17",-0.340828656354273,-0.53008224496631,-0.339701908491964,-0.727290413951656,-0.456297612655973
"S17",-1.4583730759019,0.548815458045546,-0.855896265855826,-0.408057442424009,-1.24181745715993
"S17",-1.38931938441136,1.37503400595536,0.595090998288589,-0.390504696716045,-1.08323231701306
"S17",0.286743459439215,1.39823724429541,-1.07452365919109,-0.592232060007459,1.19689332553425
"S17",-1.63749888637528,-0.604843038698237,-1.01775411484758,-1.33142496952515,-1.32342031251819
"S17",0.702035680673129,1.9270843772692,-0.433315114512024,0.335828730599752,0.574677697561664
"S17",-0.47541254675992,-0.428508202521581,-0.624327327519685,-0.252047296939645,1.02348597239831
"S17",0.897642757552811,1.05760966366918,-0.150918483887724,0.501458765942329,1.24102181052095
"S17",-0.286308712301585,-0.392946419374143,-0.250759611595302,-0.244966161141537,-0.207927473248583
"S17",-0.0700166327287457,1.50094979599835,-0.207813761046384,0.474445591954535,0.800915266414201
"S17",-1.70500689586462,-0.72480615481954,-1.02549701703676,-0.952983125791088,-1.48606445510496
"S17",-1.61473914361529,-0.85946592222059,1.064061224515,0.395060221590873,-1.33327465724319
"S17",-1.74505264416698,-0.300636780292387,-0.653211989835114,-0.381503581584744,-0.310320038735821
"S17",-1.1995530546829,-1.46108094153949,-0.802011809108101,-0.626509412454932,-0.175223537195272
"S17",0.629627429677409,-0.651682685552553,0.0986335866581473,0.892631839259973,-0.1062701178831
"S17",0.28316970176022,1.2543927674391,0.0158930777942066,-0.659672233282293,0.895681223673849
"S17",0.0635943032570903,0.0821708305441111,0.26062135377642,0.639843934193937,-0.553436931948287
"S17",-0.939103775500222,-0.406750053340839,0.215246541098677,-0.777138591241226,-1.00643866097788
"S17",-0.229138869156017,-0.79861232807428,0.612165807567651,0.691456387131086,-1.03612470421766
"S17",1.1548163714762,-1.69435817896637,0.948577439956783,-0.139027046306271,-2.09679491198245
"S17",-0.0149007357455287,0.23014556119054,-0.216751737679757,-1.01299848456897,-0.289097688105701
"S17",-0.0981000646937646,0.468381313130785,0.152713994675268,-0.277976677285978,-0.861433806630506
"S17",0.934721644810712,-0.550964819207146,-0.911948199281125,0.317161760608173,0.106524592000423
"S17",-0.781181916209687,0.13571121151824,-0.277199987432747,-0.14788807209704,0.111918138119265
"S17",0.71321866787611,-0.0882770650974112,0.517041176072502,0.226443478283018,1.83687482364789
"S17",1.70195956114385,0.0365269599044028,0.21248270739607,-0.637957999520112,1.06616395161027
"S17",-0.792685830805749,-0.561966173393781,-0.354862795901541,0.974994358429924,-0.230936334825848
"S17",0.179495261124682,-0.0895979810703382,-1.23897959767546,1.15461868976819,0.448908055992624
"S17",0.246447164175437,1.38864272106619,-0.694417809909202,0.165228931574579,0.501925745024461
"S17",-0.96873128925595,-1.91270232802208,-0.119314686588129,-1.14659215738493,-0.221453825294217
"S17",-1.57156830862413,0.475341641845871,-0.15491489780613,0.0515016690186302,0.136387186972104
"S17",-1.34591280475473,-0.256516212085066,-0.781867060459658,-0.25371138716508,-0.931734097765789
"S17",0.602002098348883,0.573619650379159,-0.654151258180775,0.858487269647326,0.663227141368421
"S17",-0.0777340209170276,0.0580408877376384,0.741040719020305,-0.549760991198895,0.910328133636245
"S17",-1.43639135019162,-0.0274394781360751,-0.0244684857081545,0.800071594072889,-0.651234726078995
"S17",-1.53495416591622,-0.747533523435399,-0.364051523103357,0.0620537208921498,-0.0825004223258494
"S17",0.237079980107047,0.796297887103947,0.873752668661003,-0.953481416974547,0.734191138980171
"S17",-0.575762011870269,-0.747145214671601,0.0616389883952819,0.0841296739752041,-1.6424264697226
"S17",-0.133005454786553,-0.0859979653445402,-0.316442075734747,-0.265068563530775,0.228866233819215
"S17",0.0688334325768441,1.4499322068707,-1.17373659889065,0.233304705636,-0.0383213559422992
"S17",0.273528715416166,0.0313922823305941,-0.721583014294342,0.183174094585497,0.0961780800113587
"S17",-0.879195262363475,-0.339269391628472,0.685330899211316,-0.234031355741628,-0.720194690249134
"S17",-0.95064578541361,0.414583859326726,-0.617199090573905,-0.0357571357497394,-0.183797540879484
"S17",-0.110940321209943,0.502986845702526,-0.229430340657963,0.806329472834826,2.62416452446397
"S17",0.929587254962444,0.672034564487215,0.267191698943606,0.872447044260121,0.495614940559253
"S17",-0.139793027859247,-0.854727938141619,0.468944915015371,1.0263863816346,-0.529144467406342
"S17",0.243762876754971,-0.197898284167614,0.516626258507125,-0.205439251306517,0.491833089885954
"S17",0.665867961085808,2.071725104633,-0.435990582987445,-0.604347770026965,1.97997770717101
"S17",1.10613285570204,0.352286089629741,0.16946008148721,-0.430837156264379,1.64144703724316
"S17",-0.309328982088674,-0.664988017153182,0.508501102137824,-0.0680826177494605,-1.35542376476261
"S17",1.12685125616894,0.327458526043196,-0.41824194507854,-0.71087987665873,1.68512792874959
"S17",0.451062704363311,-0.0608980662018967,-0.482648859364398,-1.1355450126762,0.693390835994295
"S17",0.150633086543837,1.46539197278576,-0.44365878916952,1.01348922442618,1.21707884777961
"S17",-0.849159856923078,-0.00211636389072992,-0.901051482066828,-0.499894434261208,0.265474384682277
"S17",-0.0535174236640953,-0.504016380033739,0.156104363592046,0.291073402092782,-0.00212794658039156
"S17",-1.64863556431187,0.412214100811915,-0.892417757058623,-0.58517514947168,-0.0463380332734586
"S17",-0.415072197657069,-1.93726862037834,-1.02740999120951,-0.249141235209921,-1.06922972071988
"S17",0.381694281850062,-0.613137342104519,0.601468723255967,-0.0755904828127933,-1.41367802149152
"S17",-1.09987836964316,-0.730520394849744,-0.78582719205103,0.218864259857336,-0.604499211518958
"S17",1.18194890761596,0.0266363154506847,-0.00314415849325067,-0.037751988053181,0.772786056854507
"S17",-2.04784325380616,0.259401554342654,-0.360282674657483,-1.26087504547785,-0.807732043924546
"S17",-1.20245162479226,-0.320475329542447,-1.12159258945781,-0.553679308709212,-0.279386339890053
"S17",-0.80971876045827,-0.0106587499433801,-0.798082083488327,0.45068487652497,-0.40742752012259
"S17",-0.0948814943104807,-0.0790851914985173,0.335641337207213,-0.478729687532195,-0.296681424262908
"S17",-0.288222680520066,-0.373369533145296,-0.195943925695171,1.00454928313965,-0.27484005155852
"S17",0.207783501892642,-1.46379985144723,0.213599546143397,0.490965493494505,-0.620710946012807
"S17",-0.820515601663098,0.132120659781082,-0.314996161936286,-1.34942801115003,1.011131536701
"S17",-0.203979655097799,0.839458582921766,0.307043778096437,1.3560695051511,-1.13533353884091
"S17",-1.33515681218931,-0.0425168050164908,-0.205029656289647,-0.143628044175165,0.145851558775695
"S17",-0.153163336720893,0.936625164425243,0.0385808198518748,-1.59563897666976,0.864009131659211
"S18",0.165396891474832,-1.36487759101465,-0.299806831063614,-0.317285816062462,-0.214605610645426
"S18",-1.17221319750582,-0.668109048822564,0.708118808754779,-0.73130482200872,-0.510060684387986
"S18",-0.039379716500505,0.443279111592734,-0.38044042654023,0.108102945435437,0.902777582541748
"S18",-1.65288193737899,-0.0295356525229418,-1.69310527301132,0.612468505997003,-0.432090349042293
"S18",-1.005861976803,-0.515480272144796,-0.621718952482912,-0.699100677423574,-1.37362013587237
"S18",0.243884178453705,-0.766162571712005,0.295847170944066,-0.387651125740309,0.160843646133423
"S18",0.917339089632781,-0.892264153788443,0.192839351724037,-0.546430377921267,1.42141807277734
"S18",-0.18976861537374,-1.01226091394132,1.42011958996554,1.40280183969401,-0.226426864951673
"S18",-0.861512922715702,-1.16194081945413,0.243370962876525,-0.0290421340704458,-0.129232791608498
"S18",-0.554459381532989,-1.28742340463923,-0.518053483806394,-0.0659892932119173,-0.616828627385469
"S18",0.767353704943297,2.22819307939855,0.258608117683877,0.59843273641273,1.34534127474014
"S18",-1.40897774651452,0.692972738662974,0.621683677713972,-0.531247377598946,0.35185854256823
"S18",-0.404073360831983,-0.428101813693034,0.912591361608659,1.19307057552559,0.15011344309985
"S18",0.0379501843443799,-0.105867962806702,0.530457383257239,0.336510013917085,-0.833323181724666
"S18",-1.47477208580708,-0.48243250305267,-0.124800618949163,-0.558903637315117,-1.92898116561804
"S18",0.92538093108472,0.214115696580502,-0.439238964678168,-0.225726323489048,1.01229028400228
"S18",-0.198710276782249,0.291194091983836,-0.465666041228205,0.633161206497815,0.0356693168110391
"S18",0.291814044192832,1.16497975555684,-0.481801875515037,-0.683121281781531,-0.374888282069786
"S18",0.98839052480769,0.647432089511127,-0.0867763808259331,-0.873138065529383,0.633316960916794
"S18",-2.73433518856797,0.509614871285996,0.308028474489679,0.265722867983552,-3.67181459161329
"S18",0.288393176110081,0.317296184847583,0.0799998088851623,-0.869498935081109,-2.11841607029752
"S18",-0.605357270559943,0.237203911104364,0.231098927000842,-0.661145541759832,0.0629675976886261
"S18",-2.40687709646447,0.418839940849972,0.518943171027352,-0.72747407296068,-1.42562771470152
"S18",0.210862883997841,0.635277788469253,0.626784787026966,0.38946281937203,0.487732921224989
"S18",-1.10955043496463,1.34390847275792,0.904136782261954,-0.429167780739805,-0.27543755209743
"S18",0.0386158075112163,0.823751567240027,-0.722279231349212,-0.587978397557426,0.975642476309383
"S18",-1.8822763931359,1.13583793669231,-1.12321602728065,-1.24286020828901,0.0767341037154998
"S18",-0.0940907088930441,1.52626812683136,-0.333301686024398,1.74921602792763,0.894531487780629
"S18",-0.533857396828392,-0.241849273916297,0.205707538213175,1.04440216173612,-0.802364338402059
"S18",-1.39118213386754,0.333268389455341,0.46548430878144,-0.855904153645308,-0.997215196922795
"S18",2.07365385600265,1.83095591552332,0.63994032408819,0.320017483828301,2.26813026315706
"S18",0.28619690636153,-1.06350505170856,0.676138017786961,-0.00829546679820629,-0.451836390741672
"S18",-0.584857532984623,0.0347836209717052,-0.654938694990527,0.556496743976553,-0.149734644144291
"S18",-0.0573850574713853,-0.0145738955995916,0.786010869414495,0.525924557817186,-0.341944848884898
"S18",-0.794742896127217,1.1104841816296,-0.952539367280798,-0.431112355738015,-0.365090074804059
"S18",1.33742353888542,0.371198773807228,0.402113734268532,0.173906970913029,1.73916184525558
"S18",0.0964335875074036,-0.6849549240383,-0.373451039295464,-0.0697181065456322,-0.823760004623974
"S18",-1.82047198586037,-1.06169995808638,-1.92751504665648,-0.681464573802073,-0.917653380363346
"S18",1.2167190444045,0.631305957593857,1.04951932580476,0.285880156361521,0.507199130779009
"S18",0.546566686231773,0.847742802445067,0.796010088532429,0.196342729007782,0.372152103992262
"S18",2.01415461424514,0.091966160090067,0.37253641278276,-0.171389208578581,0.519621763018376
"S18",0.463165164362075,-0.341779546502257,-0.59013124585034,-0.268757350811434,-0.883570001696721
"S18",0.133817826217722,-0.885948598373156,1.226420584355,1.42629113785136,-1.56454041328235
"S18",-0.017719107680254,1.36919614803501,0.755494730191862,1.49793002212181,1.2729417672595
"S18",-0.400600799385169,-0.286221879895477,-0.322206358176765,0.193672503377576,-1.50417909412666
"S18",-2.25342369332801,0.100578198663976,0.425282499713409,-0.448439690938772,-1.64987660988981
"S18",0.547866693788149,-0.244382899083656,0.748496989352512,-0.0638049287274589,0.169875463342475
"S18",0.112034198751965,0.731379933921578,-0.0113749081283725,0.898617571485593,-0.757585628945983
"S18",-0.438086032822584,0.825196663914663,-1.24109058545238,0.146849548391137,0.199569062964501
"S18",0.23519342786769,0.797508258346227,1.66708096927024,0.357454103944831,0.0961668516364477
"S18",0.0396696427048254,-0.505254605590364,0.299948079896994,0.473998163536305,0.0776398461498891
"S18",0.656662776163369,-0.00434618628722254,0.619856833356909,0.424389852023281,-0.314419964059105
"S18",0.143438256511897,0.573094056619608,-0.242912638433574,-0.884122140561193,1.00909094137204
"S18",0.458789167518498,-0.959811755494838,-2.03216002457965,0.772085409614073,0.0613498741786844
"S18",-0.0190588656932414,0.840831917769876,-0.871463233187161,-0.249198681867915,0.955162771957109
"S18",-0.878380869404721,-1.19316515893301,-1.05176216810685,0.581288446203816,-0.943352122263315
"S18",-0.148548852323288,-0.91964503639646,-0.973021364795244,-1.05416498252482,-2.15897512657803
"S18",0.806645808075897,-0.0834673791611354,-0.586242958755879,0.198422308815381,0.199863532048345
"S18",0.533757671084115,0.388269248428703,-0.0823576055119,-0.220481547775301,1.00443156317309
"S18",1.16051195225225,0.416447650329218,0.164486153533119,0.781435241643632,0.158564093520006
"S18",1.79413662671911,-0.375176764621171,0.649077141521404,0.897580697186514,0.00321482103290333
"S18",0.707691729338446,0.294893851654519,0.206834149780182,0.450434485090794,0.783197768285306
"S18",0.0425637494715527,0.0042103761262818,0.0334392401862237,1.1157335315423,-0.207247350571413
"S18",0.261655121316217,0.576978009085016,-0.38630684784867,-0.398152411775013,0.539281017148786
"S18",0.446454204871994,-0.112720131902327,-0.46112014920799,0.485101177469158,-0.046075139674039
"S18",0.997593641553354,1.39967205438047,0.906916143174645,0.0371044506594535,0.354161274221862
"S18",-0.147771752783646,0.616998612186421,-0.696790490571103,0.62315960523625,-0.926699716469003
"S18",-0.219394701671086,0.789662957355493,1.05264597874562,1.0380724432022,-0.635201807949296
"S18",-1.40247104320943,0.499875795061757,-2.05625082101434,-0.353806882856745,-0.187154560766618
"S18",0.158041738401139,0.518699876634544,-0.896533859418083,-0.652461636633354,1.71879769467356
"S18",-1.24458033289585,-1.61888969145118,-0.121606273799004,-0.273862824441864,-0.644086114790341
"S18",-0.847579341986373,-0.80444355402899,0.506621576026622,0.189980886961253,-1.09701312741848
"S18",-0.0105594285429902,0.141518627207581,-0.037964812294459,-0.393352979852528,0.385031405945359
"S18",0.243880561134006,0.544353180330372,-0.649643432837356,-1.94068406580135,0.302868102317245
"S18",0.975485583095531,-0.515579569673513,0.0881666263065792,0.17577654525894,0.495818023765059
"S18",-0.975840214036248,-2.26876926196825,-0.191097497296728,-0.774138941200588,-0.749266587922471
"S18",1.50336039985964,0.147443320031079,-0.663427882197941,-0.81620482309141,2.42697832576821
"S18",0.468937155049313,-0.867539005096518,-1.16649167128867,0.659469357421546,-0.40781428203297
"S18",-0.286841140570179,0.607105160348923,-0.0371650699755877,0.991578328442884,0.924016663360271
"S18",1.02015044233335,0.747308757760787,2.0701484373989,-0.639736571622791,0.324693578437779
"S18",0.474107758263847,2.01166085755329,1.12828852074401,-0.0125339997853781,0.735248728526092
"S18",0.875164299489077,1.23419750918483,0.169606470882762,0.15303673391423,1.42724224477497
"S18",-0.68676555183404,-0.243461198710289,0.19005667650255,-0.672233508430704,-0.713295348189793
"S18",-0.829628846049726,0.144522343409167,-0.167407872237089,0.662916598728001,-1.09275325189105
"S18",0.556786334336401,0.247764683563427,-0.453029957924162,-0.426510579449173,-0.855920467715298
"S18",0.63760670322784,-1.01906756140771,0.0745132401427119,0.824861418446469,-0.790450908846135
"S18",-0.215667734164354,0.714917594841625,-0.138345546373191,-0.794684847148407,1.20230402909192
"S18",-0.499696736401992,1.1907262847465,0.608745967993883,0.83240150631766,-1.04142571517385
"S18",-0.176253674675631,-0.164051841888303,-0.0745844282323278,-1.14696846585645,0.0567101588237188
"S18",-1.39683772933088,-0.956267170774944,-0.414021513648021,-0.242532853598594,-0.377922756457819
"S18",0.154427552923581,0.284222656659681,-0.126583306683226,0.625687901163207,0.27097315117185
"S18",-1.27268083569442,-0.697024608066369,-0.572407195493436,0.803806583572388,-0.732209189833028
"S18",0.807081261133522,-0.50656049446427,0.511518281181847,-0.468776624711044,0.709269038372917
"S18",0.127501172591224,0.501309182769105,0.955801605049772,-0.224191752211493,0.236570079292241
"S18",0.904207461775858,0.0323799167113562,0.121089707766345,0.250418142570014,0.577495961485262
"S18",-0.621130527362747,1.6707394473771,0.305710923424145,0.547472286023068,-0.41582392698179
"S18",1.43297183242625,-1.44161661031633,0.00721880126304625,0.512286286216588,0.47509089362376
"S18",-0.163063247291501,-0.167328509365422,-0.328736075233991,0.612673965952157,-0.528627452509475
"S18",-0.408173402739377,-0.739643112501925,-0.676610244617013,-0.224640493248583,-0.818575875828625
"S18",-2.39324627095811,-1.31753104305565,-0.188861285620002,0.381090022256036,-2.4746475010414
"S18",1.08161879603783,0.899889935542899,0.458358765542759,-1.39157325759229,0.853118262022463
"S18",0.26180098303327,-0.649577370508242,0.683631913936242,0.233690595212046,0.103962498883298
"S18",-0.585390653365529,-0.413442552049134,-0.967166616703481,0.16911151123341,-0.550089405839335
"S18",1.33264900906015,0.119340850598624,1.42051845953792,-0.7604162226044,0.797279393210328
"S18",-1.4375046489267,0.455256999738404,0.297256832050455,0.0715339104819289,-0.0775983297839056
"S18",-0.841887563382182,-0.316865268428166,0.0648591133813056,-1.34632307058963,-0.831339048305467
"S18",-0.199488035832578,-0.973035676950639,0.23081149050065,1.15300673518899,-1.22064051446342
"S18",0.311290112315374,-1.37150670857247,0.263644119233801,-0.098562835478237,-0.203393446471055
"S18",0.112167670434152,-1.19197364000347,-0.147096094129762,0.0297938228232522,-0.911335251724805
"S18",-0.27709442863269,-0.226097544049503,0.0544883703289445,1.81107934574542,-0.731824855153868
"S18",0.367640954543559,-0.589978509694851,-0.157590040225755,-0.30040789004881,1.28111866095569
"S18",0.630426438013233,-0.0122380994584161,-0.120786716101025,0.0399332531773133,-1.23967551933349
"S18",-0.719695726687494,0.169898223786691,0.0324638344042229,1.10327621236831,-0.302799595289859
"S18",0.185354196448259,-0.474643562083115,0.242587279160584,-0.0124567577974279,0.379883285537921
"S18",-0.478948356980789,1.25840560193807,0.118727825731452,-0.477620785254881,1.12434085593788
"S18",-1.14167732580223,1.57111016507988,0.495143200552247,0.0177812545083489,-0.509576520830727
"S18",1.11395364439275,1.1045690688732,0.384552795978543,1.4274807943281,1.37899431054955
"S18",0.305132262257149,1.38205373926513,-0.500295460271284,-0.138850771218678,1.94283077955805
"S18",1.0510212327122,2.85467121670373,0.684436517443963,-0.766518570633052,1.56225734918366
"S18",1.13035271022033,-1.58241849065463,0.481873072985152,-0.370449280434787,-0.518438432679896
"S19",1.4463791804413,0.952980921618987,0.665756399383135,0.194745298564273,-0.431165081292244
"S19",-1.73119934377436,-2.06385041220538,-0.63979820182987,-0.425128680146138,-1.09484227704541
"S19",1.35057269253543,0.930493145241354,0.389903719900634,-0.350669882994551,1.4091507732151
"S19",-1.14359052818616,-1.03129233144616,-0.779434840620111,-0.0894982966449875,-0.625294815940232
"S19",-0.120971940529476,-0.881130541903082,-0.476688960539683,0.648507871837056,0.150084881293868
"S19",-4.01593215182709,-1.02965547730212,-1.50286934182522,-0.607547805526582,-2.94104228433955
"S19",0.502105533101809,1.2236473684399,-0.0413159698134838,0.348259534373361,0.727154126863418
"S19",-0.29271554736633,0.462115491096088,0.905432281248447,-0.323200576889537,0.292283907773398
"S19",1.17488432645616,-0.415916559321145,1.46775684205522,-0.160957859707682,0.782390202795457
"S19",-0.0452466630103429,0.56216366398665,-0.83754370616632,0.287468993064122,-1.3580104527335
"S19",-0.999465477151983,-0.78479757565618,0.505388265235688,1.01916454246506,-1.94850658897284
"S19",-0.592526870811182,2.53867543311346,0.142643347562071,-0.735298242406717,1.11106478532868
"S19",-1.53830439897954,-1.06294604990057,-0.657271629706098,0.396922436627124,-1.11576467336869
"S19",-0.123252950129553,-0.224119234624797,0.382606916780464,0.410704586270434,-0.215413178993528
"S19",-0.774798813267388,-0.0709512663881356,-0.354951731360049,0.264138834441767,-0.509525737681713
"S19",-0.280281021265001,-0.717102771248543,-0.261471985830558,0.117645023054749,-1.13040134046709
"S19",1.8528939912468,-0.526252028068586,1.79479715659712,0.725714378861669,0.825189042871601
"S19",0.427651672089775,1.15072264269206,0.0604210869713634,1.57171711957238,0.47540102402143
"S19",0.25818482619623,0.0454369714415302,0.570500076565512,0.864906085041257,-0.604731915618095
"S19",0.693689229750697,-0.569703635880581,0.688336656110813,0.240452587367525,1.85011622502935
"S19",1.96571115639353,-1.06661051858476,1.02288405984247,-1.10665709197276,1.34612100638673
"S19",0.709472019946663,1.56791255199073,-0.232784676440085,-0.42008242719338,1.74872141557183
"S19",0.277726627964191,-0.8450316857288,0.506233574050233,0.0730165773370716,-2.31964446849964
"S19",0.266390393043614,0.469688370766578,1.7996685465346,0.866595325675479,0.00407317227758346
"S19",-0.790064319283828,-0.194923187293194,-0.0626364432337953,-0.456737122851805,-1.38827410986365
"S19",-1.27286990110848,0.573176339493366,-0.000311759898842155,0.0954809373816547,-0.30639025073603
"S19",0.882948429693863,0.144663765466881,-0.670548201865746,-0.0606883460038157,-0.593998385454412
"S19",1.64851912352145,-0.814816469983621,0.173090721093604,0.812398462539468,1.21246720166208
"S19",-0.822116073147101,-0.379747178227538,-0.425713576499374,-1.20815221128564,-0.389745724385697
"S19",0.349909404388531,0.164878098935636,-0.082162349487091,-0.317351734510647,1.29995560251489
"S19",0.685069885088701,0.561729186089411,0.164326817327517,1.10672884910197,0.106967863893976
"S19",0.511082177850364,-0.620873347082819,1.41064444810966,-0.332357296456408,-0.261053653501844
"S19",0.977552844037795,-0.50669979483625,0.809303210537908,-0.105791742116377,-0.771652061820692
"S19",-1.61089590615424,0.232950183175104,0.496365234445577,0.466255896920874,-1.74779614076811
"S19",0.570628038074706,-1.58545636428,0.240637102351463,0.256139247347769,-0.363173676889811
"S19",-0.487631694716401,0.961837934406834,-0.168277723828829,0.0471970533719177,-0.712595941950593
"S19",1.30183636975247,0.823444687824651,0.933714821281836,-0.335392854801893,0.608041400320147
"S19",-1.20082594213162,-0.978152918728161,-1.07680186946499,0.820366000715195,-2.90889856861078
"S19",0.758649178420747,-1.17888885926705,1.32138031602114,0.369877830330647,-0.200134572952787
"S19",-0.417752010945649,-2.02935180923602,1.93667341436268,-1.4572431448245,-0.630570643243977
"S19",0.447966879630414,-0.262350805557649,0.666892814589869,-0.0137974344968607,-0.205920656337609
"S19",-1.01373822062451,0.123130138283725,-0.0639468867520402,-0.0743427348948471,-0.382888616039343
"S19",0.338654031859476,-0.900896059837069,0.263727482191765,-0.622941442290399,-1.15480490928647
"S19",0.16819290858023,-0.267249849936849,0.749199510045642,0.646659118993493,-0.846883565462952
"S19",0.460436834609849,-0.735344180060822,-0.602100138052277,0.119970540570677,0.0532441922269158
"S19",-0.27419647364364,1.75977256729038,-1.26044765006713,-0.797604274930088,1.21563664500926
"S19",0.358742083749573,1.28289032282061,1.31699345760992,0.370839859728281,0.956689512565504
"S19",-2.02114434800352,0.377015024310818,-0.970532559904871,0.113728373503976,-0.822975468230207
"S19",0.554307421862268,-0.0106258062588659,1.09944915289522,-0.1230362386035,-0.148762050700167
"S19",-0.985017084258253,-0.403500256803258,-0.583070351726957,-0.530562772948793,1.14010610217227
"S19",-0.821009010133948,-0.449622201048855,1.42366737923772,0.295967453047396,-1.04144524348047
"S19",0.0323822367949448,0.558499391772714,1.30093931337925,-0.173206453479089,0.0857505399499784
"S19",0.596313834361794,1.0912997217328,0.114172145544824,-0.209657948878386,-1.50419780794795
"S19",1.9558677988111,2.036346865816,0.08397985677266,-0.268125083274836,3.38875150827601
"S19",0.0390857379425039,0.919900022100345,-0.294304157677264,-1.33864333960271,2.4409278663601
"S19",-0.838965839370842,-0.274000792175952,-0.271688874169101,-1.00816683789043,0.0737736815554572
"S19",0.272801728456558,-1.52245738547291,0.79615471258668,0.320303582710217,-1.39195583097942
"S19",-0.379106387076311,1.05443189593415,-0.0526809779543969,1.68397193035455,-1.70733431675704
"S19",0.427208026999294,0.620720446925202,-0.416886712319697,-0.319949676295308,1.60443006866282
"S19",1.53933532740681,1.26151441237453,-1.2745320887547,-1.29434668514979,0.309013855451655
"S19",-0.658983441482063,0.883250852034664,0.11961081430749,-0.60516347110097,1.8675983533932
"S19",0.541161497760725,1.88557929189579,-0.496948306080743,0.680162199828499,1.83152600009159
"S19",-1.09208095691326,0.578905474777499,-0.361889082371587,-1.91559092346718,-0.0350824889311164
"S19",-1.57564744109867,1.61010194318529,0.0727416631230626,0.0540865833308758,-0.650044863828095
"S19",-0.28908811048006,-0.0424672585493578,0.27477537027098,-0.1108029171591,-0.2350520204158
"S19",1.56458376464917,0.461681610596137,0.430900233939104,0.900044408218129,1.35540786880874
"S19",0.639444483672995,-1.16548094332646,0.00101143960847376,0.178175819215557,0.29663870879644
"S19",-1.74059900019814,-0.0186184602243874,-0.253250063546754,-0.119169501785164,-0.382274943450545
"S19",-0.266996908377428,-2.01711042855873,-0.134672599315473,-0.449881796649785,0.543479390686097
"S19",0.0498020913635485,-0.88324861868055,0.754900544813478,0.966129146034187,0.253619977004551
"S19",-0.0327822433188462,1.35655684766286,-0.118877742078672,-0.284535406172354,0.800239437464956
"S19",0.204970565430663,-0.435839418339871,-1.49917643048344,-1.51043290462953,1.35571029410864
"S19",-0.382561572290801,0.505479180628149,-0.351711234905473,-0.439118376978723,0.586110146806144
"S19",1.20443092118312,1.43986774843588,1.45651271502643,1.3993020026343,1.31129027471979
"S19",-0.00709391024128697,0.25791592820194,0.422707377744121,0.605734165145711,-1.01813151904098
"S19",0.412203387360682,0.301018229099262,-1.18294059435615,0.0264209909625477,0.164093841300724
"S19",1.54437215512669,-1.23998666255044,-0.164363484976676,0.395342098656596,1.58293785051276
"S19",-0.946398618522021,-1.03812660552732,0.233383048226359,-0.183765973918068,-1.19013038024151
"S19",1.01687650527914,0.31230072577921,-0.0215501676004712,0.00998514264901676,1.3405936305957
"S19",-0.110671965584863,0.624003732256679,0.531523571654015,-1.07235176826909,1.67915634779601
"S19",-0.42787866899586,-0.446862957916221,0.539543078702556,0.460877582523814,-0.225653308135188
"S19",-0.205578738809283,-0.0434159509017263,0.978280191934836,-0.100515290389721,-0.967180705020162
"S19",-0.121477196507341,0.734942461876176,1.87274156955997,-0.614244604710948,-0.404237990784674
"S19",-0.258991048334677,1.35663410040351,0.710672263228497,-0.610396384985744,0.588614430507062
"S19",1.47958640801714,-0.393512642001017,1.10040658870396,-1.15436902979181,1.4445746595178
"S19",0.311049668149955,0.169567208408485,0.798650685324449,0.0144189712921063,0.401125740748156
"S19",-0.00447399740598808,-0.358169743881827,0.147353351437414,-0.0697311109836339,-1.04059645973265
"S19",-0.0417975525171266,0.863067166614745,0.512712360392062,0.225884427493876,-0.532933773689618
"S19",2.33990820664731,1.43636817644194,0.412815150808637,1.11651052214009,2.76961585013007
"S19",-1.55685141020552,-0.00247791975515825,-0.964349405321135,0.380336775444325,-0.48925137310531
"S19",-1.66534842315699,-0.681383551440677,-0.493916184755448,1.07921772039346,-0.0505652935246835
"S19",-1.03099901970459,-0.192893540242314,0.361672816002811,0.771555078843798,-0.710081778476166
"S19",-0.168766021479391,2.2677869889558,-0.239651116915895,0.388861411891696,1.53403731173646
"S19",0.591327464243609,0.216207626871235,0.0324049625845463,-0.131264514030291,0.0659166283139297
"S19",1.19061329653186,-1.07653520611423,0.135855921406566,-0.167444788970119,1.80206285966528
"S19",0.233697327589119,0.00315061763451947,0.174023399075029,0.845210148168572,-0.0174018295267131
"S19",-0.270368933514813,0.572935445085487,-0.423661241342428,0.377857306443985,-0.722665864418559
"S19",1.07484679676011,-0.354833329408215,0.971433091957456,-0.178510478671495,0.00522533950780033
"S19",-0.00485644840355354,-0.301342711915425,0.0816760051529274,0.91301452464848,-0.578687853368335
"S19",-0.613018457416584,-0.541461972067636,-0.555927333103929,0.551257958735182,-1.57713070062348
"S19",1.5419243437898,0.791632833619516,-1.10967950154976,-0.116008126558637,1.59988351238296
"S19",0.0929962853404091,0.546068962006711,0.0657252840686195,-0.344210537378654,0.728659956388892
"S19",1.2711053926401,0.944306999361018,0.480668898442737,-0.0690922265061848,1.90886523340596
"S19",0.642900641425107,0.642082495932165,0.224811300066291,0.710785806040837,0.438749004297501
"S19",-0.434468798380868,0.691539032395305,-0.720683804692023,-0.497461633793688,0.140936643259804
"S19",0.204305984877559,-0.846325394034681,-0.121076782910422,-0.255342547703837,1.1992055097079
"S19",-1.51607960524524,-0.352489813730242,-1.03180835802197,-0.615019330884874,0.36104773297007
"S19",0.734329061897589,-0.790618669921398,0.114939876865214,-0.162560782276469,0.118462692154945
"S19",0.382606001294266,-1.4669122504476,0.256023242532921,0.689769116595478,0.0959961074445622
"S19",0.774762380849096,0.280279942964289,1.65277471070338,-0.426474073228066,0.906616738928117
"S19",-0.299287841155995,-0.300690508731186,-0.764338611522448,-0.0882538379957785,0.32650777119201
"S19",-0.271325510037516,0.534196239279417,0.12843052747241,0.70412263191769,0.486273551251344
"S19",-0.0514606374546817,0.461201039424356,-1.47640324961045,-0.472635512744748,0.557838986037174
"S19",0.724065964820635,0.294299513087089,0.364651113924237,0.535763382012204,0.378439594758115
"S19",0.874935398205094,0.865580135510605,0.295988747797332,-0.0304914856218159,1.93063661703598
"S19",0.753937767919206,1.29074171308356,0.894404695116291,0.109990093456933,-0.494628032935489
"S19",-1.1817615083376,1.08041460884377,-1.19790959869584,0.807413022212526,-0.699705817602283
"S19",-0.308923786159905,-0.768732761054268,0.947966568299704,-0.54361813438968,-0.573323363348224
"S19",0.560188821145801,-0.605094669232913,0.268836938287486,-0.389132224137456,-0.327669895743778
"S19",0.568431221706813,0.143978203664954,-0.153016129537907,-1.10470519613197,0.27340649598358
"S20",1.19361769276256,-0.217422454702645,-0.284690582998262,0.543801345781015,-0.375981024681044
"S20",0.69635282905171,-0.758671666137521,-0.565140881960556,-0.972211422769047,0.645591859710078
"S20",2.0302859713148,-0.758562688093782,0.771269843823751,1.69479352878641,1.16730259741578
"S20",-3.26312880372445,-3.33872375119403,-1.01808649602319,-0.16769914995495,-2.682719296079
"S20",-1.33749970583396,-0.266615745593081,-1.42053382332287,-0.783552897625593,-1.07380682125845
"S20",1.42851014427668,0.638156710805262,0.344626491691026,-0.694338614061898,1.07162646509427
"S20",0.414927941603456,2.97513720927317,-0.501362675051413,-0.913157676766346,1.9787904762581
"S20",2.08840288909768,2.39287674378428,1.34608835906157,-0.934533551600201,2.72117236904457
"S20",1.12136405701375,-0.910975039461202,-0.756250119969808,-0.113162828653443,1.12272788437305
"S20",-1.02318313126058,-0.459720729123823,-0.217543223894763,-0.256659161330436,-0.662897754219968
"S20",-1.11233674869854,-1.39061436660392,-0.166349770393124,0.8036391300306,-0.593047962270352
"S20",-0.771149313459557,-2.08262405575331,-0.579817714001026,0.0677747877676322,-2.27855970036751
"S20",0.00498509438948001,1.81079718151846,0.349145287181858,0.843222575769377,0.535248675956904
"S20",-0.624103590487334,0.0502324545023516,-0.355362146419238,-0.0171580195245698,-0.918276456796074
"S20",-1.25633698296541,0.233239544264222,-1.19382244279445,0.969421132905468,-0.125040644995863
"S20",-1.55565530415451,-1.01886191330678,0.491621085552873,-0.659373590301965,-3.28996020619056
"S20",1.99655461235137,1.620535740635,-0.0690873407908286,-0.88703497020042,4.47244553889595
"S20",0.224224825961132,1.7356426176721,-0.390568503120539,0.529786351929355,2.1871633244583
"S20",2.50622253900009,1.056173824832,-0.453502945393405,0.32689154037532,0.91345934596317
"S20",-0.076436456878152,-0.307404207252959,-0.162404254479213,-0.914868926026246,-0.218130661029797
"S20",2.9146859156267,0.531411307070815,1.73259804345974,0.455415244919978,1.87641743551095
"S20",-1.41606404617532,0.80785050553309,-0.102836567558252,0.498553990313468,-1.15446767243011
"S20",-0.418028734088829,0.976097695586167,-0.157528864193971,0.724797579464782,0.145803416519214
"S20",-0.0838782837182673,0.430302000552494,0.221663110483744,-0.454327185973805,-0.263217837296521
"S20",1.95543554746611,-0.276778847708696,0.162772381552882,-0.234200187446382,1.34280758832059
"S20",2.36366656136435,-0.138827786072037,0.730925261967857,-0.296233848624197,1.60237703696494
"S20",-0.950207450121757,0.790060153188776,-0.399170910172148,-0.783133920342551,0.196811047118343
"S20",0.657134667489669,0.508865549686036,-0.133044187065225,-0.542719395300322,1.51525163697979
"S20",0.0291297066573445,-0.602727828539786,0.237170351062482,0.491446055133576,0.00509080796085848
"S20",0.698884548425951,-0.654450962825991,1.04815549184598,0.291617439309441,-0.583313999454679
"S20",-0.240245922318548,0.420632265477618,0.490262172811371,-0.836307466002285,0.182980581642861
"S20",-0.732025689907534,0.687634647994,-1.13383128048089,0.963185777654936,0.0208451224541721
"S20",1.77737744909744,1.43156441604535,0.609594045401585,0.335842683937035,0.889123384675275
"S20",-0.915347115469919,0.332067097342141,0.408427266149722,-0.699624066715573,1.34279827742375
"S20",-0.327394663562734,-1.23873038202427,-0.445441716011792,-0.596766457238354,-0.504267857514343
"S20",3.53491293592066,2.88072526093753,-0.0690299962868622,0.640151838397528,4.69162238359361
"S20",-0.0817174766217063,-1.38603579584498,-0.0992005197081249,-0.755008813624977,-0.157508130054828
"S20",0.673170310667213,0.492829919535491,0.896025719607604,0.456025702126307,-0.025090924823111
"S20",0.169151413694719,1.95538077993588,-1.58250296408882,0.118388341410788,2.88171570389678
"S20",-1.3383829997448,-2.29693472882604,-0.514781409411982,0.270649502087513,-2.19391556606574
"S20",0.412902784611366,-0.72799888916384,-1.17797091610695,0.35102715171017,-0.0418942542622373
"S20",0.986327878012961,-0.623765135253803,1.49928837724067,-0.239452635780232,-0.780397718303373
"S20",1.55674195208844,1.57999175548451,0.809628790858919,0.235816699911721,1.90932061721192
"S20",-0.935612780765764,0.193989429083668,0.0475445076863348,-1.01799623102966,-0.00312329599300787
"S20",-2.07892750229563,0.417833607393409,-1.24446856533964,-0.179252561369762,-0.805970276001913
"S20",-3.87368812569025,-1.56254555574954,-0.979599438537295,-0.44188718599039,-3.48216122991745
"S20",1.6121830490677,-0.570503322610986,0.0471659745410005,-0.0570451499894517,-0.450621747733625
"S20",-2.44969505986647,-1.22239699626971,-0.695218179571276,1.01333004798255,-3.19864516648257
"S20",-2.13743318914203,-2.24077884064594,-0.763123383396234,0.70654148242284,-1.7905239794903
"S20",0.604303086492282,-0.738503195204738,0.128205380710292,-0.31730145424017,0.705258785969499
"S20",0.875991121793381,-0.0534029477243071,0.00772030897311783,0.0885943253702841,0.921515573197733
"S20",-0.973461537198815,-0.860952734123793,-0.55443078021592,-0.0995279229174482,-1.88233449537012
"S20",2.61826497283729,0.915149332506235,1.59735366719256,0.16846633314751,1.9208869746362
"S20",-6.19554151415475,-2.68098238163383,-1.87192760875853,0.0583584839781383,-5.9866253246064
"S20",2.39716888371553,1.4510032658424,0.529049165451153,-0.327997594788375,1.25971672459817
"S20",2.61014549725418,1.57470704813425,1.3463222415139,0.138875011784441,2.75045170498164
"S20",-3.03162701828933,-1.95675447555588,-1.93283403872155,0.0597089429529314,-4.43033739041666
"S20",1.90097725919552,0.973763030086397,0.137967271833714,-0.342292882782342,2.46037014731498
"S20",1.01514003797863,0.232218769755553,0.389886650042262,1.06620766526309,0.915041055810142
"S20",1.87669371417969,1.44705483418921,0.904853784409562,0.681398287962581,1.76088969478782
"S20",1.105857475092,0.125516446182457,0.60826092201111,0.00617391364528648,0.362607575568709
"S20",1.53662662199792,2.58230234316022,-0.359317617593977,-0.210931711409185,3.64787266371765
"S20",1.49291361460471,0.725698824744086,0.259360600381495,0.864505340180171,2.20224234278102
"S20",1.03973515075816,-0.506820217255339,0.704800411946943,-1.65134613991613,0.825067874894566
"S20",-1.18065605149341,-1.09673890426345,0.27081571380972,-0.807987622172355,-1.08909728118546
"S20",-0.429052870656481,-0.329769225129692,-0.751376232666594,-0.0202117692022894,-0.0325792593783465
"S20",0.546162059882315,1.09407796180976,0.644213382707153,-0.103674244327997,1.12580416557209
"S20",2.41507687237163,1.2300637158599,0.613665480034916,0.232709876714509,1.13976915410229
"S20",-2.47544235419216,-0.0827317926612918,-0.520546786862033,-0.645505973209626,-2.38224858643591
"S20",2.30311723849224,0.607273312051928,2.70905511328327,0.473833225061857,2.21097129503351
"S20",-2.4738415612599,-0.367932364629224,-1.62154554051719,0.467346808176043,-1.20732005480193
"S20",0.961584102642616,2.275962670854,0.128952198589142,-0.897382314406552,3.0387027566375
"S20",1.09411833264031,0.0279783552996257,-0.313943703271672,-0.288762252304252,0.279519199211212
"S20",-0.404116047721273,1.86626662094467,-0.375980208014759,-0.585004958082755,-0.0916181007281002
"S20",1.15234636379312,0.476491055083158,1.1891235237357,0.293640931768211,0.484017878475186
"S20",0.126475798439824,0.00136525088383954,-0.698837469798887,-0.657068849269715,-0.901641251085753
"S20",-0.757068457929089,-0.770927416295315,0.659762354847047,-0.877177486221758,-2.0376147027875
"S20",-3.79018605016712,-1.27910802737355,-0.878827095610349,-0.229644163195507,-3.43932762339309
"S20",-1.04445795746579,-0.317736443352907,0.226406452545318,-0.0835283154322761,-1.84658888767854
"S20",-2.41944492228742,-2.37629069251302,-0.417618232789305,-0.468079767456032,-3.73049963029845
"S20",-0.204999531021126,-0.437982083394844,0.396663238094511,-0.0149850484437589,-0.528773788073582
"S20",-0.181411921330083,-0.141246093218294,0.672924545754562,-1.04239105237761,-1.47281694566035
"S20",2.02096142456371,0.995476472164549,1.02099394338479,-0.540256995569797,1.9834950867979
"S20",1.9146825754731,-1.12006122883774,-0.689914276806947,-0.273022629574865,2.10389358470115
"S20",0.56732997006863,-1.33633130729998,-0.459075159341485,-0.278565423476383,-0.431940647113186
"S20",-0.735837813433137,-0.607184900633763,-0.917834034210116,0.571058081746622,-1.17693055487713
"S20",-3.20101630730775,-1.12525608647312,-1.84474109871684,-0.80323444865839,-2.07784009803134
"S20",-2.18537838325581,1.00565618768051,-0.803571405265054,0.0455962164775787,-0.830339796319614
"S20",-1.43244280800179,-0.517831820642155,0.164775663704521,-0.731782658886211,-1.65333983800014
"S20",1.18803961546864,0.72716924184424,0.375760298207546,-0.588434422790356,1.24570526557373
"S20",0.876294261262313,-0.249576194727825,1.24338276440569,0.298979888129956,-0.668738919558753
"S20",1.36342866777416,1.12726215887314,1.00657466257549,0.776318849818067,2.09848411808858
"S20",-1.62617925724937,-0.00629398693454597,-1.15635204700095,-0.385087266107748,0.539295556302637
"S20",-0.243941308804856,0.957113000614116,-0.40651887956404,-0.527502558198327,0.0186141966475198
"S20",-2.38463751971498,-1.38274301292056,-2.02344869218407,1.11695262942225,-2.9166654850028
"S20",3.1349299491902,1.00195475768332,2.02166933071457,0.187444107331654,2.84094062906193
"S20",0.54387910817203,-0.0209226028358512,0.443784452694671,-0.940902638937874,-0.401911440230379
"S20",-3.38523094051726,-0.944184899631387,-1.30182908255066,-0.305339641942417,-2.59691810929776
"S20",-0.926278216889801,0.900593473287859,-0.555495832562689,-0.62184651180568,1.05975721939515
"S20",-3.32420251169985,0.133959476385018,-2.13300303406427,0.381892864177586,-1.81683360268385
"S20",-0.0859916705063795,0.682381393187031,-0.67876116548073,0.50519637384444,0.28979232683109
"S20",1.42953429245079,1.13459302575631,0.0650877931101726,0.0483918762791512,2.83829533515498
"S20",-0.418999668225552,-1.90787790539993,-0.278645063817143,-1.12838575411855,-1.71768309299181
"S20",0.0547564838362448,1.11296365536563,0.691090404310391,0.988376253846582,0.617865726192506
"S20",-1.14056089119363,-0.4722989890216,-1.51460742430964,-0.0115654253639689,-0.254756503368106
"S20",1.31470929829577,2.59534464873534,1.09797853595305,-0.562936288741241,1.66317076630464
"S20",1.00569857504077,0.657152286668233,0.73151809337923,-0.204310410256022,1.80905808060053
"S20",2.05608436220359,0.348797983009794,0.221219544434757,0.275509974609858,2.37409550420962
"S20",-0.388284473954007,-0.0480154164982819,0.0155535306658936,0.312084266800065,-0.948419474614679
"S20",-1.8153335319701,-1.05976895165595,-0.959951091653564,-0.903259756709113,-1.199197992321
"S20",0.817603392757539,-0.604328236197449,1.08949426159646,0.251423663030572,-0.0784011267865974
"S20",3.94997280160582,-0.134485921971986,0.867971757708889,0.409738134006032,3.15119256424319
"S20",1.15567598947514,-0.472532117544887,-0.0364970246646076,0.866170359707402,-0.459930005364031
"S20",-1.86844831791291,1.46236510722679,-1.32423805110738,-0.40403414754838,-0.0792604002448307
"S20",1.30903835470738,0.806758032992692,1.94755481085921,-0.781162565420594,-0.255929371514604
"S20",1.96443198262,1.22287830822778,0.301094919071877,1.32824850532217,3.025899597124
"S20",0.406294395575277,0.348761440530238,-1.10608113526771,-1.10149731065988,1.15370631317491
"S20",-0.136037922555509,-0.305840739591178,1.62229061800711,0.734127211145753,-0.204278901253955
"S20",-1.73220205320085,-1.74292085978299,-0.61379437784,-0.138309896297742,-1.13310625933386
"S20",-1.12320043646674,-0.813777064782534,-0.74298345334414,-0.430035826234919,-1.2042619559368
"S21",-0.524637341917012,0.298673804785164,-0.635748583166594,-0.604124963602016,-0.140655294919233
"S21",0.501159716710111,-0.210505347380982,-0.986022911896031,-0.741485487020553,0.390752436805445
"S21",0.170526909111316,0.814408150716824,-0.584180949997378,0.0932842175914795,0.957480874560467
"S21",0.446850700448397,0.534262230544507,1.08175316982769,-0.331635838622343,-0.750083597525811
"S21",0.192413139451222,-0.759960636593523,-0.723809848322298,-0.640971710886382,0.475577260237044
"S21",-0.324986874773209,-0.0995371144425841,-0.150702170282345,-0.39892480537109,1.28978780246723
"S21",0.362838607150214,-0.617765666940729,-1.01444537053888,0.10054821948779,0.614616175639214
"S21",-0.1802738129011,-0.560486010816653,-1.26121727377816,-0.794258043353743,0.164653126590507
"S21",0.0471990543058581,-0.0490856056331462,-0.943040526176528,-0.70778678281798,0.215877185010741
"S21",0.417499084826721,-0.55315857481661,0.5716229132231,0.26193932125635,-0.714832976923535
"S21",-0.0208975170711099,-0.257052966145681,0.195841375422607,0.644626968355252,0.116084762048727
"S21",-0.868494582894344,-0.483494044686667,-0.298108239981812,0.356447339872034,0.1637672028463
"S21",0.948365988429756,0.1838997189024,0.22221158052161,-0.246517571573038,0.0745388849168517
"S21",-0.00119743676637776,0.623821352521466,0.0939700477787769,0.155062889982985,0.822740393726708
"S21",0.0895717067784041,1.15375575048701,0.0849568655171224,0.566968181836739,0.599387757530266
"S21",-0.55795314953934,-0.438657112934327,-0.174527854801541,-0.122517178185091,0.653215594243944
"S21",-0.591412014416977,-0.857003639453718,-0.36668324262333,-0.181744765615054,-0.244317234179921
"S21",0.633576247330814,-0.535863828008665,0.527548935316059,0.091381895887632,-0.648840085608682
"S21",-0.523713162664189,-0.381701915767786,-0.511896863011676,0.359372699828995,1.04889117105803
"S21",0.892544316375914,-1.07284410973568,0.727633029026531,0.250254813751968,-0.548483585091047
"S21",-0.318463608320719,-0.6697626536958,-0.741537321393554,-1.03087022066125,-0.233019582215377
"S21",0.293510715625301,0.423371185693239,0.626414435341805,-0.0230679378036726,0.549731525317408
"S21",-0.461796803484394,1.62769704453122,-0.799720674206423,0.285900754374122,-0.260586123498097
"S21",-0.448797917211762,0.539361068799081,-0.182114366960621,-0.369430008581586,-0.60524498053154
"S21",0.282109316824334,-0.723232854361017,-0.0395618692534851,-0.129136641452223,0.344082706473786
"S21",-0.171991941279409,0.0696837312757268,-1.29227245660073,-0.90984031044602,-0.167202858275735
"S21",-0.748426028409938,2.21489557170393,0.433027425854203,0.58008121475587,-0.539065813801029
"S21",-1.17941299365574,-0.0227247964291625,0.125803121849697,0.563711821427765,0.155940397811056
"S21",0.885024281537178,-1.05205405548969,0.149105558761907,0.483754648494325,-0.462041033705665
"S21",2.169117769628,-0.629266556208924,0.92472984787537,0.983645004603963,-1.0892310572148
"S21",-0.024244991430731,-0.260174858469958,-1.92412433228539,0.18528559720166,0.931495721429678
"S21",0.0303731635868245,-0.792790678260772,0.119936346975421,-1.43917603271485,0.38939402570242
"S21",0.34067160357921,-0.209685902966096,1.48569604213846,0.595009347856907,-1.01590724918856
"S21",-0.750398792996941,-0.294707916246946,0.135604663898561,0.0762340005611253,-1.85207011487315
"S21",-0.235676748670964,1.22743446472766,-0.206268151390027,1.79044712913378,0.929543482976579
"S21",1.04077562177835,0.29731822008829,0.621288203905876,0.855396233820208,0.199943456197474
"S21",0.264977150327278,-1.09375517078958,-0.838926310981413,-0.0606592074357132,0.626249450302314
"S21",-0.754005284964814,0.355875388923594,0.49625496649261,0.663455190703248,-0.196623912627779
"S21",0.783021171180123,-0.135071003278098,-0.29833524697434,0.559459944158978,1.43357684378167
"S21",-0.368342661530711,-0.0398315230068402,-0.759988793598511,-0.769821281353,0.390243202019029
"S21",0.239227559666191,0.773510935282939,-0.264890477635759,-0.460628802437606,0.297342186315999
"S21",-0.637008785505413,-0.453530447204148,0.145981122286926,0.335018184897476,-0.571875849101329
"S21",0.731565632299121,-0.359293306669833,1.24616853596442,-0.657173092412064,0.737731264896315
"S21",0.17259173578479,-1.8083257203955,-0.00783291490602482,-0.0763908830394249,-0.0963127180524971
"S21",-0.866585447990371,-0.359464876559546,-0.28421739530255,-0.0838483727568691,-0.151766733987116
"S21",0.0411117799158879,-0.649485470101894,1.38388288091417,0.131852917293724,-0.146580917249018
"S21",0.358135089116083,-0.907889199017474,-0.818860411072745,0.391414198190041,-0.107554412853692
"S21",0.0175949773778346,0.110400772137312,0.274525917976335,0.292947863189792,-0.150787356785392
"S21",0.32466074497891,1.64860920280921,0.472928632650386,-1.64102455746142,0.178305988256023
"S21",0.353861843979795,1.6594057598817,0.590517012914948,0.978652289401812,0.181468716783892
"S21",-0.242726806086945,1.22262511017076,0.146395437208683,-0.144719737697081,0.222123279325748
"S21",-0.350914929519619,0.382059356190764,0.307943016907795,-0.261637701065327,-0.892346264474378
"S21",1.10083913384413,0.932895843763543,0.857929024502406,0.392713217742846,-0.0172529000772428
"S21",-1.07610154830855,-1.1404158706712,-0.553434076923681,0.247572257006498,-0.117682150580257
"S21",-0.0366634422759596,-0.426226816916565,-0.662062965275128,-0.562711800745317,0.3203505213219
"S21",0.953788921656024,0.607718991468677,-0.454572407519932,0.770533548066533,0.449344095409757
"S21",-0.352664682836896,0.295868803328192,1.26898322400633,-0.153593427599555,0.270303664462156
"S21",0.0604403882290988,-0.663263374042903,-0.994912073259201,0.361216923453385,-0.405158004963584
"S21",-0.576428532222552,-0.380018773703863,-0.814996252767195,-1.04350154574083,-0.29638674824822
"S21",-0.828536955346376,-0.311244290422805,0.613929612632513,-0.32239286361284,-0.245733371386243
"S21",0.221052289241332,0.687407986434703,0.304118767000657,-0.178414317928103,0.122282643311295
"S21",0.180360169400102,0.0274260601970102,-0.753831576560679,-0.000407457785051094,1.15463671050513
"S21",-0.309645532280791,-1.2525024381814,-0.0982979254904025,-0.786253738530587,-0.20633334889997
"S21",-0.161642512110386,-1.48949477619556,-0.459973887013343,0.897860624657061,-0.203851902980944
"S21",-0.635575437607172,-0.636281588211072,-1.52107106550566,0.375765289752887,-0.644910149613809
"S21",-0.373143946777229,-1.21419992313088,-0.709523152508424,-0.183650168186093,1.01530620973093
"S21",0.529409939838258,0.335371499974484,0.370063452153794,1.65460033592773,-0.431866084656776
"S21",-0.684435378472764,-0.272714821935549,0.951280645163318,0.615037973791613,0.187033164034925
"S21",-0.600120760203205,0.277896017389947,1.16122769088188,1.41713217471407,-0.896367163320476
"S21",-0.289050269321085,1.10568836608331,0.217645941397009,-0.162928719375826,0.786443026266708
"S21",0.00872754633173052,0.451244069942696,-0.582829284178291,0.0456541773213936,0.498639212279474
"S21",-0.00178291937775141,-0.235114372202347,0.421590976251807,0.641823988524555,0.857269913878127
"S21",0.589590488044741,-0.41488995797166,-0.348841842675835,-1.1531259017484,-0.783322942137732
"S21",-0.552559690812737,-1.04070942092911,-0.496765365806318,0.550009221743554,0.783073815966146
"S21",0.604546647121699,0.81859157807897,-1.14417706947252,0.630975188600038,0.832626654979997
"S21",-0.03776108416877,0.490571387569033,-0.0513692803191307,-0.319281515391293,0.14246802282758
"S21",0.867036272168206,-0.29690543506343,-0.981365147633588,0.580200276361428,0.0124900405304992
"S21",0.763636027471899,-1.06066815737395,-0.115270302771937,1.31080962898961,0.180825725039639
"S21",0.49497517310603,0.369456929204732,-0.0539969281297654,0.0695389871695811,0.0981601294694958
"S21",-0.145180677491869,1.11522283459381,0.951159052193926,0.619620585442434,-0.28016562413403
"S21",-0.616142375478739,0.547634826229946,-0.964574968728201,-0.76623352276229,1.47381837254213
"S21",-1.10565683838824,-0.753511911710554,-1.03566394079344,-0.572858617265087,0.138179284918531
"S21",0.542994945971214,-0.571215941677727,-1.30752640909754,-0.814688381337673,0.551113577043818
"S21",-0.23794813160386,-0.664026431115828,-2.07774680957781,-1.14686262678119,0.546257215338122
"S21",0.641884342623949,-1.43908530660061,-0.129885311935204,0.528762110595815,-1.00076060123581
"S21",0.413522400133142,-1.51373282494456,0.213934928091284,-0.471445948211765,0.0598154179355838
"S21",0.938735493889475,-0.346574469758194,0.216715685402169,-0.766151447696573,0.431004677940331
"S21",-0.781073438652525,-0.135675519595414,0.485294425009321,-0.520006213326281,-0.29581044519249
"S21",0.198158008169525,-0.122743106078822,1.21953698794944,0.49124945698957,-1.93057198985686
"S21",-1.35846629629908,-0.264596041778273,1.47675562581194,-0.461845273467785,-1.4728241279628
"S21",0.934526060587835,1.24375998454517,0.103580380117871,-0.446016320628537,0.61258671082192
"S21",0.121374342251524,-1.01854356399486,0.568839647369712,-0.430530772297546,0.874278138122934
"S21",0.0334404492959903,-0.862210239687774,-0.0676584932442738,-0.391944230311457,-0.258298699165624
"S21",1.14687604310723,0.313143360120098,0.436821820937945,0.709672085058797,0.436701789130876
"S21",-0.892362451177967,0.263001170524865,0.67543840553898,-1.02871908664282,0.352958869424489
"S21",0.693451699651199,0.583991984451013,-0.290449046551234,1.48678578086695,0.608973555285803
"S21",-0.643536851262886,-0.165550434800211,0.47277016658846,-0.098524891671607,-1.24255337333451
"S21",0.913917689701594,0.585534500807938,-0.880016011335762,0.0796342246026349,1.73463608376828
"S21",-1.05741019887894,-0.743698494485868,-0.574987727681642,1.489211174031,0.476350299699161
"S21",0.149158077501646,-0.0959139313459182,-0.0612568822641891,0.896526019044413,-0.150772174695693
"S21",0.0172907023634096,-0.687084895671619,0.239282917849066,-0.586387373873982,-0.0633660872675138
"S21",-0.159122565753619,-1.93819875533326,-1.2796054221195,-1.17298759382038,0.588884970439906
"S21",0.0225213398391173,-1.42734431415465,-0.750901669298901,-0.316672619056335,0.0190889273206402
"S21",1.05081685695626,0.489409826238151,0.540853364278286,0.106050000075149,0.213653726198423
"S21",0.798406296444666,-0.522881162828254,0.629639240004829,0.501395647956228,-0.413666834888521
"S21",-0.847849197255665,-0.0311951933385299,-1.38312356665992,0.0896513722199455,0.208612705074389
"S21",0.462252254286643,-0.636971074632467,0.40769490064961,0.66349170362926,-0.969651465651886
"S21",0.178290150683285,-0.61013959953789,-0.332949587629107,1.25355322720676,-0.165424037624516
"S21",-0.471047628898711,0.233611745591818,-1.32942364504617,0.0599393763263125,1.38224314602322
"S21",-0.803125249074539,1.20688521748042,-1.37058147556161,-0.163825948989088,0.580455594320294
"S21",0.897442905324167,-0.40908020614997,0.328841353282485,-1.03420940704072,0.11766703890434
"S21",1.45157515868602,-0.277146332612045,0.298421613898451,0.0387147084431788,-0.192284771885485
"S21",-0.803160174178219,0.0778864693023746,-0.0943645040273861,0.693380682295049,-0.151741306386289
"S21",1.12293484943816,-0.344545123621072,-1.16528269396003,-0.554561151349399,0.155180237229193
"S21",1.48730652772804,-0.388361437777603,-0.102048266413887,-0.115586829113463,-0.61540684205934
"S21",0.0864652486861702,0.030730340059846,1.05057221485804,0.785737683728179,-0.965257237052913
"S21",-0.217262291908686,0.197951665845601,-1.57819714484876,-0.737492271284593,0.86756708656286
"S21",0.683534509371417,-0.522903441134209,1.26313090953325,1.19094755763824,-0.0652385050720857
"S21",0.819104495041839,-0.360618399287634,0.464632304769502,0.586299337745664,-0.12503805810936
"S21",0.436522126954268,0.0930519448790503,0.873330854298439,0.615759828750502,0.316024224359281
"S22",2.29868122163506,0.788291899879301,0.716202715665944,-0.398098459225258,1.92684070242129
"S22",-2.56320387123206,0.988178483261515,0.284551386145705,-0.41738474171369,-1.75464032508479
"S22",-0.321772374556329,0.545384137080177,-2.08951964336717,-0.323405285326796,-1.13310969438741
"S22",-0.560275348516129,0.289133865325031,0.336861067509543,-0.784297474261528,-0.092799045975938
"S22",-1.28773044477825,-0.255152771886828,-0.782090393475205,0.447858911402132,-1.04936807397119
"S22",-1.75849374545525,-1.2848926782521,-1.27475532569593,0.378081151300884,-0.607346221786091
"S22",1.25522635863631,-2.07906501392332,0.374096212873817,0.888271557315967,0.471009128801565
"S22",-0.549593200788669,-0.571285151419763,0.710419192732661,-0.0705687557849805,-1.01266008973844
"S22",0.482904270860155,0.688844824963012,-0.485161459434363,-0.834851495449026,-0.0897051140847895
"S22",-1.97034690689293,0.329423692178146,-1.33568309929694,-0.92358918478464,-0.0722977418924508
"S22",0.495633003240184,-0.302223227517082,0.920481247950043,0.661306523842235,-1.02773025492052
"S22",0.733904848492763,-0.419897700467085,-0.55283974879153,-1.21592585251663,-0.625199722358686
"S22",1.69089892986018,0.0643233463142795,1.03043551807439,0.668889878374976,0.361892598363368
"S22",-1.47912927630855,-1.93555412764243,-1.27252931963981,0.968758235078888,-1.10792787527393
"S22",1.21616863980372,-1.25371069241239,-0.211323905491964,0.433953124117421,-0.00953893070209755
"S22",1.31376107944045,-0.293037454052207,0.0966472447663082,-0.504540212741752,0.775570907825344
"S22",-1.31694040916921,0.767356425249883,0.268851472961633,0.133428472297178,-0.688855136198128
"S22",1.13931128188336,0.760137415341717,0.751693252252796,0.467452753784601,0.966541690968562
"S22",1.04537674442363,-0.0592287276752711,-0.0307196767127785,1.23768470338254,0.854346139210276
"S22",-1.27078465155099,-0.440123472589355,0.0743697079972968,0.0296875240198073,-2.0620879583773
"S22",1.27872426474194,-0.225836894637417,1.54544205517081,0.613991302689139,-0.447669775492616
"S22",0.264800404997184,-0.752858698237575,1.50532126718872,0.794605692247528,-1.02371021903296
"S22",0.767645552561219,-1.0515868489043,0.742193219489086,0.265000451478146,-0.279572434740423
"S22",0.989087226334046,1.30724037749818,-0.057745070985119,0.621662518512956,1.13812665350893
"S22",-1.0997309520461,0.158747241359335,-0.0595742628977514,-1.47457798405788,1.48542984477092
"S22",-1.08356942867164,0.217284019697809,-1.00287845341958,-1.39598942841948,-0.350322331362527
"S22",0.586149099808485,-1.74237306925188,-0.281622088196311,0.880735037555748,-0.113901881028917
"S22",-0.467858680301491,1.56934343416267,-0.0825326798102703,0.56929192917545,1.37659192512433
"S22",0.377558558539154,-0.322980035274613,0.536525199595642,-0.362998838793432,-0.339117198141991
"S22",0.698343044585972,-0.722226326193234,-0.308494287889499,-0.808122312336073,-1.07311687957869
"S22",0.608111065103261,0.968848555468484,0.885277921575431,-0.29385784536041,0.200218366638856
"S22",-0.252059152584674,0.118212294678028,0.00365543158869678,0.132035375112164,0.113031723781257
"S22",1.09597468557538,0.268688824454091,1.55555755654882,0.32601621706018,0.615070142882713
"S22",0.602518387103301,-0.266086626818192,0.839578316686926,-0.435966264573516,0.686061641577631
"S22",-0.566809465083338,1.08222210494688,0.176870782442334,0.347723581603051,-0.434979573399485
"S22",-0.322776081645423,-0.0952211602908214,-0.0433896779891138,1.03208326791814,0.0670857911579929
"S22",-1.40922892236139,0.281394249392947,-0.50638061304802,-0.877620601559154,-0.640495467741506
"S22",-0.75873697749758,-0.46928227355605,0.104822998852412,-0.145053270531037,-0.976179876163957
"S22",0.501596529652391,-0.403827713807487,0.334619290307966,-0.00934673597965598,-0.0382667074331956
"S22",-1.6436497320743,0.514869776799362,0.0432107867207783,0.108123146528136,-1.63614586498347
"S22",0.461894846195374,0.249340284922287,0.810559228084089,-0.273250998999862,1.89981206493859
"S22",-0.567748254994625,0.501784009709546,0.451862299957135,0.0406227861168012,-1.08818123072794
"S22",-0.402252947582083,-1.07181464386522,-1.02103156826615,-1.60130182920695,0.108882199227028
"S22",1.40785454848224,0.173978608222287,-0.526422860833115,-0.879387448757079,2.22047984877522
"S22",1.27421262985998,0.855291153013666,-0.201677515019346,0.514869853492198,0.557983642576891
"S22",-1.90768206229212,-0.923356628468816,-0.388224964041283,-0.0699970432065515,-1.26103434556815
"S22",0.896367006683442,1.07519659258542,0.996026254911731,0.413071401001017,0.731668599533272
"S22",-0.399426687213489,-0.676201160262309,-0.0170047212745281,0.194558279934302,0.226601437335512
"S22",-1.12125102207887,1.0799427303069,1.09022121747028,0.0183198419444262,-0.970299032326809
"S22",2.01754660030947,0.857084445963676,0.719140411884374,0.165032244049038,2.25831325599876
"S22",-2.73689171452719,-1.22988390896436,-1.06537307716342,-0.0764581863126826,-1.57299191359893
"S22",1.88775426295143,0.164134677177814,1.69063895762125,-0.666391787544259,0.855508263196034
"S22",-0.627094536308971,-0.313188401496485,-0.681434340667111,0.0207171124174498,0.380216297179264
"S22",0.321317295914192,2.38947970984467,0.454145750167535,1.04889510816756,2.09439023251172
"S22",0.836099911683315,0.137172045709211,0.26636860321038,0.1040126867814,1.17089647335105
"S22",0.301978338924808,-1.46188165471772,-0.588414113485004,-0.190919232927033,-0.124935984393156
"S22",0.13363209782236,-0.846828338506211,0.0260513622890275,0.430803619084952,0.0500151856309725
"S22",0.948697957616404,-0.229043106944561,0.801013820750392,-0.266185166892165,0.212643751070204
"S22",-0.00963056210274282,-0.268577011851538,-0.692494655938515,0.490814679942801,0.720000475158108
"S22",-0.908939524873608,-1.07157871868282,-1.0657930310778,0.21803533885845,1.12577564030432
"S22",-0.71582037469082,1.15373816932408,-0.427500970812897,-0.294238019034485,0.27336144238905
"S22",0.522951560037156,-0.0669809326033229,0.564110136552018,-0.480973854927356,0.180799689402118
"S22",-1.37705864109412,-0.525553408315361,0.440762534308975,0.417642389617387,-1.45985678298913
"S22",-1.08058768694355,-1.01189106225073,-1.11050034842126,-0.125138768134888,-0.0970023796992838
"S22",-0.466332536226995,1.12297112459052,0.0539516302327815,0.41501502096952,0.205294637678273
"S22",1.49030449738957,0.225321803344079,0.454462275625246,0.558022295096671,2.07327204299981
"S22",0.193362573930592,-0.15408299600237,0.0395447508843849,0.289452268311589,1.68038198575553
"S22",-0.242511609183001,0.19627701752528,0.655969223063753,0.334157378581313,-0.360143084682185
"S22",-0.665291741019732,-1.02297011374889,-0.862029504940052,-0.633273426961871,-0.524386745094403
"S22",1.04970832060931,-1.85512002235422,0.604501397143972,0.984126006929483,-0.732219114096004
"S22",-0.374798225108539,-0.8303430219718,-0.217219508736493,-0.742726901491721,-1.33432451377233
"S22",0.634103222498401,-0.603586033621113,0.236028849170517,0.207298455453383,-0.778793941856002
"S22",1.63594429196501,-0.160063754161366,-0.0625196806822291,-0.653622216886141,2.31654725143001
"S22",0.688624785827125,1.12939448074512,0.934762133032584,0.875002483402687,-0.873952679017372
"S22",-1.34662277449304,-0.501469762769913,-1.25496488516616,-0.475095854185238,0.197729660646423
"S22",-0.529823877293067,-0.316508972549639,-0.227491372296371,0.56830841872464,-0.904633287941362
"S22",-0.199635350296769,0.547173753441733,-0.203292601218471,-0.106474312255508,-0.0607325373568992
"S22",2.02912761823841,1.0119627831666,0.344035660805857,-0.26474662417163,0.797280988812491
"S22",-0.352538069331535,-1.46850295394487,0.655581114197876,0.931699233093639,0.479683219421913
"S22",0.680218250969624,1.41961311477787,1.11669827379449,-0.160432807789101,1.6721852803295
"S22",0.824802104383616,0.515005825018832,-0.820487014653142,1.00429213502442,0.1938012655769
"S22",-0.185347430325237,-0.100852195975029,-0.825419593067987,-0.886460071933856,-0.226091992081297
"S22",-0.528587250382154,-1.1057810154714,0.113749764851618,0.280284144285396,-1.09130421722114
"S22",0.76385413715898,0.716256429227273,-0.769840948448128,-0.456236717694236,1.64518056254927
"S22",-0.735738885077856,-0.401817395795514,-0.210586043765555,-1.09354713212221,-0.26989601718654
"S22",0.287153863028409,0.225238332890193,1.00286282808769,1.30423828476556,1.17057728908091
"S22",0.0627762239613168,0.802283086955482,0.224188177597974,-0.695455851253232,0.072371862141427
"S22",-0.48603880986801,0.987527373982936,0.367418813672098,0.509298687189413,0.575917283437205
"S22",0.996848509513041,-0.214274216663323,0.483907756435385,-0.200197864144692,0.0980354180980417
"S22",0.909002220961219,0.931628625507654,1.01822559900413,-0.167729056433247,0.908985180642173
"S22",-1.01845040895514,0.386554583346782,-1.28419958132943,-0.297526165078871,-1.11522261929189
"S22",-1.28211879699099,-0.102955136709091,-0.547167177126792,-1.40220403778111,0.129407480260431
"S22",1.73549857752201,-0.49951959999685,0.318152779561806,-0.633653792292023,2.18008195364579
"S22",-0.471115264823458,-0.700764908764351,-0.0951801081278621,0.180758788831583,-0.30746792302005
"S22",0.125797487321471,-0.635683984623304,0.619522298324972,0.0644795471969116,-0.123442906532138
"S22",0.620948420870718,-0.529042882347486,-0.560414935435447,-1.29825368077423,0.0022919208714649
"S22",-0.603236509130638,0.125015160255005,-1.05768530214908,0.459476678082543,0.41567066821725
"S22",-1.14294121966266,0.170420712685151,-1.83116611785635,-0.319487756206437,-0.34370014883784
"S22",1.95538879345145,0.0673313105328541,0.498778427068124,0.0401933764788382,1.01926346243397
"S22",-0.579565603597259,-0.987702849749,-0.245295406705924,0.824419265582095,-0.907014451397504
"S22",0.220342016524485,0.438041172893286,-0.314298198740711,0.0683384024499442,-0.222343842930531
"S22",0.137248159811166,-0.702320922820051,-1.374236306063,0.675027658549165,-0.131880479454037
"S22",-1.67439679756205,-0.355966577984533,-0.564811982657932,-0.157975787461607,0.736955973964363
"S22",0.683181299583396,-1.79249176660121,-0.979608930259305,0.810001899041452,-0.24339588240419
"S22",0.114460242857204,-0.18478127260196,0.00770996381224299,0.22503863614239,0.674635582461372
"S22",-1.31236974192989,0.334422719267176,-0.909801906421058,-0.846250306648468,-0.369619071461088
"S22",-0.130395196110766,-0.388231269884469,-0.978094193309469,0.557654020584947,0.473798710610106
"S22",0.538881763559445,1.39072359876905,0.12433425674415,-0.216062970698375,0.83802207323835
"S22",-0.271182537995327,-0.454147920230221,-0.204111798029536,-0.797024406142582,-0.318476774596842
"S22",0.557506854659036,-0.476673283809767,0.0997906755159435,-1.36474176649705,-0.402262536180824
"S22",-0.779128054656355,0.302987851411231,0.244880887967299,-0.380942544598552,-0.0960812116558486
"S22",-1.75197395225514,-0.825811704579192,-0.0463006361855592,0.629202773997499,-1.85297262581343
"S22",1.72159432357515,0.168199999090321,0.032183617844837,0.00595452626419488,1.73965941686115
"S22",1.0972749219155,0.429760910871977,0.940735654713107,0.507854822746671,0.588274775494938
"S22",-0.208390056521075,-0.614573338578039,0.155068315052866,-1.26999615774806,-1.20217163222095
"S22",-0.321930755246189,-0.721041748982882,0.370849791106954,0.209436215903891,-1.3539353326516
"S22",-2.08340940609566,-0.151731199481849,-0.235969434752701,0.393597501922429,-1.26508380719077
"S22",-1.51343299733637,-1.75740451809892,-0.143194508880879,-1.72243495389144,-0.349914600061318
"S22",1.57806610320127,0.861763201328403,0.626520899982501,0.666254814941924,-0.397537736721291
"S22",1.85442312463865,-1.54856121999468,1.00696707399387,0.648393323034821,1.2041315533949
"S23",0.386301491678604,-1.13632527671539,0.0615821635273192,-0.876753443413494,1.14422138429753
"S23",0.454431756114721,-0.730132311321102,-0.231980945876688,0.270179181291934,0.819556163214675
"S23",0.454546727860646,0.806958677075701,0.510461085307302,-1.15345670822471,1.01298199674218
"S23",-0.120689926023466,0.100624457103675,-1.93634535793494,0.185825988863804,0.846962997144001
"S23",-0.335470302048453,0.742897038899166,-1.56847636823845,-0.740563195375067,1.51641693194274
"S23",0.356364945764413,-0.834038214884311,-0.283051529635479,0.982626262635387,-1.03035461832517
"S23",1.33918813336292,-1.65267951545717,0.463831906201835,0.247322902767341,0.5594501715775
"S23",0.369005349637181,0.45893639512101,1.16082812838899,-0.274734388395762,-0.933146145666453
"S23",0.878076733527197,0.280815834837864,-0.249852264048912,-0.379964596454413,1.81390196277157
"S23",-0.50355130811396,-1.6449232998485,-0.541095095681603,-0.542694626228587,-0.338088758489656
"S23",0.136635152428925,0.202748819941833,0.45061444520157,0.21143368647374,-0.792459710552382
"S23",1.29282992881868,-0.136728595564852,-0.498909374336641,0.520102242891279,-0.0434290249817095
"S23",-0.362312489333328,-0.236823050073431,-0.532075478190269,0.767426274253286,0.0533356847461385
"S23",-1.44925944774509,-0.0561608130902146,-0.396931935619519,-0.00398288879012031,-0.56009206093166
"S23",1.07153819434413,-0.620528911108359,-0.0887582976548079,0.82612311017136,-0.857152611197948
"S23",-0.775325823834562,-0.761262788299423,-0.742712287759831,0.0483462830933899,-0.250614992642453
"S23",0.517497333378892,0.507300543657365,0.398472320907669,-0.0179407065305416,-0.520673195704476
"S23",0.115187728771692,-0.46857568693034,0.109644397565115,-0.93034158172557,0.567365761366196
"S23",0.376503481183231,0.887885695477622,-0.108583858231756,1.11827245117236,1.04494675013666
"S23",-0.983795513081729,-0.0663881627398757,0.65295905081172,0.0783704781481482,-0.98566424897374
"S23",-0.944182577715303,0.129725450070123,-0.794204502275954,0.00978720990949578,-0.513615644615122
"S23",0.183628923385907,1.38439086735476,-1.5724109200454,-1.10878136645203,-0.588028597642636
"S23",0.0161024633189607,-0.64670565197877,0.715496571157887,0.562006219594719,0.0831154766687867
"S23",-0.980655307935653,-0.637713871141691,0.086116257474857,0.185639506001602,-0.33415109939261
"S23",1.11032598646647,-0.661344805770294,-0.450369938371138,0.361630684845048,-0.0553411359781477
"S23",-0.610857235301206,-0.0759570861786455,-0.148074403008601,0.163876697293963,0.679694713400786
"S23",0.235954841987235,1.09214531646609,0.301603399516578,0.520538506438515,0.230913594076634
"S23",-0.0416537022710419,0.758186046636919,0.731865861868293,-0.200924763500466,-0.333358585711187
"S23",-0.843036249848861,0.0987326594330419,-0.0919558770585458,-0.207460737095048,0.55521502424391
"S23",-0.775020130032138,-0.625070991215959,-1.09263211747681,-0.165448615936248,0.224512515146849
"S23",1.32131111904995,0.285575188346521,0.365954719553134,-0.375567761451057,0.43303668269624
"S23",-0.32546430906259,-0.613517954098341,-0.704736687121719,-0.650991066788812,0.0389342138931182
"S23",-0.907405360106232,0.233644831217091,0.283016548231344,0.229856888526746,-0.439441516809085
"S23",1.13284942307181,-0.166885420912773,-0.889156474652579,0.882025257507603,-0.328930551209298
"S23",-1.14557240269512,-1.13479118005975,0.140582919961614,0.914754535147802,-0.495017473398502
"S23",1.71742337410619,-0.0301457103791335,0.402237817806774,0.351545299865,0.251014863596464
"S23",0.171226688735848,0.49242319885327,-0.51160388969985,0.265377259136898,0.456420742956934
"S23",1.41718283950086,-1.40688169558532,1.39566613966126,-0.823732675455338,-0.299940957641002
"S23",1.20956547329885,1.28578792563461,0.294820880810005,-0.950106809771908,1.39210763003889
"S23",-0.825772670226445,-0.626531669680823,1.38466976056098,0.588890986523396,-0.669601588836334
"S23",-0.590803360751706,-0.151882828233497,0.75993117362022,1.21325573489168,0.24288432906451
"S23",-1.84087634391321,-0.103052882260044,-0.72357524537197,-1.12166655674499,0.0101175449470996
"S23",0.49077352975982,0.674857146084072,-0.701865347430393,-0.104693836536163,-0.048873949901163
"S23",-0.0108172289066377,-0.414228369049076,0.680412522681527,-0.461524635822249,0.956108166432298
"S23",-1.56669328928428,1.02774840160508,0.142753526473908,0.0865570250819876,-0.910493912675814
"S23",-0.0486495056597462,0.200535329059801,-0.00101310995361564,-0.921606066822146,-1.17190116456273
"S23",1.1061851037437,-0.634958850982367,1.06434264387631,0.325975743399321,0.0122834904203933
"S23",-0.147992491776851,-0.366629654160914,-0.373924524691138,-0.727571376776321,0.499201648682789
"S23",0.578735509529027,0.186026503584082,-0.287707529815206,0.525226237459118,0.11367905993157
"S23",0.575572352753855,-0.5918378034585,0.674265514951089,1.12407064532858,-1.26439005021582
"S23",-0.100735614932232,0.276131405057023,1.07780676886499,-0.0152697384539217,-0.955447000080719
"S23",0.369019571094355,0.721671376993576,0.0958711748020254,0.0288276269210637,1.21286705358631
"S23",-0.327788043282984,-0.895947211479381,-0.135400145320685,-0.027276020972026,-0.269677924047654
"S23",-0.845127424622915,-0.455282772745329,-0.012425947468761,-0.550497552155153,-0.114136774761759
"S23",1.76087010916301,-0.20230556094595,-0.127454017898962,0.0230996422060246,0.30544167765147
"S23",0.149701238681133,1.35576327931455,-0.0267634455966055,0.708511374837312,0.456724582568132
"S23",-1.32206190465824,-0.699606139057506,-1.19954345830279,-0.0416979879228769,1.34917326579668
"S23",-1.12123401517985,0.497287507725445,-0.771967772759477,0.0156566705577466,-0.0331994056678839
"S23",-1.53096357033404,0.993398974166463,-1.12001286797338,-0.920475971663584,-0.375005031912672
"S23",-0.222472480622203,-0.648745814081139,0.158453075474096,0.126238059511782,-0.238370930115603
"S23",-1.16060261955044,0.00517444772859102,-1.61219335066941,-1.12504297903042,0.900170604268775
"S23",-0.0891050843949214,-0.663970545013332,-0.705966075982139,-0.611041716409145,-0.705057341194474
"S23",-1.11250492480943,0.0544728238101966,-0.280780069694216,1.43438948628291,-0.87549604573758
"S23",0.835233455068239,-1.83745939464223,-0.785121899833115,-0.797829751492009,0.55222207590009
"S23",0.110271702769448,-1.41090912641607,1.73581463417433,0.296763818731238,-0.681546289889812
"S23",-1.20224629268549,1.7035881673149,-0.740946669028962,-0.30479437302212,-0.364027325079142
"S23",0.136396040506433,0.210159476311498,0.784404014317281,0.336053929849346,-1.42505881067006
"S23",-0.575386950064064,0.000176436928198066,-0.635964086839746,-0.00310899566671272,-0.269580140978478
"S23",-0.00519661359713093,-0.456964683553643,1.19862051260873,-0.383203973833234,-0.923750778353707
"S23",-0.689969497762992,0.81190412516857,-0.611819512077593,0.734507668448619,-0.517664506273986
"S23",0.0323293313437198,0.612823557823961,-0.469268366120038,0.146482261815098,0.462150225629674
"S23",-0.642429406071611,0.247388093970088,-0.478990506129376,-0.465607154680804,-0.158664685183703
"S23",-1.43019954357014,0.121247678987076,-1.14328448973084,0.782899500425696,-0.42682652923463
"S23",-0.631473572867541,0.456993456758699,-0.683572030165247,-0.120127229006492,0.0131958127878054
"S23",0.875051243163025,0.908597986535759,0.824469019653302,0.076014311999401,0.853044834259076
"S23",-0.437744236034957,0.473825235287617,-0.681892954087564,-0.380487741378244,0.0467218762248883
"S23",0.317023945860566,0.279048031791422,0.319895629375105,0.725472710900855,-0.0778259283312652
"S23",0.730507795101378,0.390710982918834,1.17201951836664,-0.355677391997324,0.165962868602549
"S23",-0.368697729370818,-0.0395212379815549,-0.590384848218146,-1.40233667599991,0.832483277288115
"S23",0.284631614530131,0.157163205028875,0.506320888732323,0.465654066055909,1.19859899232326
"S23",-1.05512508261341,-0.0583794366584397,0.0396088464458109,0.543463665276747,-0.0169604161749973
"S23",0.317762353508642,-0.706287493718069,0.314701792802917,0.206329480754617,0.621570335562619
"S23",0.524704806905073,-1.07150893304378,-0.146216013832473,0.140654937349984,-0.806340265044056
"S23",-1.16243414999563,0.198820560946324,-2.06025762031828,-0.877004406758158,-0.0852813754440886
"S23",-0.15095707990303,-0.92139862983115,-0.612967045349812,0.230972754497712,0.405913690721404
"S23",1.17707333041319,-0.422887776925539,-0.337680230259009,0.172525589395891,-0.0266993961655889
"S23",-0.780920629699957,-0.103472965969688,0.397370958752384,-0.148182676189296,-0.0125778621174673
"S23",0.304623060589598,0.80035314785028,1.29943745605925,0.12719724828699,-0.746669807639384
"S23",1.06928330054081,-0.083086710831985,-0.0228031998187426,-1.00466896332325,1.13108466014003
"S23",-1.22804557848865,0.588539689251246,-1.10795401680762,-0.337328286296011,0.133420018803742
"S23",0.158382306829791,0.369033779682157,-1.16640542917443,0.0830830800702612,0.141397011669859
"S23",-0.447356790827797,1.02967843788897,1.30215529953703,-0.326509961647369,-0.237209152932305
"S23",0.0155772823752633,0.204532955667664,0.845922665111944,0.438425642267816,-0.943027441780199
"S23",-0.107315584848278,-0.598182974354883,0.434295742190627,-0.606667256790994,-0.328814354815191
"S23",-0.00101876809454572,1.04826033756089,0.55414729366484,-0.415894860918704,0.131197829869077
"S23",1.1351119100605,-0.946962266362087,0.506367158824995,-0.0495568693247368,0.214150027381658
"S23",-0.782568161497135,-0.538606568851354,-0.123222273911526,-0.0600253696503734,0.684205117710122
"S23",0.796517039214494,-1.46020875331281,0.666988587682894,-0.125096350092428,-0.603041548872447
"S23",-0.914054456468303,0.917535917666221,-1.15230502047172,-1.48520458100215,-0.00588813766577728
"S23",-0.75077857910576,0.238074009169805,-0.619793917368295,-0.784603315527982,-0.161724103671409
"S23",-0.487486518602488,0.901392600835902,1.0413081209501,0.38443210839361,0.253587877185676
"S23",0.180505193844415,-0.725883377598037,-0.364867411659955,0.468562065727893,-0.0426811241308343
"S23",0.559859969311219,-0.225099727884107,1.13865414639135,0.230399702175433,-0.385873409286463
"S23",-0.399871435220456,0.373086841953433,-0.170593051389887,-0.84236737587189,-1.07560109175579
"S23",-0.524967595961658,-0.302712285370217,0.0128337716829112,0.199838095555752,-1.39738176235819
"S23",-0.531503612523657,0.235955806423789,-1.17088903274519,-0.144282885767554,0.196584527271548
"S23",0.796625023540739,-0.984300591961696,-1.88700095844207,0.0311038972688738,1.19331037048902
"S23",-0.524636345905653,0.501778159726154,0.188128069869036,0.784561578611909,-0.827243527005237
"S23",-0.380890544939018,-0.381708197005463,0.695244277386485,0.128700648592169,0.259479544002011
"S23",-0.777347660932438,-0.370606128565865,-0.0565366310231906,-0.892385493762127,0.635561961944746
"S23",-0.248332545473295,0.373284565670223,1.16395827122277,-0.0261546097566492,-1.32690330416424
"S23",0.254763116598656,-0.858047141182681,0.857689980918644,-0.35630533586101,-0.648142018271346
"S23",0.552040477261281,-0.64561739880357,-0.00834039881418589,0.215889046116946,-0.289801913424356
"S23",-0.265484124223867,-0.285005189993472,-1.01507630017236,-0.746228840034028,0.211958830698815
"S23",-0.298090547185572,-1.0412441529279,-0.278718118294492,0.443563751970382,-1.51933808435904
"S23",-0.997907857553384,-1.03897565199767,1.24116247297977,-0.367386310202791,-0.378762103465339
"S23",-0.301920857406844,-1.57997522060283,0.267589195006641,0.256308866864241,0.195016096036474
"S23",-0.511511264268667,-0.102698432021851,-0.843440938809459,-0.478561107005819,-0.265996598129288
"S23",0.047550275643761,0.645755736586879,0.380115368570334,-0.455417891194332,-1.02423687935684
"S23",0.303761504647756,-0.510320203301094,-0.866534221900005,-1.23030280135904,-0.929981330298429
"S24",-2.6198212649582,1.07356371828953,-1.20826784172893,-0.926506613895377,-2.19484814691539
"S24",-1.12117515247137,-0.404860432902263,-0.861316918780691,0.229131920554768,-0.397172420460854
"S24",-1.72359324114727,-0.542313574062254,-0.823954907751343,0.0662918253810112,-0.651610008854197
"S24",-0.0148198016066913,-0.136443142820286,0.498886324969681,-0.454768560612104,-0.0845987666763023
"S24",-1.04778115816387,1.04322512150689,0.448275780116059,1.48241198524219,0.174938777603511
"S24",-0.601002451975541,1.49099683001936,-0.0594933039438915,-0.479552375189453,-0.453800513077346
"S24",-1.0198758321578,0.971154755767378,-0.951174407585905,-0.386820459075864,0.347695788169335
"S24",1.88652327287311,1.17507186651541,1.08220814023277,0.00440907714476036,1.78196460891954
"S24",0.394230576267857,-1.78648477967976,-0.090734477537484,0.126641219480748,0.268738682249694
"S24",-0.863122139418046,0.00665089808675162,0.480130033379222,0.684353095678767,-0.961674853798659
"S24",-2.32429414526905,0.42668208855827,-0.878376250388511,-1.00802460482266,-0.626565052713041
"S24",0.286783862775324,0.265017719989282,1.40866634032244,-0.228874710530298,-1.35253079686317
"S24",-1.55344896858674,-0.336872968778627,0.242250148249446,-1.05882308147204,-1.11361252499387
"S24",-1.11856624519088,-1.07438769795272,-0.517474884676241,-0.0147912632125452,0.883723022224036
"S24",-0.113221925704271,1.48019844193072,0.238760396885594,-0.863849043243203,0.918340131727869
"S24",1.39862350131586,0.943352760073143,0.0195883809777365,-0.433214000076033,0.370516024580488
"S24",1.08393969213167,0.155016557963788,0.642609355219044,1.39129539038034,0.0945813444971523
"S24",-0.817573189006509,0.425861003717794,0.681948466983367,0.386067327116055,-0.663124626026354
"S24",2.36717530379081,0.525523734040401,0.25641245937209,1.15241172469671,1.44103900766591
"S24",-1.10101441689765,-0.233614472250275,-0.93792732870665,0.145151733228136,-0.897486337528969
"S24",-1.26928666412173,0.476012577267433,0.2213551799245,-0.286515064626034,-0.513569162347767
"S24",0.333833333322407,0.0527505609653653,0.492787504691712,-0.216595181269667,0.795605144213965
"S24",-0.793457717885852,-0.693042119849385,-0.359466178199188,0.346624990897859,-0.536160874778411
"S24",1.43818716945026,0.474904394140072,-0.245156941346997,-0.321988240116622,0.578033292122448
"S24",-0.848908982147542,-0.628245767628601,0.160684469385882,-0.125579502819986,-1.75804605422301
"S24",0.836480177264049,0.783345547716502,0.637524725495367,0.0814127335935554,0.591689759206394
"S24",0.368765702997532,-0.249919207915285,0.567280386400635,0.521549910820482,0.607563682666227
"S24",-0.574885569162932,-0.676833562528152,0.455985674134553,-1.17737154766946,-0.411666742584762
"S24",-2.0772866773784,-1.70128513080267,-1.78286653335591,0.498322328515524,-1.75560957143554
"S24",-1.0184482231489,-0.677976041538557,0.0374186721401303,-1.65580878114689,0.0360937757831521
"S24",0.676003993744343,1.28022647653224,0.195325351618326,0.440023523943835,-0.0812843377400803
"S24",1.4079531280805,1.03979623621841,0.313253367050002,0.31944246316745,1.14116367953818
"S24",-0.797848748215161,-0.134315989804746,0.641561921696152,0.0702483001351854,-1.23570310457044
"S24",0.649694869018533,0.843174656411252,1.18202740628153,-1.00011455473917,1.03660950981586
"S24",0.183539106256921,-0.814443249495471,0.731140845669562,1.49522499516149,0.147303991838498
"S24",-1.01448986128439,0.733610376757315,0.069738819643718,1.07951648914111,-1.09940538720612
"S24",-0.358656776865669,0.0117541941845642,-0.866409630641599,-1.10882289231979,-0.315306948044699
"S24",1.79888204902336,0.647929412711364,-0.379819822385676,0.314718226632819,1.33265682452583
"S24",1.80317053750553,-0.25735897331572,1.48058153331245,-0.0424124052486453,0.00900498497950397
"S24",-0.563489230167975,-0.0837389895765048,-0.698999772721173,-0.6726730150945,-0.0240942935314595
"S24",-0.933236963717184,-1.28401389261185,-0.639445818476298,0.060708013472144,-0.979236570486197
"S24",2.60448543316616,-0.558679263597199,1.67007267716824,0.505749877765371,0.475914967075569
"S24",-0.155041714321542,-0.71513334633918,-1.00948440870953,0.64229975959761,-0.306822489789754
"S24",-1.33201156610718,-1.24300682338548,-1.58250422287551,0.561413459292069,-1.24002166623036
"S24",1.93694672546588,0.842842287661019,-0.835964209885791,-0.65029835168314,1.49449301393642
"S24",0.562920293125438,-1.17130928408524,1.73472441520881,1.10263643052772,-0.109090015560524
"S24",0.960680746909568,-0.712727745281958,-0.269475315374583,-1.04577053534022,0.824195080086897
"S24",-0.784578142571582,-2.11263114200019,-0.10710177179816,0.288681351570496,-2.75905886512176
"S24",-0.315587381611279,-1.26032708671179,-0.226703351319575,0.0923208099973522,-0.884254633684949
"S24",0.884370238952202,-0.273896476092544,-1.01791788958045,0.278246693875668,-0.605737939903419
"S24",0.640120229764144,-1.39218652613351,-0.137490711534018,-0.27494796425078,0.999149965937533
"S24",-0.752562493701445,-0.685307838837453,0.779889218507387,0.50480019660046,-0.67847221959637
"S24",0.128962041880628,-0.298753127298571,0.0997787216845277,1.08632430766828,0.453183534439094
"S24",1.7822448720941,0.171023646111018,0.423490726758118,1.80657742858405,1.94044505673223
"S24",0.256039442397046,1.34689388065822,-1.62323096424495,-0.703325740841778,1.05857481197698
"S24",0.933240452310303,-0.479637490111247,0.775684325477502,1.51260314273601,0.765983012430317
"S24",0.887952588775009,-1.34092133867064,-0.124521730361526,-0.981052890160086,-0.339187171618265
"S24",-1.77004628523599,-0.707006372074722,0.228694002545419,-0.385195144063717,-1.95031714903867
"S24",0.0474799246454431,-0.116966901770774,0.110051625643944,-0.304882010869375,0.0584010678486513
"S24",1.3634637961022,-0.319303500678157,1.09308037886859,0.457732165622421,-0.371820258039229
"S24",-1.06344252906582,-0.749331235613371,0.869540793694729,0.44714588149194,-0.0963688843958529
"S24",0.3863626393793,0.670493282500407,-0.145244780444185,0.0291248748615332,-0.841395302912845
"S24",0.246816532040691,0.0234243122924665,-0.89271437437081,-0.0551572850703317,0.0949025036177335
"S24",0.931210738152941,-0.449809042228426,-0.412379767158983,0.941835033192792,1.09129291968634
"S24",-1.22799893161261,-0.335789293038807,-0.13270615709697,-0.00258981155014793,-1.57548967653103
"S24",1.89042182333235,1.03474888807905,1.30947390695964,0.248202397917755,2.04226156092983
"S24",1.08879725602521,0.896515745568643,0.17994475490542,0.107902346741977,1.5435692100249
"S24",0.669683204581343,-0.61169754634451,-0.47637436415915,-0.0102572339362119,-0.648114856024067
"S24",-1.19320774207525,0.688759776167114,-0.6169261661728,-0.901611408929397,-1.24033985876117
"S24",0.0227012356438321,-0.966958172763383,0.0587542934218675,-0.306813620550329,-0.181473756347965
"S24",0.951199688494556,-0.546073594913855,1.27566670322725,0.0582067263714544,0.951090390281239
"S24",0.941961786721859,-1.18710308614381,0.474203712189349,0.686194125185572,-0.744828176195636
"S24",0.24108350002404,-0.569718042313186,0.191739610663168,-0.79106736941638,-1.05120273115817
"S24",-2.4612495138363,-0.0912746178222538,-1.38216076719543,-0.762206794562514,-2.15980155064322
"S24",3.01333676911685,2.72549724032118,1.0030983809636,-0.617210600324155,2.79920958378039
"S24",-0.402050720770158,-1.38727746408633,-0.061590792905191,0.182049800946859,-1.80176082303253
"S24",-0.930466656153152,0.829852957403233,0.661706362555802,-0.496687709426426,-0.518779498729446
"S24",0.785686834447421,-0.477778827412116,0.0132216283286151,1.6159700084272,-0.62884172551841
"S24",0.823374306223249,-1.19032671121237,0.11415587347208,0.368617875988604,0.798168601545105
"S24",0.0166402558604221,-0.761050144460633,1.18779041792248,1.26116969122273,-0.43623365547665
"S24",-0.771922926120918,-0.562696514881585,-0.338358435340594,0.363351049110075,-1.69471933717376
"S24",-1.57852522514167,-0.101302468972253,-0.914013903071335,-1.34538612971097,-0.17817804195553
"S24",1.85911510794915,0.0518290453679187,1.39677280342543,1.06843747218622,1.03352173946725
"S24",2.03903318594701,0.67090471592699,-0.122026571795036,0.995352886384424,2.34345405807164
"S24",-0.381981838073045,0.829422717630209,0.0384123435822557,0.730129275893496,-0.719491626497169
"S24",1.07909926214746,0.831059428906056,1.32845792120911,0.243687850547019,1.20334600452362
"S24",-1.39654109194536,-0.974463315404339,1.20238331282803,-0.897488050274617,-2.07072183923827
"S24",0.443661808679073,1.08421151363501,0.233327743627898,0.170372864130209,0.464840641049144
"S24",-2.33484414984106,0.399853203446652,-1.09269933979779,-1.08361430316135,-1.55764735690485
"S24",1.25887324665293,-1.65465765744133,0.412942645776682,0.307935261104403,2.06047368523965
"S24",-0.738747057921862,0.300990320060813,-0.572234740909131,1.01533928717382,0.40722640451292
"S24",-0.509388481272391,-0.191910738208372,-0.339430434357737,-0.424947183436675,-0.44229512306336
"S24",-0.785117918983356,-0.618237471049131,0.423893397517773,0.609536431027527,-0.614661036966016
"S24",-0.573555274071948,-0.199970071395217,0.0610831202930983,0.73903181617381,-0.553397929495065
"S24",0.899567965153154,-0.319867422281371,0.317453484432324,1.42057544115289,0.159361768798706
"S24",0.834899846282555,0.485904911084961,0.436917432436735,-0.172892634774658,1.22730697535989
"S24",0.802360002268997,0.126190481491743,0.198194825585727,0.831121795638947,0.380142808565045
"S24",-1.15709104300943,-0.947925219681118,-0.260598658403973,-0.543931416162636,-1.06319613628662
"S24",-0.599369478947192,0.622831459479856,-0.0277564461965564,-0.568940935690524,-0.685904366729387
"S24",0.483210268877368,0.350184161629132,1.11654351097403,0.0505639245178539,0.751865814551139
"S24",-0.233208499412193,0.548852922462899,-0.0823881766152756,0.0995181117819434,-0.658318791353115
"S24",-1.29503456807362,0.209362468205328,-0.106937058874217,0.281092847521547,-1.3713932439911
"S24",-0.168834143943287,1.16841790454524,0.584053423229029,0.847960259652443,-1.11914663703513
"S24",-0.181109483363829,0.161379215252211,0.880539165255568,0.0427274542330219,0.0738358747096662
"S24",-1.0708702354791,-2.22139526742198,-0.0602373965054194,-1.52742239875463,-1.15362353857514
"S24",-0.297730977230714,-0.718279650847202,-1.3519628525645,-0.166338566324619,0.346824002188066
"S24",0.933310416393812,0.801790123952869,-0.0636544609375973,0.806361410332341,0.657218007758903
"S24",-0.675000284537357,-0.708679163396409,0.915546302920423,-0.0648867353469429,-1.90528211943657
"S24",2.06223259124861,0.764487266371479,-0.117452525087123,0.12864403891609,1.51242771929877
"S24",-0.202137452506649,-0.206293895880827,1.14210181230499,-0.471033306689355,-0.116989312353815
"S24",0.927426539886635,-0.352878134660921,1.08684878372244,0.0904032890549392,-0.180658999465686
"S24",-0.942911481385044,1.02246200673818,-0.343310839765249,-0.550638956856404,-0.0751785448533799
"S24",0.480539126822274,-0.967468665565748,0.634195830025495,-0.289964469458705,0.875122353500582
"S24",1.05876732480271,0.382482747728752,0.507898238790681,-0.93611245831711,0.62900870513427
"S24",1.08067834552382,-1.15003059576778,0.801763087278655,-0.442486995714156,0.547524352333191
"S24",-1.14041312945314,-2.08467895814379,-0.176676386897313,-0.334817636075877,-1.0241492253435
"S24",1.30619993564131,0.412719068593811,1.55259484619224,0.606871262295884,1.02904868333137
"S24",-1.10450876073605,0.107129753908008,-0.152869681651538,-0.082423032809081,-0.193913615960842
"S24",0.00105076427417681,0.911426572433261,0.0678755170643483,0.380665991532931,0.261075201392744
"S24",-0.767062011862497,-0.775992628612972,0.114770793430091,0.219248111559542,-1.08885102768059
"S25",0.407713165523161,0.0115853076532131,1.04015483175256,1.99132446282415,-0.0709894671478721
"S25",0.508979797374855,-0.0698321601470447,0.436109486512142,0.721153211758122,-0.559227647857362
"S25",0.880697052536002,0.0534740746661256,0.486921337868818,0.283753835220405,-0.257929448788276
"S25",0.0490077176604879,-0.700036834449611,-0.366930996315403,-1.06171850408816,-0.809061260408131
"S25",-0.280721956651802,-0.651179625987149,-0.622851045134913,-0.206254931398986,-1.41316686427682
"S25",1.06214592036461,-0.430468397986094,0.847856778309285,0.353214401567711,0.184318559951804
"S25",-0.417455648965636,0.467141056746118,-0.173803632107789,-0.93673667971516,-0.09039227077097
"S25",-1.13589839805503,-0.790627871431322,0.597482594240035,0.294670137583416,-1.49087490030556
"S25",0.851036289588982,-0.218478338844389,0.715680693016181,0.447875873053721,0.367954968760392
"S25",-1.1314207138704,-0.746617106680079,-0.700322042457754,0.228382191225068,0.570252180742932
"S25",-0.679404185256041,0.275544513809658,1.49242673727701,0.570432378099,-1.23987255658208
"S25",1.16488937455389,0.618688970171793,0.760398533779671,0.542471960377669,-0.14973158567715
"S25",0.824525192689799,0.0688547894166819,0.334958442695035,0.939453724829844,-0.455195886170689
"S25",0.657795561144364,-0.721525728735882,0.0339410330480787,0.724290662384454,0.04382465773287
"S25",0.302965365220189,-0.580568031797589,0.598927853669164,0.19357437628725,-0.387356380744514
"S25",-0.956195856511607,1.69678394899921,-0.175895832634067,-0.0733965898937013,-0.600766801260578
"S25",-0.135171367729177,-1.41887150808505,0.214305081643616,-0.0904349640338122,-1.02912547892544
"S25",-0.468603209674927,-1.23700738655266,1.40070704844096,-0.0334206923301499,-0.634955606516776
"S25",0.644956707180062,-2.31748692334904,0.491178637981163,0.515108066717861,-0.178301408666724
"S25",-0.530944708170673,0.564961699638311,-1.82962418302965,-0.833098507024143,0.342586364142869
"S25",0.856983415246053,0.622534838346923,0.721931322515407,-0.179945773954045,0.55001639888235
"S25",0.360514665639947,-0.702964893586365,1.72785048455706,-0.473696416204827,0.128022131793971
"S25",-0.353338858999406,0.460596276267994,-0.062096081140475,-0.307036267852109,0.583139089620395
"S25",0.23162269545744,-0.539093900555066,0.210780938568696,0.396506386102283,-0.0823988449138925
"S25",-0.819442106164785,-0.377205328076063,-0.225484729144737,1.23287547733331,0.568612662210808
"S25",-0.731917230672557,0.927970870898755,-0.0369339902314538,-0.0266865168795894,1.68849961537686
"S25",-0.190449018420373,-0.49456459673737,-0.663044388679683,-0.139812271726068,-0.451682562013879
"S25",0.582085877475193,-0.192393595587173,0.423494493059629,-0.190974677017364,0.40494394117626
"S25",0.7681883532929,0.700613929991681,-0.403590707374354,0.220922144941141,1.26270186063079
"S25",-0.520035985950895,0.0226658042751328,-1.49604109071891,0.124694349592318,1.14126509849032
"S25",-0.566377013456203,-0.351243940398246,-0.529771727144198,0.327091833058056,-0.75308914606816
"S25",1.04144483487986,0.68257965884742,0.446859500233472,0.300452184239565,0.269495961782156
"S25",-0.0699768110003602,-0.912194252662903,0.06317691962685,1.07612555582057,0.383747590503885
"S25",-0.443580802033489,0.650448317936299,-0.7721661437157,0.153099941541007,-0.855970178326186
"S25",-1.51181047519714,1.79397349065335,0.402590936653933,-0.00471741395842326,-0.329078684201395
"S25",0.390999297240844,-0.674726373097282,0.520105304415468,-0.311060599079867,-0.619859442421188
"S25",-0.519748055012679,1.10926982456163,-1.8127723204617,-0.959710421927738,0.948905706520209
"S25",0.532433443521428,-0.453396574966371,-1.76195545182489,-0.244435839806374,0.849250381981888
"S25",0.0824122991488912,1.24319795337594,0.604727642481973,0.0552540202437696,-0.474615406066689
"S25",0.996709465547406,-0.114755096547154,-0.39845059957209,-0.553937537790261,0.84264117622979
"S25",-0.515957448531363,0.0623166691662424,-0.951815721831993,0.754989477070163,0.709281910427198
"S25",1.22208347142994,0.724381077210933,-1.28786835976522,-0.0266834534612811,1.09450703476945
"S25",-0.694832428326665,0.432409150323781,0.013606839642603,-0.690079644452337,-1.07035381080532
"S25",-0.633995045367795,-0.631362795588935,-0.238802942222208,-0.160073650403563,-0.0237675288710852
"S25",0.493132219214514,-0.110466221586724,1.29253685935816,0.359479388864993,-0.945427268948927
"S25",-0.106867201954235,0.819172806026567,0.00500093570699335,-1.41514306022651,0.432175211748106
"S25",-0.158799774651525,0.121188370706722,0.629488039396803,-0.335402147537321,0.2733727187307
"S25",-0.785915739636239,0.390339977323258,0.127131947322788,0.91258258113556,0.160669479700854
"S25",0.230722908635574,0.444389617349336,1.04206005777005,-1.61183796833422,-0.0732563354962834
"S25",-0.839277951229737,1.46264133713743,-0.20919842213241,-1.48635361033413,0.910316305822032
"S25",0.534741322433766,0.20334800002483,1.21505701239743,-0.650097767005537,-0.225901481559804
"S25",0.411515600570199,-0.99675674499027,0.218591955692748,0.0106316529129162,-0.273438084997988
"S25",-0.992884350203048,0.15931630815851,-0.848422098935292,0.184680378593053,-0.258513628006804
"S25",1.24242280138318,-0.187867264288787,0.544458919545373,-0.357628112603566,0.378734935668212
"S25",-0.0290962055751685,0.197629738711037,-0.683040339268949,-1.60620427781323,0.905648811566343
"S25",-0.00496321565548589,-0.454292932048261,-0.189175617953812,-0.990886040505293,0.27169994859043
"S25",0.3651705795015,1.04685656299098,-0.094148062532046,0.692441813377218,0.464911675930237
"S25",-0.725410374158817,-1.42560521122248,-1.82973144201,-0.072747445864486,-0.338558984502604
"S25",0.904127317089212,0.512303105703869,0.134693182097772,-0.408577552337967,1.15586224828636
"S25",-1.07378834658129,0.410223856321226,-0.50800167605588,0.619075862591519,-1.77906079437337
"S25",0.182888543095007,0.329686493486976,0.971059557167886,-0.342564689973101,-0.314695418878184
"S25",0.386122391699411,0.620568571247386,0.457895752040104,1.67033673329,-0.78040626011059
"S25",0.154931142020721,0.154961508318468,0.349182438540793,0.171509085079392,0.755594249286697
"S25",0.746239830266282,-0.355802366945957,-0.110901025894745,0.710592035969869,-0.485183337217887
"S25",-0.333277883450878,0.296907800340361,0.635356956242399,0.954403393027333,-0.298232593318499
"S25",0.228134668884505,0.81326531245769,0.321582125072812,0.131610014233776,0.674145813999024
"S25",-0.285617111754807,1.09624076425402,0.0919343319279751,0.238159707731232,-0.578624295866145
"S25",0.950622943258489,-1.24984266598923,0.402890394638276,0.985974589926798,1.04238470104302
"S25",0.116025108269911,0.236663576919268,0.0268648955649278,-1.41541396401512,0.907842264311287
"S25",-0.222702365655992,-0.426584916828206,0.378691637120317,0.494337815725642,-1.46727506646914
"S25",-0.340809497905724,1.12277050476007,0.27722289136771,0.214842766008818,1.61946800967021
"S25",-0.353147120786837,-0.188684396146366,-0.909006151833381,-0.357709706299026,1.03704763334586
"S25",0.482335539676538,0.0927339315548165,1.22976156733866,0.730173318761957,0.769948405230128
"S25",-0.326684601304606,0.353672665807345,-1.62616677894316,-1.1019300383118,1.42706455558911
"S25",-0.932264720306549,0.117050302011971,0.0536285780226928,-0.0180557524927751,-0.00757536814050433
"S25",-0.446166260092364,0.587622458681133,0.401359614992633,0.259728916275999,0.0286513873509953
"S25",0.291909368578337,-0.215765844085928,0.89052935451064,1.40983267598953,-0.50457786117673
"S25",-1.57412786646703,0.945528192170056,0.0147323028627194,-0.0366651350450933,-1.17649258804633
"S25",0.847222770423339,0.155200252512379,-0.0351987962372285,-0.079099395731687,0.108752845372848
"S25",-0.20526736084071,1.87833558923145,0.520042377456099,0.467621858086538,0.450114323877195
"S25",0.544569932983589,0.539065937699989,0.718106163610168,-0.593950333657181,1.10718017224321
"S25",0.554770127173604,1.14558033801428,1.21073872219702,-0.715644946958148,1.36592132996803
"S25",-1.43923821452712,0.248207782051528,-0.74076804167333,-0.970836394496835,1.53509304350124
"S25",0.0828008350495589,-1.20158461266298,0.709862277833961,1.25236685057065,-1.09709191390135
"S25",0.403821983112895,-0.556893791894934,0.276446703095786,-0.248011804618723,-0.549295281244269
"S25",0.811688543906017,-0.111956043114547,-0.0969680123011922,-0.656689343857217,2.070495527726
"S25",0.0257303728575004,-1.79396728257515,1.37490384513206,0.170791338088,-0.137931171261937
"S25",-0.473392841563678,0.475489209062479,0.48604136272197,-0.519156511083593,0.115586606655617
"S25",-0.478290649838749,-0.645796977558704,-1.26238014487584,1.03248251738978,-0.710781912108319
"S25",-0.145499412268138,0.327610889270142,-1.9755608885842,-0.0383511920655343,1.09639153464756
"S25",-1.43393069666387,-0.099405668432743,0.268563532637789,0.0567454699064787,-0.517842225214278
"S25",0.608896876821449,1.58292505696734,1.10060485817617,0.788375938502665,0.0913321613926873
"S25",-0.659888226772467,-1.44912659656828,-1.05422515511321,0.562173478746716,-0.583369535269438
"S25",0.489783244598485,-0.521158655338449,1.68519006920521,0.367307960574212,-2.29331688015013
"S25",-0.762725681199507,0.532650471429032,0.160756107707664,1.29078268973047,-0.885726404692195
"S25",-1.42432615810399,-0.95097938119107,0.447446632013289,0.119094802806763,-1.30417252262363
"S25",-0.631008683122294,-1.44468572920933,-0.716404859216988,0.67313670452897,-0.594458451486765
"S25",-0.84781993241242,0.98212856294995,0.394524240434816,0.386533431926281,-0.534156212546098
"S25",0.63366638757636,-0.40194821156653,-0.867107700871571,-1.42840468363831,-0.599659173207644
"S25",0.855528032322388,-0.175590462596471,-0.48263405968472,0.0175578664739682,-0.158337806380127
"S25",-0.49360060825199,-0.530972323558893,-2.03592614637654,-1.17065323136097,-0.283704011578594
"S25",-1.26918629918606,0.673831755263115,-0.128137795771935,-0.286530683731986,-0.383313231323658
"S25",0.67263369994996,-0.300527014701978,-0.199525957528069,1.07563374271482,-0.197256868504517
"S25",-0.0833144901229101,0.309350784185948,-0.475037921536483,-0.729078880941456,-0.363622170763103
"S25",0.504669298976176,-0.198813877203513,-0.646324652226614,0.691410552195622,0.53995431837029
"S25",-0.372301262591886,-0.217451151704147,0.45885265905018,-0.204134871860445,-0.00827779099678044
"S25",0.791638592975914,0.327479308530341,0.434193999772976,-0.307002443302232,0.127034511816003
"S25",0.472057832804832,0.146331310725204,0.718020894085575,0.315669489369253,-0.693751202396248
"S25",1.00397493417132,0.782752265697781,0.308317585255065,0.675696006803728,0.799723611544041
"S25",0.592221251319084,-2.34796528938511,0.967400489190214,-0.260946227993809,-1.64063152333349
"S25",0.669873469212354,-0.0838435463596101,-0.253435342420728,1.39928534915788,0.0529046136423527
"S25",-1.07797737550302,-2.05071805011355,0.486503039229614,1.85060740478995,-1.86603892434275
"S25",-0.19967363652853,1.18413864665853,-0.182386564468597,0.707804102163516,0.648501766384417
"S25",-0.231939021218311,0.361879055866884,-0.163906679782546,0.308895685538489,0.837826716477368
"S25",-0.184133033546032,-0.0797836527385202,1.5963747147526,0.58582087531413,1.18346350561473
"S25",-0.868316073082071,1.00405856950464,-0.175733170266286,-0.79038876809371,0.816380705424463
"S25",0.544346592523338,-1.41464972413188,0.980742557762137,1.48052076346081,0.675810877394159
"S25",1.07347898110837,-1.42468383515997,0.813823415311217,1.3114616784654,-1.45229650877795
"S25",-0.140352865895034,-0.600666320458975,0.146894946742623,-0.806256599888306,-0.1226598300764
"S25",-0.399150534423978,-1.01445602318652,1.12151162865429,-0.0990616732406885,-1.03654924817242
"S26",0.305608404648091,0.303310393007631,-0.132092565121043,-0.077945982233945,0.222907607799656
"S26",-1.60313800837861,-1.4557898347079,-1.43179691062501,0.334010498026263,-0.826156978311241
"S26",-2.00960514149531,-1.45460409628979,-0.37775716173198,0.795673360834179,-0.826442495294845
"S26",-1.74937674408874,-0.107663179323303,-0.244079210636971,-0.408019158929877,-1.98434391224685
"S26",-2.55375357654239,0.000698225381418116,-0.551016334821387,0.480670938047575,-2.10138486316754
"S26",0.318974882695395,-1.47406986039778,-0.573844444587598,-1.40656238834472,0.584356872951568
"S26",0.186987546719973,0.290346892532335,-0.465238635800184,-1.07354483408963,0.369819082469573
"S26",-0.653494395397062,-0.66313181300803,-0.955489505520737,-0.578037644992359,-1.16972295301709
"S26",-0.334680760797643,2.01129856488007,0.985875094585602,0.149901764125727,1.80351961337897
"S26",-0.975888088644258,-0.723498178894401,-1.11593849106684,-0.874702319996342,-1.11394904828078
"S26",-1.74190186519901,-1.26163779309536,-0.916867086060632,0.24017456421471,-1.28297337934798
"S26",2.25177264101126,1.59027851988703,-0.0174710723098242,0.947950277154279,2.6938143371583
"S26",2.12355559435845,1.69743387980205,1.34278657150597,1.21998583724151,2.05234015741934
"S26",-0.477812626134037,-0.509439902077716,-0.989344571692891,-0.0922566727580776,0.00920990284312218
"S26",1.14299979386226,-0.63924799250923,-0.41454903032339,-0.218820909178394,1.804706572247
"S26",1.05301811668488,-0.523825557809735,-0.537404482820052,-0.963752342660675,0.509748299156501
"S26",-0.0548645771808989,0.589304851717779,-1.21465958578271,0.0687520186558143,2.03714554763935
"S26",-0.995580759119723,0.0362225079518348,-0.0922393818268719,-0.535257505763192,-0.384486062648811
"S26",-0.464155307997378,0.337464046079803,-1.48908454873366,-1.54536975156486,-0.244366879612999
"S26",1.04343335092421,-0.446607230988661,-0.662522017046993,0.00541526315722341,0.594587528982931
"S26",-0.516588531632703,-0.828770917895815,-0.809624051164122,0.0698420991471685,-0.382988437927849
"S26",-0.767410421936742,-1.79450006635349,-0.117563578601798,-1.27084479184659,-0.503941975442694
"S26",-0.509098482412315,-0.0602752822081308,0.481900563501554,0.113397478814959,0.214734923212612
"S26",0.904616626838811,0.779532565450204,0.305712103820497,0.092250935855905,0.421550840868642
"S26",0.325845366182142,-0.28365136773923,-0.576001180271748,0.058512693396499,-0.156317996409064
"S26",-1.95975522150193,-2.15255016709039,-1.29730023920687,-1.07861720082029,-1.56673270038684
"S26",-1.27387384298946,-0.302730074239227,0.266654890693589,0.464688453958676,-1.79636111263802
"S26",-0.310533491884055,1.74660691034113,1.06717255751748,1.2542883391076,-0.673816151429342
"S26",3.48318517714755,-0.301978329301791,1.14461124852176,-1.21291309690571,2.84292717679663
"S26",0.106737180384262,0.0673910842810172,-0.872043336971815,-0.43790242823853,0.793549065701704
"S26",-0.6357660046463,0.0151522777075564,0.00880856079570877,0.645146997315708,0.292154204290071
"S26",1.69845558572519,0.348695868027732,0.241054000180415,-0.554197239016898,1.66526076013664
"S26",-0.861577210124457,0.183427386789178,-0.117611885440854,0.830453983969068,-0.0337467539109205
"S26",-2.06080285196989,-0.13224327189114,0.525695012298938,-0.518675085981571,-2.26968938831859
"S26",-0.462214932520947,0.429501724572335,0.237300834048872,0.33351211232749,-0.311081082915705
"S26",0.909340848110857,2.77612494570948,0.978254124598463,-0.193323248505794,2.24330354374215
"S26",-2.7467580071408,-1.18433457614047,-1.13896639963303,0.744939171995919,-3.16029457703515
"S26",2.02612473803873,1.40541802766753,0.965618539272609,0.985948137895202,1.36711011224264
"S26",1.3682539957117,0.356591977214841,0.457706547841951,-1.01225400058125,0.00863691061222194
"S26",1.51310078388978,0.613054662702893,2.18593866710319,0.206354208820332,1.27795971113495
"S26",0.274930974161031,-0.455331825600718,0.493887486034844,-0.123662105217291,-0.984157475444107
"S26",-0.615308806166484,-1.96484135707776,0.811852514113574,0.373768199289094,-2.16023287309166
"S26",-0.394113507435133,0.89154858268766,-0.497298180744554,0.681058850547978,1.20895374651274
"S26",0.104049328880894,1.17958792122593,-0.628897062091967,-0.334276738792666,2.05476572454997
"S26",-1.56761853202471,-2.58355401205134,-0.488533281068529,-1.17388702726489,-1.09324830395088
"S26",-4.04738488600238,-0.816247333480058,-1.3906172588832,0.708220145374328,-1.8973477728231
"S26",-0.401510952525255,-0.197448033775583,-0.911720191868695,0.40706499616168,0.95109923102977
"S26",-0.430276334099687,1.05385849024374,-0.686185422073188,-1.0377110433857,0.687552503386294
"S26",1.10485014058692,1.82231299665975,-0.827971203083902,0.13695194466136,1.11145447645482
"S26",3.4363015132723,-1.15142068055097,0.867440726286875,1.20173323053132,2.74658116792547
"S26",-0.455716200034157,-0.954739516675507,-0.444497518553855,0.49436927346971,-0.89632462217886
"S26",0.628898763808317,1.10374040355272,0.537538015494979,0.175624362881461,-0.724534139553971
"S26",-1.96301708420496,-1.50985746329601,-1.2776591893637,0.0359784978711456,-1.63416560004608
"S26",0.196113965589992,0.13421300184279,0.819853324960389,-0.0816905499958753,0.332791332117718
"S26",0.105838470034121,1.10413768931479,-0.765694471193779,-0.270513529354981,0.514890592323498
"S26",-0.976564440343053,0.229558754371819,0.427681080427525,0.0862820578391818,-1.48185863679982
"S26",-1.2080353776674,-0.314103687017336,0.0263864333390812,-0.395823692531845,-2.18662155164264
"S26",-1.65380840914319,-0.124988420347126,-0.97907042877981,-0.494844218432849,0.290898684002135
"S26",-0.797758492494338,-0.135074892413753,-0.488341807916062,0.431962038770242,-0.619863524013038
"S26",-3.19793937338334,-2.78773515040315,-1.58589379726624,-0.556667762668785,-2.94247968307993
"S26",0.480961463899382,2.05363982035622,0.330183410188708,-0.236399968219863,1.81772004812964
"S26",2.49423592616137,0.623443211431566,-0.825542174693478,0.418776602784843,2.63540209611849
"S26",0.261153758390586,-1.53396893112575,-0.151435682516298,-0.573047452828012,0.0209786901454297
"S26",1.75015335640069,0.0210536964303157,-0.0464914451104037,-1.19254862467524,1.58982751898311
"S26",-0.0984193091876656,-0.46035116693878,0.602348359561096,1.12897729733647,0.105128384952076
"S26",-0.388612410607869,-1.88072073908347,-0.395164286337941,-0.306266204851159,-0.480455441942116
"S26",-0.41268395934473,0.0898050468354621,0.00382102069816508,-0.567347731222542,-0.716062670302621
"S26",1.25174912439645,-0.588287740982209,0.276248842142438,-0.553468867736729,0.484882291740821
"S26",1.24116729631203,1.2281539293319,1.19372250629859,-1.14043869301884,1.92121378675522
"S26",-1.67475287937084,-1.15910665620887,-1.06100965178481,-0.355419233228387,-1.80832527306797
"S26",-1.22739115135897,-0.669968699085397,-1.29190300132903,-0.014143097659532,-0.0210960031695189
"S26",-1.87040959708178,-1.32821810143759,-0.60202150339808,0.339720576332467,-2.2500606722912
"S26",-2.55990828039764,-0.756643513448398,-0.5148086385047,-0.254887875586223,-2.32678272472552
"S26",0.587867748456276,0.650141049000422,-0.145385748580451,-0.0631266967059761,1.31464986753015
"S26",-1.51381443465308,1.4473074550545,0.208645746950239,-0.0816337017309186,-0.718115094836777
"S26",-2.08847404855606,0.073966468291005,-1.11232442574405,-0.183315392836308,-1.53841042387931
"S26",-1.38430352345543,-0.047287380082803,-1.3192322097447,-0.279271434330756,-0.329186774134653
"S26",2.86635993739413,0.698894259746313,0.638572913575974,0.0221130265524008,1.02195313336104
"S26",-1.97069079913643,-0.792615037829766,-0.843498709545642,-0.534414059551743,-1.72821675709953
"S26",-2.23069362674293,-2.40777419081931,-0.220520999494258,0.509812445681117,-3.38141569683111
"S26",-1.63748703333317,-0.46079761055786,0.411368986392194,-0.738458097930375,-1.75059495344183
"S26",0.84207262253022,1.02734020123141,0.725451687128555,-0.644240745503477,1.64998185846861
"S26",2.29517177985221,1.75231574697423,0.258893871600954,-0.463042313286202,2.62837414951071
"S26",3.55201706037858,1.11921681741272,0.410305124506779,1.63951645636118,3.99323242577817
"S26",1.16147427003526,0.490522149203759,0.0314193273161829,0.439777543382898,0.249156239920394
"S26",-1.17448574843425,-1.41068145488846,-0.709964294229925,0.405766034640123,-2.10074840373683
"S26",-0.5380398769836,0.117375393930237,-0.401307269129703,-0.262014142072991,-0.960133822331521
"S26",-1.48337063895498,0.242021772716063,-0.669354821226288,-0.935547408594083,0.215766375648537
"S26",0.6595424679492,-0.448642547756192,-1.08042472655822,0.340550974241909,-0.210018319341727
"S26",-0.350663268753624,0.330809605921951,-0.285870129049375,-1.22821882947172,0.564276583299608
"S26",-1.35137854405592,-0.173974807675032,-0.24581010121017,0.885058239177987,-0.693921653843046
"S26",-1.5331105358051,-0.825291426754264,-0.0299866493648517,-0.0769293642922811,-1.22854018385945
"S26",1.28225153660148,1.14525172872279,0.30211428581883,0.934471840669856,1.37722419141588
"S26",-1.60052487159945,-1.38734897318573,-0.436014272471465,-1.16066680557599,-1.39503394510716
"S26",0.725548564046307,-1.06926514086734,-1.09845331028178,-1.14584217800052,0.118965683444674
"S26",1.48409362360196,-0.784157571660298,1.6746728348918,0.757802737978751,-0.588287152264164
"S26",4.3284857507389,0.873073584070112,2.73305527396809,0.740798930349073,2.86753320610675
"S26",0.496804067219906,-0.687671286896877,-0.0829890867470381,-1.17659790967833,-0.310450340761803
"S26",-1.80438212746772,0.301511640394509,-0.377814004805899,0.219187785364574,-1.50274273858427
"S26",-3.11322631168319,-1.05316996545433,-1.46497004361251,-1.20658893227415,-2.31913925623427
"S26",0.00561929533946848,0.701118507437232,-0.228698746307956,-0.497469517427579,1.55973620710271
"S26",0.81916289291311,0.34137967005343,0.761071646133006,-0.421805483963127,-0.7727178485808
"S26",0.154122245824919,0.894917342805375,0.551449727126141,-0.564083185298471,0.0697900737342934
"S26",-0.187809308002441,-0.16594207880003,-0.011864379019179,-0.127306215454769,0.534084954937546
"S26",-1.03821135722075,-0.606853890962147,0.0325456081614484,-0.639423398418336,-1.43380401088256
"S26",2.44933543792933,0.693957087398837,1.75209143966586,-0.350354955999396,0.253795294862708
"S26",-1.62497140839915,0.359550764522992,1.02520570707762,0.0814255050955576,-1.51728555718995
"S26",-1.19685769547294,0.566910021441952,-0.314765559119202,1.12919354493042,-1.72366222229464
"S26",-1.35606164744862,-0.612050604765326,-0.19105494577211,0.134995290732852,-0.0252299040792603
"S26",1.71324028754722,1.46068934109747,1.56067975337315,-0.850647648756472,2.94663128032205
"S26",-1.52180545183455,-0.136441834855929,-1.31102255831881,-0.30407337324431,-0.061245587570356
"S26",-0.762036074296598,1.46559807585598,0.202899620622883,0.281681147118798,-0.119197883922519
"S26",0.211573967257843,-0.580162264116426,0.615929475849083,-0.22457281352716,-0.397342905965706
"S26",-0.731550257312061,0.436512606304273,-0.743757491620546,-0.0199060192832174,-1.21530840503095
"S26",-1.75740151009256,1.21880634045249,-1.57158002230979,-1.17287856438415,-0.478657821892804
"S26",0.0975197196711796,-1.05628736503059,0.232417981182039,-0.0321051906256013,0.276717208214721
"S26",2.48265102174723,1.09566120697087,1.91918514316192,-0.748796570767107,1.27556095762063
"S26",1.2826219728314,-0.134511955949579,0.53264439848743,-0.669694022107082,0.596773116472633
"S26",0.686553273019571,-0.23988335609072,-0.533963694640924,0.940425064084517,0.777286021698485
"S26",1.06232781968711,0.600436717557659,1.28689362562409,0.254455846610839,2.64779557676379
"S27",0.675038579696081,0.475314128850046,0.91286746570034,0.0597259068775334,-0.244421880559539
"S27",-0.204602864991879,0.849667512774221,0.370249396479635,0.452449292867923,0.825314044083961
"S27",-1.59675561066195,-0.360689896979919,0.622938945578253,-0.375866613354182,-0.831440426036152
"S27",0.5518658002737,0.378318377843818,-0.414831355426804,-0.255455133209681,-0.996583680098147
"S27",0.958713411991707,-0.153957330575664,-0.450272174749451,-1.25964396626924,-0.0488436880765098
"S27",-0.0122940373811513,-0.678384657911305,-0.0119412626143723,0.02729035504708,-0.190156876987019
"S27",0.279630784746616,0.39394839180475,0.362705264756827,-0.175816384442005,0.611095775078048
"S27",-0.473527669224171,-0.729462076924127,-1.10073508447393,-0.0379818202296537,-0.020646999209023
"S27",1.05508748966513,-0.30304506544547,0.572500355157488,-0.739869935827442,-0.560911759783259
"S27",-0.498197477039757,0.9530499554858,-0.486954864162668,0.648456837945219,0.0372730403099804
"S27",0.19207066972831,0.837883376209541,0.638509872298479,-1.0835424377049,1.42604713486114
"S27",1.359139580885,-0.974296168515896,-0.130580185260021,0.931964676296702,-0.466538217057341
"S27",-0.668123513254113,1.01776746406615,0.485316237288146,0.500293134396081,0.0537302405171669
"S27",-0.666515211217166,-1.02891214523677,-0.215256684416919,-0.175464518240896,-0.0996145373664367
"S27",1.29373450252609,2.16424974901842,0.488305029251391,0.206227092014718,0.860970106373257
"S27",-0.226291072233577,0.368322881129053,0.562711055571225,0.385085185564312,-1.4321520176335
"S27",0.104727543529892,-0.922654088367344,0.429806166268117,0.829278242676852,-0.776298668313889
"S27",-0.688074542260321,1.63838081921321,-0.143717424078958,0.316609577997258,-0.0147761832848524
"S27",-1.02492848660377,0.187283440408841,-2.09898587745446,-0.189333989679862,1.33721567284738
"S27",-0.553755501291947,0.231555024830198,-1.48651040693778,0.324625278657814,0.506008556654676
"S27",0.949265625836959,-1.78973718800507,1.05663370852785,0.192654400244528,-0.694729069083202
"S27",-0.515916394182177,1.00500304684853,1.08392543657863,-0.725379760627755,-0.756673686986608
"S27",-0.58121632985301,0.417892648070723,0.0768585356227944,-0.795152328137792,-1.02776074041538
"S27",-0.402216195278757,0.607321942776579,0.905853077163242,-0.0969007948545981,-0.939321519192456
"S27",1.32009873011962,-0.775605943321052,-0.136019196921852,-0.301617078022517,0.369549036155979
"S27",-0.0255700012953253,-1.41172415794268,-0.996071205486246,-1.27418159204246,1.18052600181338
"S27",-0.965442436565614,-0.300594815124149,-0.00733863823644064,1.55659964616851,-0.275464953228612
"S27",1.00903127356688,-0.465495506784714,-0.136086507916218,-1.42329993851468,0.890284092968426
"S27",0.625514255391869,0.239043710743197,0.367357018614376,0.762548690140684,0.519817861049703
"S27",-1.37514271662903,0.298566791040404,0.62148156663416,-0.711207783212599,-1.16704701802728
"S27",0.779527510973513,0.118091820420124,0.1134953657446,-0.273615222049879,1.63937891722756
"S27",0.51869551581237,0.275785077283865,-0.0817798208691592,-0.186492151929011,1.00896102121806
"S27",2.52925552331833,-0.951238133335041,-0.148091047353367,-0.168754244593009,0.400721846933764
"S27",2.29256110781287,0.164576429246266,0.775813026675401,0.681573750130139,1.38292686888611
"S27",-0.307703388055794,0.342123117377875,-0.490427206943088,-0.625814094860608,0.776297766152652
"S27",0.970338846944323,0.400872065707059,-0.44176534603288,0.449733582939267,1.40449736820767
"S27",0.395424275069936,0.286788720557557,0.665542584242945,-0.770359539051133,-0.369828509383114
"S27",0.977430324414833,-0.888375425042134,0.0491728235194919,0.19047547558918,0.265373804923716
"S27",1.5888001288815,0.366472649106826,0.667782996635277,0.524863913296256,1.26235113929305
"S27",-0.0168979377762737,0.936723615763597,-0.512011301531929,0.225614370655123,-0.757195703594292
"S27",-1.06742841786098,-0.0488191071303786,-0.00452461236687596,-0.111969337163062,-0.243119629985582
"S27",-0.993764439434334,-2.34275919818329,-0.834371808127764,-1.25818218314107,-0.46045340992031
"S27",1.10040680235752,-0.13325143993978,0.294601455862696,0.252209216081554,-0.201639248430702
"S27",0.747078275615824,-0.350906589495005,0.694935062683506,-0.332798599981788,-0.139817223156366
"S27",0.0971437609830557,-1.41805570370868,-0.832968331670188,-0.193696336383374,1.55525569593444
"S27",0.444461232445994,1.26644550841891,-0.673826421614479,-0.596930212226316,1.16913251962957
"S27",-0.32784500548557,0.138597963540167,0.0794039393027402,-0.600369999951402,0.53695796999097
"S27",-1.1488296588776,-0.839937088776292,-0.154424137727299,-0.715755493201298,0.26526768545365
"S27",0.874486193806453,-0.800912633873347,-1.17037465650765,0.0799879457410351,0.332889404805616
"S27",1.61783538456508,0.999966304667531,1.26835145111498,0.308988141459846,0.605222995658221
"S27",-0.264983270345656,-1.18869516177291,-1.2822238736081,1.12826543185773,1.47389491101345
"S27",0.803250886462575,-0.306769699369879,1.14493030477374,0.768673666802798,-1.37859351818098
"S27",0.0706930634790446,-0.682205065532097,-0.121898084573708,-0.637469662988329,0.24929533666309
"S27",2.09233449065809,-0.918607432789928,0.350416138745193,0.559014703802383,1.22549018942579
"S27",0.249217301224716,-0.419486385597923,0.338455052774268,0.47652809201407,-0.38698763752518
"S27",-0.0172735058690073,1.60775884085324,-0.800246287098433,-0.868652479239953,-0.512212855917917
"S27",-0.914765239255541,0.118357964834516,0.305682507096329,0.392864593453763,-0.809784201498823
"S27",-0.633693494654855,0.0554234079578756,0.272446032244935,0.523868457018629,-0.493911041371823
"S27",0.661536522717859,0.600166867749537,-0.20911408099372,0.730223285413599,-0.332302462148607
"S27",-0.574005188805727,-1.09911088604297,-1.06682614908135,-0.801198096970551,1.17172311718737
"S27",-0.665875728545319,0.449049179184497,-0.517510459924572,-0.898822678161722,-1.02810064844067
"S27",1.03377200408505,0.527028964657057,0.876885257323882,-0.599400483631994,0.476633198153812
"S27",1.00043664406496,1.18052443730782,0.427858712168594,0.100239256520883,1.8222903165007
"S27",-0.0771042499808244,-0.760764690461497,-0.509552922522023,-0.144759116237829,0.813958749061987
"S27",-0.63128091928375,1.82134025582339,-0.85016888725377,0.58888501980923,-0.69268444824755
"S27",0.94542324053956,0.197524584093002,1.00304282530635,-0.623203116223067,0.273331124649547
"S27",-1.52162304327227,-0.170100356658188,-0.185649545365089,-0.408464514092372,-0.0468597068851906
"S27",0.374333761116616,0.906069597699687,-0.262197975132687,-0.320740840350619,1.25094150135324
"S27",0.325488290016981,1.111499266458,-0.588846358053625,-0.440932968977957,1.01668250875183
"S27",-0.509039193978226,1.25689556365246,1.04911697835566,0.534264844780071,0.841991187845456
"S27",-0.0526376286441906,-0.481532241958607,0.476802942085885,-0.902386931858044,0.574565138583159
"S27",-1.60480357744957,-0.369792101663071,0.00691681625716619,-0.152164455913566,-0.948293053912758
"S27",0.183044045693011,-0.0639922117547766,0.362521436030324,0.873363932387641,1.15579068605549
"S27",-1.09951491425937,-0.677916561208742,-0.060461296570906,-0.680246077789068,-0.264523188749865
"S27",0.847477409824903,-1.16793862834493,-0.488046092476812,0.830075711137805,-0.51548940684972
"S27",-0.295438170573725,0.327708304563789,-0.484853908226233,0.0914420050493037,-1.37014486986009
"S27",0.087130447787311,-0.28595987416399,1.24845236966821,0.939073722030036,-1.78556960852479
"S27",0.424110560540738,0.183713067010663,1.20154128390723,0.207563166625385,-1.0444603564679
"S27",-0.478418062740971,0.779711343310269,-0.878534537656702,-0.318135404329361,1.1849497058635
"S27",0.19341838963068,-0.0450979256485419,-1.65748131669009,-1.28014520526703,0.116651269391635
"S27",1.45146600772531,1.25446244141998,0.682917790715667,0.0488907368427618,0.577802015319219
"S27",0.278762762639716,0.14579219007502,0.475396983910271,0.160973314818495,0.378511833630054
"S27",0.0722022843326302,1.17322664279085,0.413514232195097,0.42397282183678,-1.08068601938943
"S27",-0.971190437414815,0.2451995559195,-0.295256484812132,-0.333553588677111,0.645883701426045
"S27",-1.12429444594461,0.667678411805156,-0.192267832935526,-0.171356587235565,0.306306073662207
"S27",-0.135209190870343,-1.33200579210166,1.61771704493234,0.00808049986314873,-0.921263733881497
"S27",-0.372836253007797,-0.330413858252466,-0.146691409023608,0.585201010595737,1.12885680878352
"S27",0.497902035189114,-0.649385840602012,0.201388059455587,-0.00773109334151031,-0.981161039272513
"S27",0.659720837376659,-0.139006701509405,0.675385026997884,0.4233783873955,0.412685720114741
"S27",1.04501120569073,0.131941959894855,-0.647188116371489,-0.619856076458381,0.827801354955407
"S27",0.801519728377476,-0.0722167984426784,-0.4788781011731,-0.389727962361161,0.780484184950583
"S27",1.02607827063479,-0.177733874882832,0.0125689643345196,-0.257247108903678,0.272287392240773
"S27",-0.723414073761004,1.73474993262295,0.461008007849925,-0.422620518963682,-0.161317383372811
"S27",0.465671470558856,0.843925350410349,-0.259113009804545,-0.091648256206856,0.196296001183054
"S27",-1.2010601052286,1.43782142260266,-0.464592888288405,-0.0593918498728919,1.52896731668832
"S27",-1.11503576795026,0.139272381955484,-0.68468386414273,-0.494782318097157,0.368627941122562
"S27",1.43394901791177,-1.00989113230749,0.560622169665619,1.30306892479339,-0.919114299744425
"S27",0.671749850969466,1.08508000883836,0.540806391785825,0.0358109841606848,1.85619342497042
"S27",0.465182969278269,-0.534795385685176,0.311029799792051,0.575348543398184,0.236201044584764
"S27",0.0299673835987222,0.750760196037737,-0.427574438187538,0.810163547463698,0.174521076239869
"S27",-0.58916445852567,-1.04881368537317,-0.628313290426407,0.226074850873477,-0.592467577332447
"S27",-0.812707800303072,0.238783797187659,-0.555291010843776,-0.128929069000587,-0.270256622406902
"S27",-0.468706364534265,1.17190955440102,0.597636465176373,0.012570471493178,0.0532964705620342
"S27",1.1387276825207,-1.66972580878035,-0.0472313203361609,0.524518799462277,0.373715585413145
"S27",0.500672804197339,-0.333845656742535,-1.13028536139126,-0.399936858749352,2.57425649828693
"S27",1.15253118526707,-0.122763032521736,-0.995638811345242,-0.425722228202533,0.230555546940127
"S27",0.0247340941927931,0.669396614236001,0.591414670757467,-0.0707644789394518,0.362643771249496
"S27",0.104454526085364,-0.527126601124779,-0.159769918422822,-1.04859289643336,-1.02259576104653
"S27",-0.450630914993123,0.216966274875198,-0.332141472555602,0.266306602649314,0.18735644009781
"S27",0.18188935019874,-0.177240773430093,0.136566446841247,0.282393886578558,0.0875734412344566
"S27",0.330820719427691,-0.668182972293698,-0.112056618951161,-0.259255061524337,0.141408194397273
"S27",0.40407678817544,-0.56524243572299,0.963396944145871,-0.354740666092114,-0.50647775160001
"S27",-0.708510816171728,0.122831537421204,-0.461314891249559,-0.927476707851576,0.141876927860128
"S27",-0.571603774404753,-0.522066804986787,-0.290889018148904,0.884958126100849,0.648231223175324
"S27",0.947205811656269,-0.575119762997879,0.970604484317209,-0.0447697238978836,0.684047776635498
"S27",0.13819163973508,0.759147932217407,-0.114118684159937,-0.347462610936458,1.4385084220974
"S27",0.880246254479405,-1.85404779371615,0.993246976298575,-0.731803430234718,-0.425023402649365
"S27",1.63298970464224,1.26665914773784,0.827096025323445,-0.413928535136629,0.671651440415934
"S27",0.275285928110655,0.673569787176912,1.5286234136984,0.378083817317551,-1.13805585765524
"S27",-0.935275319610649,0.180851443217373,-1.05090529595235,0.290438723294563,0.863077986818636
"S28",1.5621506758885,0.303892257044545,0.0439486953380036,-0.0411568996258616,0.123398046155423
"S28",0.232808633098962,0.690626950364652,0.723667240510192,-0.211379094025492,-0.597319848950916
"S28",1.04846728893091,-1.58101149955016,-0.709004388955711,-0.712011351343748,-0.366749962697042
"S28",-0.791995175024728,-0.255713976692264,0.110968349470665,0.400761183747656,0.349919757231306
"S28",1.64700616855489,0.799275634843862,0.221515061804048,-0.864359335523192,1.40575430641716
"S28",-0.981980674726449,-2.49524649518959,-0.734863004500967,0.245098830669724,-0.213890779816501
"S28",-0.387817974244018,1.53939637276998,-0.157875826365759,0.182930688246236,0.570556530304421
"S28",0.487537419746443,-0.515510851391871,-0.478919449166123,-0.360498171647889,0.531126756430284
"S28",1.2343256226108,-0.605690173016852,-0.106120156700367,0.72323178505005,-1.19692926824006
"S28",-0.360019082504271,-1.04725575332948,-0.674475510969706,-0.444381375248754,0.896711004093339
"S28",0.0393384894475491,0.146709978314058,0.850257686015883,-0.257334991173844,0.0444249830964754
"S28",0.838917921885745,0.424927119484878,-0.349409411296323,0.405581335607499,-0.0137223964362169
"S28",0.662664746245679,0.349703445572993,1.67469375500594,-0.896840470586529,0.982928780489858
"S28",-0.643468948311416,-0.109015957074293,-0.386436433855437,0.0646285137032118,-1.96599485560014
"S28",0.426506069025324,0.270829350898813,0.421511639487737,0.308226817498884,-0.625836398498865
"S28",0.0429365143455669,-0.0442116265147712,-0.650865041695599,0.681177159830194,0.0198030069878009
"S28",-0.464867741087576,-0.20326196174816,-0.408395179928107,-1.13341648194232,-1.41378051217753
"S28",0.235639062268282,0.44032429408929,-0.155871004899581,1.12367923630905,0.348201805974527
"S28",-0.18463400769102,-0.0361033130950858,0.689387037536011,-0.470124310349897,-0.181651799699134
"S28",-0.0102974513896994,1.32895529623863,-0.113405071480101,0.020120333734053,1.95798836283677
"S28",-0.251400632468524,-0.00569482320883498,1.0388644230473,-0.966888654339557,-0.362456244014065
"S28",0.376073405727959,0.142783502204974,-0.216905409937311,0.348444239165273,0.835557866612289
"S28",-2.14024208106938,0.446926432962873,0.163687695075451,-0.679411748681613,-1.95680149699926
"S28",-0.256696555082742,0.315518693549453,0.970369348280627,0.149806189617933,-0.578739125962696
"S28",-0.977530032752894,-0.855862176557764,1.563195050157,-0.0769218996293461,-2.1582234065288
"S28",1.04292459356663,0.512599175732459,0.075933465780808,0.347864370670116,0.60584801665558
"S28",-0.186716424513267,0.479598004442412,0.265747041977766,0.846283977541704,-1.00831837391957
"S28",0.602559795664436,0.880473132041404,0.489375341777102,-0.357142343390168,1.1442499743899
"S28",-0.686033340727626,-0.633092668435771,0.89583648028454,0.889409133119311,-1.06981141267144
"S28",0.778283944274011,-0.555041101415754,0.254387455448161,-0.111834304242502,1.28282399973423
"S28",-0.579098916630381,0.591629626774019,-0.0453387113770222,-0.687807844458679,-0.946931297511507
"S28",-1.04166210345207,-1.74623556348481,-1.15967714157955,-1.12734949001767,-1.15708571963583
"S28",0.746273872811561,0.00548118141548198,-0.828255321656949,0.540735660425709,1.84833929328367
"S28",-0.258795690617614,-0.411022303598191,0.545016853337836,-0.450434986321833,0.470563065605643
"S28",2.27865605210395,-1.21838693091877,0.992698075080234,0.27903365140516,2.44753247491373
"S28",1.25561639146997,-0.552486703303901,-0.638871967535026,0.303824438094115,0.954924231858767
"S28",0.153906753609366,-0.551524398259933,0.573664303769364,-0.97194881601139,0.480812361678128
"S28",0.490465092782151,-1.52125021348395,1.25434549063035,0.993548290235239,-0.819974506283789
"S28",-0.209763187621344,1.8529532278298,0.499591071226705,-0.150949631649905,0.79295461335511
"S28",-0.39942499929373,-1.37207951460793,-0.713181643970484,-0.380415717404331,-0.100715393659463
"S28",-0.357196856773854,-1.25839881583328,0.611112880132823,0.0361935267088226,0.557590502932895
"S28",-0.611099521562147,-0.36466359605101,-1.34553750385899,0.0787976628462823,-0.934124550621061
"S28",0.301907983728813,0.152909870964566,-0.606764512504851,0.198826685529043,0.0441559849312796
"S28",1.02002101956477,-0.844498973466889,-0.375451851029004,1.46110355484084,0.355255994432142
"S28",-1.94825589710291,-0.724586636345903,-0.921372721578304,-0.73535561096999,-0.120603062452526
"S28",0.840199259005389,0.300478456875341,0.188194769218835,0.359176921347066,-0.194399455298879
"S28",-0.265400658838102,1.27308676045874,0.0421167742961444,0.109500719983894,0.135416763813483
"S28",-0.742169014828804,-1.39918317637659,-0.586405443214903,0.433987302059197,-0.116548126363994
"S28",0.248883576355935,-0.0244500120700986,0.938649295944598,0.346713978776314,-1.01187482538061
"S28",-2.11699574673997,-0.485183784646455,-0.781478377075971,-0.0834782442664988,-1.9599890777443
"S28",-0.139547749724911,1.51117430149215,0.649904808580506,-0.637327420114347,1.00429057230472
"S28",-0.583756190186253,0.109195813880026,0.0932946656156286,-0.866116316105491,-0.828827001208273
"S28",-0.797401894443058,0.537580016856773,0.151599363283895,-0.533429911588477,-1.3382992803984
"S28",0.0514928063520824,1.09565160445541,0.52392095609532,-0.80256013994405,-0.420898067120952
"S28",0.282977882790639,-0.974913029949343,-0.52795488742988,0.388791455090195,1.12553650015726
"S28",0.429834343880663,-0.280831964663633,-0.716825322351371,0.985828355620585,0.549921572959299
"S28",0.432032199418685,-0.300760452053391,0.505505508823374,1.06717691015945,0.482718342204348
"S28",1.07834480652874,-0.821177577218615,-0.480870393119297,0.702415443712378,0.517226371738586
"S28",-0.241780682814811,1.41397235335954,0.273604933884135,0.424564571820527,0.450152442797849
"S28",0.00915397011193608,0.587697816531391,0.0594461997238567,0.11377007220707,1.03946363246321
"S28",-0.247256482307921,-0.373796540191809,0.175801853341048,0.593458888622014,-0.332857365063642
"S28",-0.305425785535247,0.384537604655983,-0.0836826105748373,-0.746352120077915,-0.155334972920362
"S28",0.259860979323395,-0.486343990632843,-0.196248187589062,-0.446919472901346,0.258189518335816
"S28",-0.508808630309575,-0.225947578459473,0.743562831264725,0.947024911222892,-0.608749781502771
"S28",-0.549091331581924,0.0450947810814351,0.197299775306987,-0.65984845224545,0.351889296026643
"S28",0.248152095581916,-1.424000960035,0.211292594847132,-0.881167682148218,-0.569040881574046
"S28",2.54119250907208,0.810593508398081,1.66356582864654,-0.00973739178925478,1.7986365218588
"S28",-1.10260247021483,-0.688093391192451,0.317583165408649,0.00762002198941591,-0.709760514827209
"S28",1.07835902776224,-0.491111392117946,0.438026148087208,0.0741311824692477,0.164253497054053
"S28",-0.858385675787702,0.410537115569472,0.899664954929932,0.658395378059697,-0.44152250106518
"S28",-1.3041907106879,0.602739359391376,0.557028957275349,-0.190011007275556,0.328666911036621
"S28",1.72781075447993,-0.34168323052998,0.593356570046799,1.50211325551165,-0.0724552620907907
"S28",-0.00141577380742886,0.296729446178287,-0.179462883380048,0.110245015134287,1.30519733096141
"S28",-0.760266923888336,1.24637804248992,0.204316298174027,0.337999582190819,0.308405616295801
"S28",-1.63192837368439,-1.38425290059719,-0.52246302612307,-0.677477168872109,-2.27261682123245
"S28",2.42517665922884,-0.789842153883161,0.563248652345128,-0.996035923223733,0.797151879495542
"S28",0.367431514030791,0.195812816801359,1.26933902280153,0.377007244934194,-0.200053906700622
"S28",-0.690933709179703,-0.344087524228846,0.452559637312633,-0.468401725684293,-0.0698338425934316
"S28",0.416685782675907,-1.50602039479223,0.118006609339408,0.58944334549064,-0.965122607987095
"S28",1.19065227473852,0.976897767754357,0.65239055757572,-0.0712364427042406,0.629670985871565
"S28",0.410227390092671,0.734685558356888,0.0761344635670283,-0.621021587324289,0.213197632238807
"S28",-0.333682918558731,0.0661515839350596,0.117305108531824,0.364741358091114,0.639666596833108
"S28",0.507728573273166,-0.853990835620874,0.485759672852445,0.613429139089425,0.263833271439957
"S28",-2.17774251438363,-0.162534414089076,-1.0594547831094,0.179429739966685,-1.62364219458371
"S28",0.574348465421494,0.902123506022996,0.559643622386196,0.53152287944719,-0.552794792338011
"S28",-0.888863165828273,-0.145744552570212,0.302211869451016,0.272565041801774,-0.554975258356636
"S28",-1.4559854822002,-0.354688333042182,-0.264608623281054,0.147791171462444,-0.997672687816074
"S28",0.482607800810506,0.765010403650464,-0.0230542936029699,0.0727448607231096,0.764482798002565
"S28",0.267503112665811,0.0600729321628349,-1.00566426881283,-0.404262347189647,1.23683242069584
"S28",0.746828952730352,-1.11187692205095,0.288189319592633,0.023704818888009,-0.453160765023723
"S28",-0.937479127153179,1.03960580955096,0.0984986926970697,-1.56149175134325,-0.478001811045939
"S28",-0.597007955270808,0.162028207573153,1.36830325671341,0.148279107427868,0.484142253510665
"S28",-0.0693711648635468,-0.00877027404125667,-0.610471431386403,0.356114994229348,0.455914972635297
"S28",0.429621897265885,-0.0323745024827933,0.358175191660747,-1.00187566674577,0.0566172347962251
"S28",-0.563930549946973,0.480338236825511,-0.248217840977578,0.836858292567874,-0.333743569167641
"S28",-0.00997821836718207,-0.597603577599072,0.377327298350072,-0.482131432824637,-0.548911886684015
"S28",-0.310310907394054,1.02708800777951,0.173564574376657,0.348163364365965,0.818592965559798
"S28",1.83209198632394,0.391545942760324,1.11790870825089,0.296237314787068,-0.5966446245327
"S28",0.440482440322461,0.496975057757052,0.176446989028235,-0.84309923771373,0.602605050966068
"S28",-1.45539763210788,-3.33688465411851,-1.54667042482556,-1.16627942251521,-1.16118050880667
"S28",1.10399000387101,-0.825639145588938,0.49047416047501,-0.183808955619772,0.435819749695193
"S28",0.419983101631485,1.57859383008207,-0.157532340584632,0.42462524680421,1.15656347689098
"S28",0.047681542484358,1.01161546713811,-0.520714489525185,-0.791586475199822,1.2083709516979
"S28",-0.0933353485631636,0.264838208853731,0.314316641103226,0.646412632602848,-0.312428391644559
"S28",0.30983548354378,0.798301735981,-0.769497215853858,-0.0393732051782862,1.33175610393901
"S28",1.44760477379793,-0.773684930996861,-0.971986485211696,-0.513176842853681,0.782787610357255
"S28",0.0841688654588153,-0.285660352318155,-0.976827458093584,-0.461167400064456,0.490953656474798
"S28",0.960004976104792,-0.253558121103397,-0.413863873749294,1.30774049241893,1.23482512076573
"S28",-0.82852860065649,-0.598606559651124,-0.0149789959749094,-0.317484147306293,-1.17186382920522
"S28",0.563333891876417,0.622938066525604,-1.31847542413488,-0.111971256257534,1.04616840458698
"S28",0.535212832044504,-0.145833104262264,0.711372649362735,0.431191036127015,-0.557681033601505
"S28",-0.370978519594584,0.0703518502435587,-0.225403720101531,0.437292936049162,0.556065613522142
"S28",0.849941251451318,-0.061705933423912,-0.161880580753578,0.0631222463737547,0.272610022051349
"S28",1.14238856698728,-0.550444784441235,0.0928384465260138,-0.172193325531046,1.12013066474054
"S28",-0.9045082786506,0.0927805237946318,-0.708628141698347,-0.619079081117154,-1.22894305470987
"S28",1.01189866174141,-0.279749825934691,0.118243074377294,-0.25911673913659,-0.292975845906291
"S28",0.586035082465868,2.08326157811656,-0.379061169189028,-0.651831200944368,0.972938425643169
"S28",-1.01732321528527,0.0283608676725559,-0.403593465580255,0.347635647236844,-1.58417429418879
"S28",-0.0796578277661928,-0.612780763183245,-0.398073423889827,-0.208860427688618,0.40143748861959
"S28",-0.436240770401306,0.702339159489129,-0.137048126532603,0.0906050305445818,0.244440890186941
"S29",0.396298421071763,0.209384589679728,0.0507391577530855,0.01546094358327,0.161890211987518
"S29",-1.88465927848586,-1.12979955506622,-1.33006346502273,-0.71781400794045,-1.05603431478336
"S29",0.68975557249393,-0.20952076959358,-0.350408415435566,0.150236343125545,0.291563132840569
"S29",-1.76752587201431,0.648294932582893,-1.45028110922065,0.429890895814239,-0.631501333493013
"S29",0.219579519892095,-0.412293191427361,0.0323298248240668,0.30198075459552,0.208852369797025
"S29",-1.22453378583695,1.46602677465927,0.692723947698683,0.253393376514747,-1.38186279386875
"S29",1.71563471061311,-0.198573445294882,1.25561010266731,0.0201481585669624,0.31448381050234
"S29",0.214111668874185,-0.185615960564554,-0.578238262138647,1.02789519106702,-0.256666894878964
"S29",-1.18154041101429,-0.447650749615417,-0.791713148453261,-0.362832107016892,-1.81458032191681
"S29",-1.16045418665196,0.743341375028866,-0.710715050560606,-1.49904242186286,-1.69113383485815
"S29",1.143270811942,0.592279942502644,-0.431739027491644,0.494407721033638,0.766655015405012
"S29",-1.70866376492765,-0.517966712443805,-1.1984271745815,-1.08970811987059,-1.70563143229189
"S29",2.30762768642844,0.0405637898909874,1.25065964632817,-0.129047633592149,0.608396132599577
"S29",1.08819922346088,1.58623762409628,0.109516082246592,-0.0474467896284227,1.65060340832091
"S29",-0.139264367547608,0.476666703783777,-0.371706964345771,0.697363222129497,0.196550792469463
"S29",0.475065682662339,0.123095952215917,0.347316885802916,-0.63355491884704,-0.226689550501442
"S29",0.316043546239955,0.176915822678392,-0.605338418917659,-0.872844212303093,-1.11608919529635
"S29",-1.65253227789763,-0.490866497012261,-0.419164116036361,0.166439223254471,-1.41402159568501
"S29",1.04875106975523,-0.633983449413806,0.0464334004067971,0.712063150689288,0.825997010215998
"S29",-0.0710026582853618,-1.33782335022025,-1.92326026895844,0.141469903382561,0.654789410840683
"S29",0.944528092407215,1.08392776210379,-0.45707232283263,1.07330534199819,-0.147605329127124
"S29",-0.918768307388976,-0.688961872017261,0.435620338228087,0.291846290622676,-2.31026754297448
"S29",-0.309185205756773,0.0215881939137966,-0.347026027789214,0.0661968809762416,0.012639865855759
"S29",0.863701925296182,0.827701699752276,1.20551152461713,0.312463482976162,0.346441333217204
"S29",1.25881483537108,1.55088682428906,1.45587977788595,0.136419272993893,0.465787782837669
"S29",-0.00458992474176473,-0.49007240717758,-0.881841804379497,0.0854199451345908,0.781083228424695
"S29",-2.18645204933505,0.720106241227145,-0.307033865029647,0.435291322029128,-0.600481334997894
"S29",0.907665668874669,-1.05508860565729,-0.767415959490665,-0.786200246606519,1.35887490285432
"S29",-2.26332835950225,0.338313583446714,-0.418488064311294,-0.0552052693119895,-1.49070441631066
"S29",-0.278238408948328,0.201240167778111,-0.323082034779009,-0.122246121435191,0.918081872997239
"S29",-0.979465634175452,-0.727918509286234,-0.236560383884399,-0.183908309808754,-0.990370541287133
"S29",-0.865745600522692,-1.03733356934202,-0.138259807334818,-0.965932070334723,0.148608763913207
"S29",1.15632662488703,0.706476977830667,-0.0415917645335027,0.222875500666906,0.739572461801391
"S29",-1.44278118351592,0.0750966991215689,0.265231595354226,-0.375765427827702,-1.99203832408276
"S29",1.95844728269469,-0.0576794259071752,0.614923930791985,0.0435336825063391,1.09375596615523
"S29",1.19099378010769,1.68039021916045,1.49412728592807,0.712780142796245,0.659405968394662
"S29",-0.0100700695380395,1.2089350973962,-1.43678397833282,-0.581131919980335,2.097048647256
"S29",-0.127881230420695,0.0639036880113472,-0.448689778703101,0.943346871097056,-0.909882063769429
"S29",-0.522341912345377,-2.14890808700915,-2.10636394526705,-0.816697187845615,-0.0758666961008987
"S29",0.0616981232842421,-0.620108265499029,0.287191653906108,0.341197337028598,-0.114436667437435
"S29",-0.000658995620317682,0.69831478831507,-0.693832459548738,0.577934493111124,-1.75502880855689
"S29",0.221688586507455,-0.305480130856486,-0.748105449141585,0.554991600105618,-0.228060460873703
"S29",-0.478676942461741,0.653833326388168,-0.409870341442009,-1.02088626708923,-1.31432066388802
"S29",0.579223384807356,-0.106798294803824,0.729494784962437,0.225781699629137,0.383147848640629
"S29",-0.869263089116376,-0.20460008093621,0.203021915425447,-0.286385180560583,0.190014932956855
"S29",-0.709594792755373,-0.433907097265334,0.236637395614016,0.210119678876043,-0.899747104687938
"S29",0.506559098141501,2.2481241094356,0.33834349191167,0.891278248561803,1.78249238280276
"S29",-0.988000400345083,-2.03151617307695,1.0179855845811,1.19431517533309,-2.95575930831089
"S29",0.604050332370228,-0.683388485199595,-0.0127720792204622,0.826336267508989,1.65670045431133
"S29",-2.9074471577486,-1.86063732214314,-1.48822613587649,-1.98922937052798,-1.08014668860071
"S29",-0.164766706706372,-0.547796109562853,0.485399068788141,-0.146448630538044,-1.58088420137294
"S29",0.714070639889165,1.36230473879579,1.23161002672878,-1.00308298213148,1.73505376902814
"S29",-1.74576090444817,-1.33567884696881,0.111660894406836,0.881125749939758,-1.12170233164808
"S29",-1.53585802251575,-1.646909924024,0.524753116346375,0.504581471503334,-1.19143318997282
"S29",-1.34275353907847,1.67117816316145,0.344495985230515,-0.998911419153685,-1.39039379702601
"S29",0.587697817081944,-0.226023071320451,-0.35294078715045,-1.00930352703794,0.106961356527866
"S29",-1.2730412540171,0.467638036446599,-0.132709094220912,0.396213354519109,-0.252096633290124
"S29",-1.72401157539598,-0.683381511948511,0.0958172899527219,0.457409133402743,-0.484599382771906
"S29",-0.296907338651227,0.439288304678901,1.27177414935804,-0.1807947425198,0.137956258025789
"S29",-0.229294660769295,-2.05332640795342,-0.265934684660731,0.0485707791378197,-2.74133338807235
"S29",2.85350051411637,1.7038040742038,1.0792953704103,0.399172884424616,0.895402606571489
"S29",-3.03330686214559,-0.465499992407224,-0.775387270881552,-0.648165760879378,-2.73567910759732
"S29",1.17556907843989,0.973335062607348,-0.167036730692503,-0.249882554961291,1.69794271171369
"S29",1.3174953185397,0.0773952280702458,-0.227126924475013,-0.0138404387980143,1.07982581222082
"S29",-1.38787565358497,0.561646360716376,0.37482863150053,0.770533041451603,0.228376348164808
"S29",2.20767269551814,1.53164307965924,1.17646259140324,-0.416469311196412,1.82932923267874
"S29",1.26619175549281,0.983680716337906,-0.434108092344167,0.0457697276805299,2.57838860140414
"S29",2.96195878700552,1.3005361063672,1.49078878205209,-0.659803691866426,2.80309806989991
"S29",1.47351211441734,0.572206941926465,0.274844966219482,0.792319496902089,1.58670301302831
"S29",0.369016113793065,0.743069821171065,0.488875753915992,-0.932295507720811,0.301551564519892
"S29",0.158135922999619,-0.901435368187024,-0.334689629186391,-0.46163740952582,-0.819147348020366
"S29",1.25937812065865,1.81207756027421,-0.619225084220485,-0.426526462816957,2.42393347621493
"S29",-2.14460055535833,-0.609981666722014,-1.14247489829749,0.281495742168168,-2.80964562275717
"S29",-1.85568614004354,-0.847386505306839,-0.282449466764542,-0.944374459179875,-1.03173117006209
"S29",1.12350095809555,-0.693708185315773,-0.371043293262443,-0.100327634385155,0.321600130852475
"S29",0.408852706797544,-0.510829253460632,0.917575885985814,0.607950200952232,-1.05884077301158
"S29",-3.99240043617653,-0.759094282430659,-1.48476771355388,-0.563446645529507,-3.88162657050817
"S29",-0.369736695133408,-0.714240590021682,1.49244562736324,0.683300351407237,-1.16027363561095
"S29",-2.52193791750316,-0.121934458272087,-0.846340670608088,0.728023014575918,-2.48127485713801
"S29",-0.992088325887494,-2.57626885670561,-0.846434254065848,-0.694731031760726,-2.2388499368303
"S29",0.574655218219678,1.40620021648311,-0.100138149704499,0.963485656265046,0.0229298031992192
"S29",1.61839026313634,0.00368357191787097,0.624351188067714,0.957954175154695,-0.0746798488925992
"S29",1.80812945813114,0.952737877404679,-0.081422116119894,0.163215343980239,2.29934304062628
"S29",-0.755906947176273,-0.0210149678727572,-1.6991806361533,-0.188998529636106,-0.681725255591906
"S29",0.0811518786362826,-0.506585746298868,0.038077088730006,0.244637009415443,0.159919462345261
"S29",-0.583537367320762,-0.907969411421546,-0.0805389301165184,-0.0482928561387339,-0.703029685519255
"S29",-1.41667735456807,-0.81246419640059,-0.90578805218442,-0.377775533894934,-1.11524808046297
"S29",0.15276615160991,0.294993752151491,0.805983139185223,0.0597939471144943,0.587500871966084
"S29",-0.281667183450974,0.0748302147800771,1.39163170318062,0.182699738112662,0.117907113247649
"S29",-0.0630082372132816,0.617469276631303,0.31478229062154,0.21626686016345,0.115260101413988
"S29",1.15195679063799,0.334908680870184,0.829790882333488,1.55520841070233,-0.0617736951148062
"S29",0.929709357512704,-0.836465325040332,0.225207593831495,0.540358504631439,-0.501888179565671
"S29",-0.7996734730172,-0.398616151256879,-0.625297142330634,-0.610665487751836,0.417217918942224
"S29",2.04300689807282,1.28625050232191,1.22417968771997,0.174089085471572,0.586613755251886
"S29",1.14997037511158,0.705969061433478,0.525792433897063,-0.52512285606639,1.32410609203673
"S29",0.589284995075456,-0.461377174047265,0.470713372684058,-1.03326744092025,-0.262336553055068
"S29",-1.27386310612475,-1.08916913515616,0.331316221800168,-1.22202401561585,-2.82477058707195
"S29",0.15742512408386,-0.75803323602469,1.0614691344886,0.819761933144246,-0.762951002492963
"S29",-0.185324263319023,-1.00175353575399,-0.37893475391861,0.539774516247626,0.328690273277637
"S29",1.74616544379074,0.824002606491864,0.349822143199111,0.0757627966533088,1.9364014718066
"S29",1.01145771566195,-0.35704039147912,-0.463855625212067,-0.614320533065989,-0.0306113102516216
"S29",1.78408483494814,-0.958737105114274,1.85961660427792,-1.29624710737654,1.86030061884401
"S29",0.633207217603847,1.35232154081192,0.622905121988459,-1.32054731976832,-1.2697068115395
"S29",0.554091348430524,-0.553778891986303,-1.31654547212052,0.926783004806764,0.91817568627462
"S29",0.211876671636488,0.0259436231210101,0.353750787646753,0.361645236001681,0.585722734939639
"S29",-0.337409965378092,-0.598275488748798,0.27354545820322,0.867243880545187,0.100722609643024
"S29",-1.06031719084535,-0.695252309545762,0.62416438928555,-0.434004411713272,-0.426101330160158
"S29",-0.501053369590598,0.753384946102011,0.10302846791214,-0.593850187113831,-1.42309251710839
"S29",-0.0951910342174395,1.0912926020507,-0.191349788725139,-0.0470111247630594,-0.895699667916082
"S29",-0.772385563232442,1.30036629116644,0.615450034384595,-0.535575668407611,0.497564858214337
"S29",-0.225048848401908,-0.242839794893634,-0.0198061438644255,0.00161992881337733,-0.505481623129545
"S29",1.34241170996849,0.926498290464383,1.73606174430907,1.48959093671131,0.136472964545858
"S29",-0.0719225070559465,0.808138116257779,0.769326049098098,-0.742290059305977,0.696521629619208
"S29",1.37973238238866,-1.27602901871201,0.125587873673082,-1.19491740640689,-0.126527739618268
"S29",-0.996657293730995,0.488801435918992,-0.60218580584606,0.0699210131675497,-1.55652592386972
"S29",0.345553077701888,-0.0644364698617355,0.622555786527121,0.0367965171999572,1.69093459217583
"S29",0.528023376869772,1.33509980110302,-0.218860238051623,0.493380620167537,0.780928556532742
"S29",0.35166901695163,-0.224236043197968,-1.47666049703827,-0.396891160908559,0.161234638942953
"S29",1.17681648858814,1.97409185097192,0.556039154050394,0.929895250019346,1.13984975911666
"S29",-1.19831843198671,0.243222502429134,-0.692877531501029,0.47840805074526,-0.251202373925583
"S30",-0.965431767904067,1.21196428283972,-0.430426473749697,1.19988357117431,0.514961229853011
"S30",-1.77161491418833,0.749779583633467,-0.140710659020246,-0.236481775317342,-0.244993713787587
"S30",1.39669037478352,-0.87490050260265,-0.0699999694561031,0.512667859511833,0.669925030533317
"S30",-1.06090121862458,-0.113982403519837,-0.692307897407261,0.0616858806792389,-0.643255448611946
"S30",-0.560144717728165,-2.7098243176859,-0.016036055374143,0.534726951070697,-1.47491967679197
"S30",0.953089522859713,-0.431780521246781,0.723280167563063,0.275558408128013,-0.54519900010837
"S30",-0.223616055590437,-0.101691582498981,1.38877776061612,0.510450548224913,0.411222919126481
"S30",0.82309786681641,-0.624995689246687,-0.300268270868637,-0.689126922300116,-0.446927685477365
"S30",0.611351732558207,0.358181337717931,0.799199008769208,0.583226602788726,-0.989501296977045
"S30",0.203019387102588,-0.594273688319889,-0.486367084643308,-0.0862623827572872,-0.277989503651578
"S30",1.27763371435109,-0.140892220848367,0.474266501336951,0.00615530552893333,0.638947088240191
"S30",-0.0634974199090823,0.395196257771789,0.801835071959315,0.955805324595685,0.325497129371715
"S30",1.17946649523266,-0.194152701735437,0.465817774897889,-0.254721688630235,1.01648833979273
"S30",-1.56100268003797,-0.0477066011858381,-0.19212222550576,1.02797113351681,-0.912035989881578
"S30",-2.2594924928675,-0.904029628937258,-1.88965960337895,0.28513990716989,-0.333717517454837
"S30",-0.470118365170577,-0.522814003595559,0.467781124524466,-0.220608557791255,-0.15241588818283
"S30",1.11238848505066,-0.0398453971220373,-0.182314212110089,0.122518572035811,0.335818739468897
"S30",-1.21027454011313,-1.81786601731518,0.390652241135061,1.47842234158134,-1.38953540155991
"S30",-0.55956830656768,0.182558986252343,0.30183963437212,0.0378619709549785,-0.359334178000782
"S30",0.320524629892519,0.345424624788097,-0.94639190660963,-0.84648910672926,0.0161346734015443
"S30",-1.18470452677698,1.00764362889859,-0.290544499054979,0.0480211223754893,-1.96732618083636
"S30",-1.6483080505828,-1.0135956810263,-0.998812667710845,0.955205508964198,-1.68013834520332
"S30",-0.644182903508678,0.0386284075362462,0.586377344065754,0.377455034806187,0.440927978055014
"S30",0.6736803358396,0.163759255349992,-0.503299576529584,0.439080387595967,1.35049796700839
"S30",-0.876133147870131,0.567228997563338,-0.235093937803593,-1.23679714565588,1.22190217248521
"S30",-1.59036547787499,-0.734184920901243,-0.459796441141413,-0.0714748210238807,-0.661139969017339
"S30",0.972500279429235,2.10057566013436,0.124675270400833,-0.564510761915184,1.28483970145148
"S30",0.806620103155086,1.07416526464445,-0.219400710639746,0.296719062709821,0.932859020121348
"S30",-0.847826907885425,-0.888320725178274,-1.36700753323459,0.10515601558251,0.6319184895668
"S30",1.29053240852736,-0.486592498201457,-0.146219584376594,-0.105741257895075,-0.0253666276431683
"S30",-1.84956737593652,-0.785150200892342,-0.0592047117544646,0.622992174002394,-2.27022777060637
"S30",-0.546322199110471,-1.33097856676651,0.229625228170132,0.312021298645258,-1.73594010306193
"S30",0.188015948884133,-0.692315403144733,1.4138292700893,-0.363181869463945,0.306233095380439
"S30",-0.507914348127961,0.957871529180852,0.298207327695584,1.07776020008296,-0.661903441927858
"S30",0.259789033057798,-0.114604819500046,0.55787268231464,-0.251733902710181,0.0413857742278559
"S30",-0.0795095127885728,1.16294246792817,0.349941912651789,0.756305817408061,0.503551208468242
"S30",0.282733652065219,-0.779887673202059,0.0944854826740006,0.257835630194563,-1.01329993818679
"S30",-0.782837093394173,-1.03676731836183,-0.0390407145182865,-0.222900961500927,-0.301061823404635
"S30",-0.290097960199235,0.431430762193941,0.0774225445870956,0.427014051192825,-0.0125822055213052
"S30",0.00893838968341604,0.695466964856677,0.695810020424183,-0.134460012147737,-0.47465975249389
"S30",0.37708689364055,0.91580068095057,0.593114004200447,0.5243308717469,0.346346853278847
"S30",1.60540290172895,-0.0881340061496729,0.512550733838384,-0.348385639978489,0.738846054669729
"S30",2.61207433323113,2.27348161575908,0.808925802881553,0.996226863115654,1.21296447285725
"S30",-1.77088767978195,0.269125017676529,-1.17867652556896,-0.89243688756509,-0.729702445746196
"S30",0.921411565647089,0.703720950794787,1.63470394359178,-0.187219356559733,-0.617572835421546
"S30",-0.446604197189727,0.499254009119248,1.35105194069589,0.511752907072492,-1.1952560417071
"S30",0.751504010970811,-0.9784692410802,-1.2334582204998,0.0480910143032514,0.880594042308413
"S30",-1.82432944376162,-0.754507565573588,-0.634789012655558,0.285133571143986,-0.904146823982359
"S30",1.07708387943921,-0.237155504106863,-0.223198207254505,-0.629661140813686,1.55659166026058
"S30",1.04247280910462,0.0196877637400007,0.635246148754691,-0.480312803850646,1.50041093746907
"S30",-2.44164464415783,0.428427955726805,-1.36603885260782,-0.683782492183985,-1.49127375571272
"S30",-0.35390324582445,0.317898749215533,0.250741933187137,0.342701213382482,-0.94244434581034
"S30",1.30773240437777,-0.135687078707171,-0.0235094665842545,-0.576715849978273,1.60064402692562
"S30",-1.74841127773588,-1.10891984187062,-0.752811869262166,-0.960828447178331,-1.253589362014
"S30",0.303318502172651,1.21675900317275,0.563195172832633,0.621419709881814,-0.88051990916315
"S30",2.169187997521,0.891021982990908,-0.239726581716261,-0.568907141741757,1.94795289815586
"S30",0.297684640398931,-1.39107784135378,-0.895894046026714,-0.0723610346238526,-1.62759210612446
"S30",0.712549555146719,1.90403355158173,1.39575691461927,0.117889405916748,0.271555416824989
"S30",0.926918069543447,-0.0945917461266045,0.351841978911826,-0.518228623209316,0.931106032954456
"S30",0.601019752137403,0.836137987797695,0.030789251442314,1.21643939044166,0.808670877792126
"S30",-1.07998281000743,0.598135783654816,0.225214621993361,0.268417520750004,-1.30592170413668
"S30",0.00036428109363229,-0.460475775613413,-0.572043333943355,-1.03774842513949,1.11510644793386
"S30",-0.475735807384508,-0.639872465477556,1.03366628941643,1.05674210331888,-0.129019336226817
"S30",-1.00348938690725,-2.03563802107004,-1.19196488293269,-0.462911649099148,-0.966008436408147
"S30",0.345934409634844,1.37463394845476,0.070559733837021,-0.332347232878325,0.0842565495178337
"S30",0.825545950121898,-0.811661716137398,0.103258889710012,-0.272946552048183,0.205839801446614
"S30",-1.16185558602291,-1.01338092574891,0.141634773563553,0.0422236966415492,-1.67394359691934
"S30",0.789075999086798,0.0228915955920793,0.0833737231218167,0.794564791117246,0.211518338591802
"S30",1.74621777319656,-0.854278791324465,0.807947261288224,-0.562712675060234,0.0922137360041508
"S30",0.0865821260523391,0.942293029387607,1.82603037118072,-0.403265157922748,0.0450219673903638
"S30",-0.447722697676638,0.533684536885988,0.105642208333451,-0.748295191430511,1.42757544176341
"S30",-0.580976384219246,0.493006440481695,0.175550140458555,1.85912302028329,0.532949197493816
"S30",-0.00637506870848847,0.123118014700474,0.0683137031521439,-0.397119674250653,-0.944550123391419
"S30",2.39168055644936,0.881098189080925,1.18358753220757,0.183015802024676,1.00417464158861
"S30",-0.210827947164348,-0.134764495753769,-0.73087158042057,0.421599918566182,-0.510866700877299
"S30",0.886418176152017,0.56823014224753,-0.0556891535864281,-1.22267307327101,-0.115857637786301
"S30",0.283795979107995,-0.282895742806348,0.771618346492402,-0.857715284262394,-0.292309136532667
"S30",2.05575603286491,0.342318732272417,1.09037974493524,1.19998515111643,0.0720272084118145
"S30",1.11231495125111,-0.826122611348363,-0.155204658173171,-0.689841457851024,0.860663268850148
"S30",0.651412149561325,0.454022085407432,-0.152201887746167,1.34645582587847,-0.756861180452841
"S30",0.0615021250516911,1.63294735884334,0.456574588931496,-0.74631254172109,1.07781991511423
"S30",2.66360449849523,1.09721153765025,0.453294546393652,-0.158346353354379,3.82192806401997
"S30",0.399171342318876,-0.403622541330855,-0.677898906363484,-0.785196515150991,0.415728990056116
"S30",-0.614146476245707,0.0563470245588333,0.0622871911342736,-0.0790712574844685,-0.83889949087222
"S30",-0.636521949115401,-1.03321600320612,-0.988415813540113,0.257105568803357,-0.309740823036404
"S30",-1.2001448966046,0.788498948307443,-1.1749936228491,-0.705782138762636,0.241175240892469
"S30",2.565268395134,1.28451059128875,0.288680705807644,-0.0151357201830293,2.1067627871026
"S30",-0.72847771212349,0.239774228044477,0.703087690216203,-0.407605596359135,-0.080351366709445
"S30",-1.23409115922604,-1.26951012681617,1.09015421938716,-0.966758724103436,-1.27887728534582
"S30",-1.26819210633511,-0.439050199172054,0.70976505302372,-0.448650940110527,-0.160133527755307
"S30",-0.423839461628743,0.0427045330933225,1.18663790652376,-0.514306322022093,-0.929276622672135
"S30",-1.50649273429664,-1.44304820905179,-0.115668949624241,-0.0190922181881456,-2.60082632468
"S30",0.272152453031878,0.00546137724670981,-0.21348097845727,-0.459068276992658,1.52596566259842
"S30",0.496229197716477,-0.64082810483069,1.02084165729053,1.32012316070335,-0.0743145827396633
"S30",-0.842298545262696,0.0544320789111614,-0.162961762542249,-1.80752364902625,-0.420294880362449
"S30",-1.03319255896825,-0.488193676262672,0.3894910330124,-0.0737040713350367,-2.0667543413612
"S30",-0.0700837932938409,-0.736631265567036,0.210237759144426,0.620884020225037,0.00140908694857184
"S30",1.91267564434559,0.00836986450481418,0.654131442901773,0.793389741830287,0.355495924817572
"S30",-0.262340477500521,-0.231762373379411,-0.220614653055967,0.207148062668883,0.113912605286935
"S30",-0.61319077940332,-0.372525675313553,0.101579834397913,0.106830638262942,1.42494601248973
"S30",1.86260962791336,-0.268959180678191,1.29631650964053,0.172860241460717,1.09473514942003
"S30",-2.1291932567309,-1.12951408953993,-0.944190407235576,-1.54824187875716,-1.4901039466004
"S30",-0.0563458069292105,-1.238326841395,0.0307606761921418,-0.382826497660378,-0.726544723321212
"S30",-2.8311968780164,-1.50911618627962,-1.05657459716485,-0.606741526263559,-1.77824623507701
"S30",0.140697661526322,-0.475690184478625,0.0459902998698929,-0.0677945412809689,-0.328218279427606
"S30",-1.54688390307336,-0.568531787167329,0.638834358682779,-0.294782446241897,-3.13057774516727
"S30",1.19674581676695,-0.0462236521192506,0.349519630561212,0.586528726112933,1.43072783118857
"S30",2.04965781037247,1.48280759722538,0.255251700548659,1.04867940510209,2.36090944099322
"S30",0.987960121203274,1.06952253248566,1.28519860419542,0.247006996285762,1.30510506058507
"S30",1.08707135768264,1.20058433993786,0.714023060590785,-0.0397387603095248,0.932958974408225
"S30",-0.294304670924624,0.172169585875622,-0.0970390188978798,-0.943777378292635,0.0892099263348766
"S30",0.868728214375872,0.969354542555653,0.721118398482833,-0.134251288565218,0.41576340558589
"S30",1.22049609588652,1.24564874647223,-0.118035453921566,-1.15696844527845,1.21958922550198
"S30",0.634999985837829,-1.6728695880079,-0.692371817220501,0.0466538880956866,0.230159275878975
"S30",0.345141229022072,-1.03040918430755,-0.853039673054101,1.75435009070846,-0.417315009291629
"S30",1.20658574112465,1.88001867721284,1.58069351340647,-0.320561844996833,1.12264034547572
"S30",0.487505532917694,0.60932669221377,-0.419914347869385,-0.720595900711556,-0.859974174067918
"S30",1.36345276093122,-0.461305671054512,1.19566109503977,1.262053425477,-0.297646930785528
"S30",1.11709774675819,1.76676022931766,0.443848961816391,-0.780020899761677,1.26418911045808
"S30",-0.886930219209567,-0.692056692893518,-0.034733296440008,-0.52626066170618,-0.591046592729035
"S31",-0.521131743314303,1.40652116516154,-0.0233259587552966,-0.953521987316536,0.800727358082134
"S31",-0.325129790190905,-0.605486956434481,-0.298581822748246,-0.463815885794858,-1.75226363742189
"S31",-0.327881714591841,-0.252788901051458,0.227087801192182,0.215519460302504,-0.258607053407624
"S31",0.225063404412781,-0.377162904813785,0.350022497288034,1.58815936978697,-0.849893443482674
"S31",-1.10203542264708,-1.82144602669534,-0.645620890893084,-0.996385211080591,-1.08777741590153
"S31",-0.917932352518979,-0.0615992049958556,-0.509822762976478,0.617969057645159,-2.10560560838327
"S31",-1.70845167543616,-0.243722228454098,-1.64142944592639,-0.219517640719493,-1.3222670580401
"S31",-0.452738658842971,0.294387936240819,0.772604761360833,-0.370446059247902,-0.963828076637315
"S31",0.844766503564336,-0.300244435036646,-0.433611893007335,0.450853038462787,0.424500490411661
"S31",1.72435330502128,-0.0924342085350043,0.403865553844867,0.757899256248223,-0.0326653471755055
"S31",0.0728099568571496,-0.461480401501898,0.0244954658050892,-0.266332881963585,-0.799257699705255
"S31",0.190208439722753,1.3547529451441,0.258750388706482,0.873456749498963,0.381330032785047
"S31",-1.02138091677738,-0.574089186880322,-0.670368945287055,-0.911680821299065,-1.62156928972157
"S31",0.526705136043004,1.11283292974149,-1.0837183699221,0.084105034108066,0.681668390797846
"S31",0.281625925072664,0.627901347191216,0.545929819937485,0.646609389283916,-0.75027140130321
"S31",-0.0481241876880045,1.09965753558294,-0.625137850836965,0.827135375456563,-0.966681338436686
"S31",0.224877314070883,0.413260581676857,-0.382225619158252,-0.423165190052544,0.313401027336424
"S31",-1.16270459602614,0.489440878475198,-0.317835023592949,-0.94097795613609,-1.23971477497201
"S31",1.29602028636499,0.432243808364322,0.680424735490965,-0.358972501635095,1.49119298441993
"S31",-1.47706757055261,-1.73343805827477,0.339662776735557,0.137437006305588,-1.95697792491897
"S31",-0.558823323072774,0.201716301018283,1.13790215673595,-0.400801598224206,0.475961293057594
"S31",0.277412436512165,-0.94766169714543,-0.642661037243684,-0.757242478860578,-0.123657960806007
"S31",-0.964229617365508,-1.92570036462564,-0.887942277029403,-0.208923813378135,-0.299212788041434
"S31",0.150763509973708,-0.171094921850941,0.122111220636074,-0.294258789796821,-0.834406534062719
"S31",0.387323152723047,-0.836243481128488,-0.107537351701874,-0.941452535666427,0.898546245187002
"S31",1.08633774163328,0.738558994584694,1.02868044103152,0.176364942415406,0.862852410702482
"S31",-0.454836318051466,0.706338604397575,-0.887410152327593,0.860498082478017,-0.906933585742457
"S31",-0.00148777524585825,0.0851064827419505,-0.18755883084511,-1.54521310131702,0.133577192396822
"S31",0.157917117605915,0.00268576099483486,-0.701115758991904,0.0645991767892538,-0.752861123579745
"S31",0.627841708214016,-0.753115773937292,0.343642262241027,0.331694990634722,-0.156801067849938
"S31",1.67577695307904,1.52673646293387,0.107287868761079,-0.068986185842985,1.3011466876072
"S31",0.0621583538496807,-1.12865310082445,-0.680295010323659,-0.482585304982064,0.205050240108305
"S31",-0.696580113090108,0.407185015528344,-0.687593671381512,0.317285680085524,0.643207158548885
"S31",0.918635614817473,-0.992550580015265,-0.24010457061862,-0.393103101575143,-0.91643910155617
"S31",2.07712041086885,0.387747813358368,1.19050785605783,0.453266943338784,-0.131153915082494
"S31",-1.2682378508097,-0.395075190660304,-1.1604113284535,-0.452149800817338,0.643467405495709
"S31",0.0143016146168137,-0.692234771430672,-1.20465004108032,-0.969392281096723,-1.44896033466386
"S31",1.52630593859159,0.505815616004529,0.432889445996473,-1.27697606316598,0.414918877051496
"S31",-0.176887096931469,0.434085509952239,0.614589074922917,0.656078315201784,0.344999092117216
"S31",0.416501190217248,0.705702940953135,0.401533192260014,-0.149330825893083,0.650690495434365
"S31",0.0516071055380348,0.474835503056405,-0.620433533922632,0.120236584942349,-0.67725652219577
"S31",-0.822095560211035,-0.641946528676961,0.688393813477043,0.53919563001264,-0.997647869325173
"S31",0.202643599547767,-0.125249159311419,0.564663317374914,0.325237077466552,-0.539922720017065
"S31",-1.97154486791048,-1.08389682456978,0.21086691324515,-1.31560674540181,-1.55600103156433
"S31",0.36108774720325,0.39711183412034,-1.65893757804157,-0.499148941833628,1.02045168996184
"S31",-0.728081890585768,-0.247861908831166,-0.221054354501545,0.0061491313011205,-1.38796612043608
"S31",1.49453715574546,-0.464670427280149,-0.0989410246152724,0.500182379605901,1.41833850799571
"S31",-1.1161565421543,-0.685855711372442,-0.229428096841524,-0.913439711696298,-1.77489916736519
"S31",-0.424776751600278,-1.20173767274433,-0.132706668351303,-0.419242413324824,-0.0503835177393379
"S31",0.829403692843466,0.107836976322613,-0.614092615620921,-0.864685696671049,0.503072599297916
"S31",1.1574651623628,0.276518100077653,0.770800150368392,-0.329269666566107,1.94695332284249
"S31",-2.0826678346816,-2.11960007050338,-0.367979004504603,-1.20842739978878,-2.20493797361
"S31",-0.996219943663414,1.42213848784482,-2.57857019599187,0.394930119711034,0.537053689700795
"S31",-0.507375449772729,0.925813324669058,-1.22162387159823,0.744190617998199,0.148683215336532
"S31",0.424533252423182,-0.782431192065975,-0.332981456835248,-0.225037586658175,1.51815866152672
"S31",0.477646823194178,1.77446515768105,0.371669064905597,1.10727791242785,2.3007694460962
"S31",-0.780214975863444,0.0793557778853193,-1.15123353293047,-0.515998966496562,2.72807678995162
"S31",-0.345638714714023,0.151518955469459,-0.0993012995247307,-0.262373025739808,-0.0471785807275464
"S31",0.834788094045891,1.13269760108008,-0.264427107117125,0.500540015880887,1.65062638307247
"S31",0.418557729839608,-1.82836979237415,0.147024987890714,-1.09805231223384,0.0157710264665132
"S31",0.0305209082760269,0.536040338241384,0.00223321128747591,-0.00626359821932328,2.03657402952978
"S31",-0.322136837525159,-2.01573203401592,-0.407322460838312,-0.905860553413641,-0.599115501766313
"S31",-0.330480700330257,-0.36571712582441,-0.200382691089726,0.295051519085714,-0.216881153345866
"S31",0.102802763781508,0.861849123952952,-1.37338945462513,-0.91663188066031,1.31926772236717
"S31",0.363858477713517,1.46994239846419,0.962436591086036,0.0913409452528308,0.568320714786913
"S31",0.377148238458332,-1.56664738258922,0.209175433228364,0.112077500107479,0.2004749431955
"S31",-1.49539854309689,-2.44913562348627,-0.81268327093985,-0.975123593022045,-2.79017302211623
"S31",-1.23234863166706,-1.32600167167153,-0.947805512864602,-0.497206140436404,-2.65459239749753
"S31",1.09853618540264,-0.123352199407278,0.415920968711614,0.985940792667075,0.832872076213921
"S31",1.33226126337122,1.79967994438302,-0.282309688509237,-0.705671145116741,1.02919199438802
"S31",-0.488932495135764,0.0715399221532664,0.475503833996988,-0.00707204025168775,0.495165050653569
"S31",-0.330734819321215,2.68302658117153,0.178673467859683,1.2864618403498,3.23466016785735
"S31",0.496049600306681,0.0283605577963044,-0.00946037384744358,-0.245887327385133,0.328543633218121
"S31",1.23530514213773,0.623374345740279,0.551321043647875,0.0761784466050214,0.71936498978783
"S31",-0.0658309990333885,-0.827037361763039,0.27415250399584,-0.366476177837677,-1.06265376587296
"S31",0.385702011859766,0.496236305470449,0.501352008909605,0.555872631183777,0.260173105936255
"S31",-2.23377519254724,-0.640016399380301,-1.34281172589494,0.164848948750242,-1.26148912442178
"S31",-0.386052006651275,-0.794620324940472,-0.172523948428507,-0.0327916362726894,0.761352257422659
"S31",-3.04433256819047,-1.03958969971942,-0.763825722810007,-0.495348033497541,-2.08485213255283
"S31",0.344801863945516,0.100110095068557,1.04599001877235,1.67707560735322,-0.831081517484133
"S31",-0.94355457995019,0.902860396181894,-0.271726028655214,-0.321519929537608,1.0902917623436
"S31",-2.06507617263158,-1.61847495817282,-1.50338564145852,-0.106130309944993,-2.82488674567312
"S31",0.119513921919197,-0.687356872614963,0.632038920493875,0.994862852943196,-0.595247778302365
"S31",-0.841103983445412,0.0925767547378456,-1.09963663443172,0.306674631040237,-0.317375496120179
"S31",-0.251812156357987,1.56995327744862,0.277573058360795,-0.837945024386622,-0.00636623856536711
"S31",-2.4745045223933,-1.48203617888162,-1.14235030922652,-0.282818450394312,-1.37841000059432
"S31",-0.472166613910261,0.452977303045892,-0.410993716544259,-0.281792506255487,0.261488636970002
"S31",0.919774546562885,-0.415950422376508,-0.322221876086001,-0.0484388362101601,0.444179066750971
"S31",1.50028442328485,-0.598467421108368,0.367521557480314,0.657390081189651,0.0791967194933107
"S31",0.992975007402627,-0.116372237288014,-0.176858583011295,-0.914458497300108,1.60896371996895
"S31",1.89909303491879,-1.39371389455813,-1.1477196177432,-0.715033740433266,0.129419785473876
"S31",0.138921729585987,1.09533907558503,0.457697582156437,1.87478382649772,1.17785482652775
"S31",0.178307297659873,0.336912399001639,-0.390887313434072,-0.156502618439939,-1.32741403428531
"S31",1.32267643408328,0.811291953800177,0.149330372458607,0.149619306518086,1.19203695117731
"S31",-1.67660343771157,-1.51148770914235,-0.486374465806768,-0.192890707845949,-2.18506675870717
"S31",-0.584821245808187,0.434816540159946,-0.736826711697554,-0.189614317845903,0.34903167610802
"S31",0.793152491182192,0.421878597900986,0.869200038530064,1.32498011237338,0.250126540720156
"S31",-0.000393648829621202,0.903825050909778,-0.564182393749318,-0.12295011441958,0.197708585774836
"S31",0.390188549973818,-0.140703611279708,-0.196931877237396,0.105272107614096,1.11873219294994
"S31",2.03837882678124,-0.717719559957323,0.909795156246921,-0.238785245709119,0.790552418560699
"S31",1.07810521638104,-0.0185922247333294,2.14738000143065,0.380909059029809,0.262558717796989
"S31",-0.645531650925993,0.368825929062345,-0.249790537410421,-0.262872806002058,0.286916492883032
"S31",1.02256758741199,0.172781219294459,0.298362919701693,-0.740395239434213,-0.592729147284748
"S31",0.294875200897903,0.295943888823866,-0.449397141013822,0.341537396310491,0.594400803484946
"S31",0.28107759958246,-0.0280677446487323,0.689866966970718,1.05034283415889,0.183620965805336
"S31",1.41750032292558,-1.01329085476785,1.51488096240577,0.421735944275818,-0.505954656414791
"S31",0.886980403690071,-0.335960770059633,-0.935023570985687,-0.438508361963439,1.08526779747274
"S31",0.76951182787536,0.714434509822514,-0.0308864788722955,-0.295039811133544,0.291399856553149
"S31",-0.238254752089301,1.24280101912745,-1.35367344936611,0.309754532896115,0.414274208662187
"S31",-1.04798779688133,0.804578691677265,0.85361996779368,0.308210190429151,0.0130794552969194
"S31",-0.027354225850688,-0.00955391404407924,-1.37108092880471,-0.0593969590334603,1.71020782631877
"S31",0.2562837623853,-1.63091780652228,-0.491878544853004,-0.391089333886657,-0.207301118203881
"S31",0.439061775875231,0.275676013919916,-0.189570216198833,0.439001994471688,0.446266121734609
"S31",0.579761133705179,1.84054260617571,1.12487226468699,-1.192488404772,1.40767659546696
"S31",0.495777105412174,-0.54674138339584,1.10533951300672,-1.27915367871033,0.224875465344861
"S31",0.565693859754611,0.217673647781827,0.859541267538956,1.64502218996439,-0.275744195867331
"S31",-1.27020291245401,0.928060344154798,0.538359776896914,-0.841158800968421,0.10791210663833
"S31",-1.66085630072775,-0.225282560787987,0.10267848212455,-0.174256678051152,-0.0305714701593478
"S31",-1.28612005563428,-0.514064858054004,0.230050353083952,0.0765928267886949,-2.65905573472823
"S31",0.436001245715852,0.088830204972571,0.15739373580096,-0.79956973861794,0.767906629932069
"S32",0.600056057882801,0.16208227476568,-1.13505082847144,-0.630283253933964,0.102067165695873
"S32",-1.10243483226106,1.04944534117864,0.190357680161677,-0.427801397951545,1.10874188110225
"S32",0.420620486802893,-0.497026363698154,-0.746170307542404,-0.844848979555247,1.28439593115614
"S32",1.45379487399731,0.309473671295725,0.24450504654066,0.591889745996282,0.857499949203858
"S32",0.441262829370864,-1.33242307534374,-0.42205725847028,0.30854089570063,-0.941138964886864
"S32",-0.833241481308288,0.285025249110367,-0.0554964448867422,-0.330885945855656,-0.0918201513878551
"S32",-0.941336100251052,0.78871191007239,0.988033760939528,-0.267764014946906,-0.865903285200024
"S32",0.327775898116077,-0.251236405634676,0.932655505572977,-0.124157978920485,-0.694331510824939
"S32",-1.55363714901517,-0.00582192404905493,-0.777835593743086,0.0300740385148142,-0.0141596798215098
"S32",0.46899587169162,0.616139393442131,0.0200119429780645,-1.2428744893987,0.822734452373831
"S32",0.277088274596943,0.678051491926913,-0.220079940880951,0.442729730902425,0.802763894578155
"S32",-0.444165459289751,-0.159610135650681,0.470898538809465,0.752266476502533,-0.191715685167063
"S32",2.45372525691103,-0.0532932738658239,0.999081859208409,-0.226955506607782,1.77352445301441
"S32",0.848020308476036,0.229096436351223,0.141476422148538,0.857795489662922,1.42645062796025
"S32",2.21219359977142,1.82932441078034,1.77547133232982,4.20964028119296e-05,1.47174798524692
"S32",1.10407552305744,0.827396783538147,0.659001952404873,-0.428845373587023,1.00417905712477
"S32",-0.621616665225617,-0.628045022072535,0.108737918712804,-0.00158998630626297,-1.45147089610717
"S32",-1.43006130663245,0.0409483267573951,-1.14135475569663,0.515797884648816,-1.16376185668767
"S32",-0.591442146814343,-1.16013494558823,0.0264573042558458,0.789613079922359,-0.0379869425323681
"S32",-0.379272261688109,-0.297645505540481,-0.907404491633522,0.242544104182256,1.68825382651361
"S32",1.45285818336558,0.784309186082195,0.451540491244898,0.21128992725144,0.698602292239742
"S32",0.718103498818149,-0.554370335079224,0.672166125703137,0.0441180655783322,0.740340812728385
"S32",1.02649467393779,-0.49376801931213,0.646381015340346,0.792300783834111,1.33300316861405
"S32",-1.88767801451488,0.619902035729036,0.0346119749262989,-0.133379694128858,-0.179622019210664
"S32",-0.0715585517650933,1.29716794709805,0.618843308506507,-0.086656237995789,0.571683725639011
"S32",-0.343832697713235,-1.89352630833946,0.557420870765562,0.257185641633319,-1.91656059022895
"S32",0.861712708006767,-1.98843432115419,0.442278015332634,0.931533079626513,-0.112807687147929
"S32",-0.544850844642208,-0.139406212188814,-0.744125551904174,-1.28317004170056,0.0271154491363611
"S32",-0.382836696221621,-0.71391276083993,0.109085268319914,-0.553405011738764,-0.344040135603086
"S32",-0.602664944264959,-1.03208375495644,-0.856336328063725,-0.476400941957084,-1.33178232619065
"S32",-2.0638260501194,-0.853734798943933,-0.921130519160505,-0.236554085569476,-1.64418799057958
"S32",-1.4497697389207,1.39120444000379,0.237169942067351,0.251254120588869,-1.07412810920145
"S32",-0.725353694604706,-0.455164247863284,0.622732980347006,0.590150236430642,-1.22548876951849
"S32",1.76426328209358,1.51590315405033,0.287400694042132,0.178000148794836,0.726487028630047
"S32",0.981346763512044,0.779272322729671,-0.279750308867763,-0.00497819753224529,-0.386207120099001
"S32",-0.59917402928302,-0.788894083763076,1.20122135158072,1.33393026107485,-1.14764140593168
"S32",0.276525089130857,0.447220733227631,-0.262015124209589,-0.0214170457660093,0.426776012038536
"S32",1.02871201179327,0.365320219128377,0.481170440277659,-1.04241811801742,-0.252397811916892
"S32",-1.81129214911221,0.204812804121683,-1.93262133218741,-0.0907061525498743,-1.85846401985284
"S32",-1.52794117913725,-1.04028841112204,-0.674362907635643,0.431149948027364,-1.27049957746255
"S32",-0.205580223775229,0.597689016554066,-0.53725302358372,0.0944137347345946,-0.646430225089376
"S32",0.452648960480171,-1.69146552954196,1.06732551324617,-0.574886576359402,-0.456035434834367
"S32",-0.54422775881947,-0.241813967682594,-0.47754979124959,0.302932894519009,-0.489922248305288
"S32",0.548395258077302,-0.236829208840258,0.527188151841142,-1.14894860127049,-0.880233011744147
"S32",0.602921171402449,0.472302452755536,0.288260190060079,-1.35853145288218,0.83369738624726
"S32",-0.829314294338608,-1.17979227155236,0.705511720552926,0.751721325150158,-1.01687782355388
"S32",-2.08746227280273,1.81763200604096,1.11617651807981,1.10989900301498,-0.41252817423281
"S32",1.23102135749464,2.05552966372327,1.14774901306243,-0.268789975465365,1.7917759758965
"S32",-1.08611821358435,-1.70756078267265,0.560313241334895,-0.0348827296469723,-2.03748375699999
"S32",0.681627451721666,1.48179017507972,0.147088573717081,-0.430893039109045,1.39800907463068
"S32",-2.35916552451478,0.55967545126449,-0.442672726213241,-0.058621601828671,-1.05285416139049
"S32",3.28106689284497,0.429576145410715,0.689049471053657,0.0756852070784641,2.16523592242994
"S32",0.69023879955024,2.02728232044364,0.325641750084308,0.0825319868082392,0.489059177819763
"S32",1.08458053919364,-0.257604085188953,0.607221581444667,0.105207348077015,0.299863401264303
"S32",0.450450099140078,-0.817566928727714,-0.477558235631403,-0.597949289075185,0.243268615335783
"S32",-0.137688270841422,-0.891135733033438,-0.624913386696242,0.334791869833989,0.6468729066746
"S32",-0.788339799967088,-1.67454056707359,-0.771688964176031,0.0259110275817031,0.0493042345319836
"S32",-1.6000028568033,-0.676552359698335,-0.241617041653604,0.491657023638062,-1.48780050613467
"S32",1.19939196726095,0.527392401923233,0.624366131319001,-1.12370691399888,0.866140694012237
"S32",0.425211432491108,-0.136748157072176,-0.251873360914003,0.621343452321803,-1.83493757794428
"S32",-0.737193510450702,-0.941844029102157,-0.377049644756025,-0.529272663817771,-0.998665232959393
"S32",-1.10103562969514,-0.106051272986557,-0.892732070355165,-0.405794683882572,-1.04864242452074
"S32",-0.457547940005041,0.195110999283797,0.575711765246013,0.404593376402076,0.856084450221901
"S32",-0.666171166709851,1.10301325586324,0.517338858701057,-1.02285132560743,-0.545719802814577
"S32",-2.36610103207931,-0.139768042389395,-1.00412677318334,-1.00185428194068,-0.803818308670567
"S32",-2.25027818023044,0.58248689756536,-2.0209337400407,0.212774975262996,-0.361754544670094
"S32",-0.110869908578353,0.0614998327738609,0.910214725404252,-0.463424561219018,-0.208140492299842
"S32",-1.34343837416269,1.07148169616769,-0.89609658877639,1.58075959925111,0.290725482794474
"S32",1.40838964600456,0.319818213389498,0.518470004172413,0.57082439065962,1.63544054217801
"S32",1.28372738241494,-0.820963403677615,-0.214666395570146,0.369090839019709,1.08113945243706
"S32",0.291152655870182,0.814130092738654,-0.586113482324155,-0.221982957942289,0.179622999541921
"S32",-0.211694109636419,0.0484879902226149,-0.7967210590304,1.18258000546623,-1.3578130956463
"S32",-0.153895465823824,1.74277794021718,0.650369720572703,0.667726600355023,0.875936718396825
"S32",-2.89703538605252,-0.254659601771554,-0.115368114890171,0.0985885004928919,-2.04663827301162
"S32",-1.13423669622468,0.432482967513751,0.653605890956366,-1.06377718894667,0.415940588775271
"S32",2.05145285628201,0.637208864346864,0.0496266325021925,-0.0309695701391701,0.822207347871998
"S32",-0.640026010700701,-0.768626064799889,-0.430101828708066,-0.588968330153485,-0.269321237346117
"S32",1.27426989228992,1.18127980840773,-0.222098331465921,0.0715234928318684,0.864951977769663
"S32",-0.133041653838745,-0.505378982678592,0.725065058141513,-0.936660627348878,-0.561340439960606
"S32",1.9961478313906,-0.736997781755381,0.415061708878978,0.645043499433405,-0.435308055081453
"S32",-0.764526544674319,-2.14607651495249,0.182255929189746,0.316850432985004,-2.22105766384155
"S32",0.417043986784562,0.665323291663725,0.748986273892352,-0.397588331382494,1.22353569994307
"S32",0.79426856132567,-0.0879375566613853,-0.217342666627534,0.156766359515542,-0.349290891120152
"S32",0.419104687725764,1.99103908772761,0.309473416547785,-0.506091589495293,1.59612180052117
"S32",-0.573603001006997,-0.392672234565756,1.04936705758819,0.0236524710859826,1.131838033691
"S32",0.107116593254149,-1.00983218744246,-0.640389037543112,-0.979200219588058,0.866895430819969
"S32",0.819326708374104,0.210720753010994,0.7973202539168,0.165351099272123,1.23515648486073
"S32",1.1082129689344,0.75355381093945,1.06157675314217,1.15313958247715,1.98996881764717
"S32",-0.302436880395575,1.72526578188222,0.818492568420797,-0.349797321164458,0.786107760707545
"S32",-0.531831539755586,0.839957686106671,0.286572995713924,-0.991662098797631,0.800770505460732
"S32",1.94567240052695,0.110920504585498,2.00146967791152,0.768975148937806,2.75879394447576
"S32",0.678678267621983,1.37287209506861,0.204053451594889,-0.75954111813133,1.98646153058901
"S32",-0.578735585925048,-0.684184268844244,0.0474827341824126,0.516225196197671,-0.976675348532165
"S32",-0.17480272348255,0.826928843281667,0.0716813490113478,0.0632697608827508,-0.935432537798996
"S32",-0.643498635369377,-0.238192474516972,-0.826205400031847,-0.17179906688942,-1.69467973416079
"S32",1.65077107628368,0.0718918203060897,1.25794734738853,-0.454087293565807,0.605636494265065
"S32",1.10252674720132,-0.0917489476615131,0.259552559777938,0.333271335160205,-0.207589922253406
"S32",1.02930523994878,1.28162210188093,1.21307749568909,-0.450048290979849,1.56904250740585
"S32",-1.48755772898254,-1.15665279145602,0.301841640230548,-1.39987781698191,-0.707658492659046
"S32",0.672088139510165,0.238273582086568,-0.390272790079021,0.798822049429753,0.573062230399568
"S32",2.2423683072954,-1.14938482990055,-0.0809090771527568,-1.40560535572716,1.03020878186864
"S32",0.71935634046175,-1.50621355737682,-0.00120638759060686,-0.669681968298552,-0.0452019306435738
"S32",-0.0458441040341561,-0.259643727586752,0.354430816744213,0.662969806155179,-0.996902102866166
"S32",0.947061908612165,-0.162117079894571,1.15166580387738,-0.125260905281259,-0.14955719861252
"S32",-1.2309396764912,-0.703850122527087,-1.23890223936318,-0.762584029348782,-0.31586596593005
"S32",-0.7232101743345,-0.803816096441793,-0.126033436053028,-0.105831938042384,-2.20017780569863
"S32",-0.957018144061529,-1.1397481952394,-0.288702270140596,-0.569905063190164,-0.705319633812869
"S32",2.01913227095008,-0.729923919019186,0.744779699277125,0.451102866477904,0.667941788990017
"S32",-1.84669752246803,-2.18056042599308,-1.2777003887865,-0.0733382367322875,-2.97882718209623
"S32",-0.0147782871244075,-0.759365895390221,-0.793237248605978,0.449179340825663,-1.15595625453194
"S32",-0.0212290586596183,-1.31302274919318,-0.00924860444892514,0.62694193058853,-1.30717615011104
"S32",0.364686808177778,-1.20370896670801,-0.209698939020869,0.892827437617408,-0.680320560397194
"S32",1.25141146286151,2.8608243379016,1.11384260352812,-0.217541439771756,1.82864799276912
"S32",0.868157677341827,0.0365286117689256,0.687909286384764,-0.21954169043653,0.578750652875612
"S32",0.299430787786044,0.458458697105383,-1.19798741479227,-1.10828889265766,2.24661659086483
"S32",-1.02600903810343,-1.98025705124172,0.275919007317752,0.575297508798462,-0.822922458731243
"S32",-1.44172398758943,-0.0652940181025187,-1.70191338154436,-0.767316408887345,-1.37187990185995
"S32",-1.78060100999969,-0.251539513033973,-1.06663467335608,-2.30924093623222,0.106371352922985
"S32",-1.63866562686626,0.271204280990033,0.488649562113333,0.165277320228453,-0.592470805371902
"S32",-0.720177484216122,-0.96450458023505,-0.264951885774625,-0.962723320599671,-0.535471050922747
"S33",-0.232794575622012,-1.20344151523162,0.222170507026912,0.251838222550982,0.465387874893261
"S33",-0.482269681220536,-0.598311483083452,0.909478517204387,-0.184572939294809,-2.28678074447727
"S33",-0.0940404176973206,0.0523607806657194,0.933005414277,0.723640881738517,-1.49215548886036
"S33",-0.653253660491962,0.165860594902361,0.679898498630588,1.39920141838072,-1.42195349712051
"S33",0.431456637735517,-0.526969930399158,1.63823800534347,1.36636400710382,-0.469784010673145
"S33",0.448393612629091,1.10840550380087,0.804227278731964,-0.359241515444542,2.08291768080757
"S33",-1.17444129268744,0.863721932303817,-0.707843224024531,1.25584045631183,-1.279581162359
"S33",-0.0241168657088604,-0.38322260749597,-0.225761953151768,-0.348331781563498,0.475590195559977
"S33",1.27739432285092,0.669477434616401,-0.322711822206707,-0.225520500650224,-0.0590117393443417
"S33",0.235678203953949,-0.813051542599622,0.130192889935242,0.707467158532571,0.395608306688015
"S33",-1.07584443829523,0.184565584905953,0.331266817227967,0.0817830490685158,0.517433997698168
"S33",0.767289575787739,1.38338895569017,-0.190528965349576,-0.46711755784384,-0.176177757672318
"S33",-0.921808196728538,0.0414236625491923,0.817627942840967,-0.812963493514444,-1.31811821842912
"S33",0.721774575501532,-0.00430118077663666,1.33255905809089,-0.158788178395871,-0.0285094839750164
"S33",-0.873973239647924,0.337135974389811,0.662449773342046,-0.376112977416773,-0.794742117776937
"S33",0.0492970383199657,-0.0351291144270633,0.191494378960872,0.511959463822436,0.1233393866299
"S33",-0.571668732391805,-0.729740577356345,-0.00452045369038621,-0.230756152243258,-0.881233922598317
"S33",-1.22797823595332,0.872337594475241,-0.703198526527092,-0.637894951010913,0.388694767796786
"S33",-0.7485617721858,0.741613417707588,-1.1209929476416,-0.0526996813676049,0.111816853307831
"S33",-0.32325378618652,0.822706920590523,-0.395952469969343,0.243306266857829,0.584850004190982
"S33",1.30451784175053,-0.222217102981444,-0.251629475014199,-1.18995295590759,-0.0224482724023937
"S33",-1.46867906502085,0.630677233138185,0.161014116906542,-0.583837911333943,-0.608584307940791
"S33",0.827598936835273,0.773232907003799,1.2608359649687,-0.526204887695568,1.30968880306054
"S33",1.68076901993493,0.0230740928119257,0.827174094287895,0.61613178052002,0.614102298707665
"S33",-1.52475576489822,0.383079682951374,0.0817870548242191,0.317011874765025,-0.190793091457908
"S33",-1.88552533077622,-1.09662976670822,-0.366417968582256,-0.111782563457898,-1.58327308310311
"S33",-0.757668368701929,-1.32525797666659,-0.736493293602156,-0.513945752114645,-1.54224844512496
"S33",1.99575632318978,-0.415930631438318,0.131908428561077,-0.21770051505849,0.739764194403869
"S33",-0.140779272806872,-0.788332308669599,-0.365328143098544,0.696007436485752,-0.746813267295318
"S33",0.0678234113124095,0.837908094059053,0.526535508540648,0.103383846537774,-0.511406991143698
"S33",-0.346811826590475,-1.64043197411756,-0.646859669626745,1.06348701194429,-0.259539179500875
"S33",-0.687632545285751,1.16036806355158,0.268074153580601,-1.09817956959418,-0.761154885997205
"S33",0.380327099299764,0.984083210256702,0.214184178603588,-0.170112402714922,0.447186664818314
"S33",-2.13625095305307,0.708187617001698,-0.851255578027479,-1.02647323290884,0.421238144504061
"S33",-0.129391332081516,0.0486193712767643,-0.303998146926206,-0.192627798417589,-0.157569940893275
"S33",-0.160951218531753,0.989623007381774,-0.315018400358368,-0.044322737671868,0.0365579596497796
"S33",0.0579264940956995,0.198629894349301,-0.99892638459112,0.180178555266567,0.738167696475201
"S33",-0.0793031242098096,1.11546561163787,-0.771476247566691,0.0279303429323539,0.422323593528958
"S33",0.00592009628359604,-0.0725252241976893,1.17039223565253,0.0853978324422194,-0.345005030413161
"S33",0.895987243981903,-1.06791386612227,0.243864440366338,-0.374992632007055,0.522085827213645
"S33",0.733199149217857,0.683902349249657,-0.0897487560691598,0.0457303981251447,1.71322713428722
"S33",0.782193760752218,0.382880864038208,-0.458880204058645,0.528651722398816,0.225953879332219
"S33",-0.343858093755961,-0.125238065038681,0.304512483524972,0.406214688866728,0.307193808431242
"S33",-0.35876682307921,-0.139674819659995,0.510033651936125,-0.633244976998345,-0.618072200138701
"S33",-0.0427637394519005,0.87303522091355,1.27750062245819,-0.691939962798769,0.641945153033108
"S33",-0.286828000365575,-0.628577973353209,0.866127319681496,0.0814666238731699,0.364019880570401
"S33",-0.141737599734269,-1.25756176159327,-0.503991422511246,-0.395752598771868,-0.423558294913124
"S33",0.257050851249864,-0.249608619252711,-0.106845692830319,0.139429427458046,0.49103563402379
"S33",-1.01548163580378,-0.383021498579573,1.36867980042822,-0.290352439918469,-0.891456622520519
"S33",0.920453875692753,0.77650839251664,-0.0212068624357808,0.286590496529734,0.892109254399426
"S33",-1.709357560486,0.589902464731801,-1.00055506508145,-0.354175179752292,-1.00949690719807
"S33",0.835727000448053,-0.333121786519573,-0.079538961413837,0.333345996287602,-0.192853475835954
"S33",-0.247402547062148,0.563308659254718,0.835118075207383,-0.703555784401859,-0.793655414963523
"S33",2.01051606530054,-0.797959409662281,-0.271522965037098,0.0991532246799943,0.996306350468596
"S33",0.187039200427739,0.643711884744861,0.437314344616954,-0.629708407896469,0.264102445196568
"S33",-1.31051363430293,-0.354090417788075,-0.305030673937135,0.610855672826212,-2.28624963389382
"S33",0.751033159903293,0.00446240508019158,0.61907127605594,1.02386005154813,0.620222592307005
"S33",-0.0159222395964261,-0.308587156676885,0.644550172293371,-0.107610694643066,-1.42233735017054
"S33",-2.36250764926417,-0.875923924530026,-1.36094087448936,-0.605128751259915,-1.59460056401288
"S33",-0.695985685801493,0.321089203426616,-0.390502714315164,-0.380030742416126,-1.08908722008715
"S33",0.833227030724381,-0.725956858739326,0.74302450998786,0.344603850971498,-0.850867521944444
"S33",1.16205395788236,0.848987419922954,0.871157227044595,-0.51851399387292,1.0669691909033
"S33",-2.79120852285854,-0.127743569613683,-0.822063106951276,-0.418665756481848,-0.729853184572424
"S33",0.939826881298673,0.437910285942721,-0.0202407228260199,-0.184917731601806,-0.147120618414625
"S33",-0.485004513327065,0.623284299759163,-1.33846520454649,-0.420662553595493,-1.34075358918517
"S33",-0.831985331284476,0.353211752095891,-0.580605992379658,-0.346312900177979,0.154794965685908
"S33",0.563188131196219,-0.209586371710345,0.913840211627237,0.427986618714897,-0.837088006600625
"S33",-0.0851386238116854,0.469083871537332,-0.189239350596672,-0.540548553321349,-0.448876421919344
"S33",0.249259819960803,0.167779987195769,0.448911339962013,-0.0120352729585112,-0.94525574193036
"S33",-0.659331046588983,0.474148114979514,-0.37962202430274,-0.211407801456346,-1.48004343596466
"S33",-0.213761219786611,-1.23691331958168,0.36840893225325,-0.505910910971669,-0.623695893846058
"S33",0.941106740070475,-1.94618045784138,-0.27177129381368,-0.732852381346293,0.635632828871392
"S33",-0.214402402716409,1.0096756676618,0.867417181461723,-0.166910419938154,0.43222404723866
"S33",-1.75264058108743,0.153478236377749,-0.0681786101131167,0.823111550789928,-0.0423490157978015
"S33",0.227713115396044,2.81016882013766,1.37112142278182,-0.764531991428241,0.62645057791254
"S33",1.38631273009076,0.146193162930209,0.0614014980794064,0.662199069912417,0.08280705336433
"S33",-0.0283591988354892,0.0144849446347937,-0.1495324988515,0.664724803551787,1.50068507041626
"S33",-0.700967425128297,-0.367232146617816,1.40082159335348,1.05202204347058,-2.82593927121333
"S33",-1.04235553565005,-0.557219719246961,-0.352131097285778,0.309066446186097,-0.821893406047318
"S33",1.09118776409789,1.64822008548531,0.15836552404776,0.585139040675798,0.159517789850484
"S33",-1.102708438915,-0.347048640823222,-0.0337471173278524,-0.170780725796709,-0.571303270050335
"S33",1.51640521992935,0.520698736408085,0.665794435672252,-0.50237081386264,1.23865438565453
"S33",-1.65051837239037,-0.446089024547802,0.10153894773487,0.311266198537397,-0.929204555959453
"S33",0.355402936387265,-0.951362102872801,0.571232230482862,-0.370075154553667,-0.621875357263597
"S33",-0.485306494443236,1.13630974822504,0.998645160742002,-0.0869556463558962,-0.342823381330312
"S33",0.600111328171449,0.66759581613865,0.291136082485647,0.58380697090397,1.13935580181094
"S33",-0.190662648293514,0.600995554357473,-0.0877098222591706,-0.321671060202589,-0.73249096576952
"S33",-1.08746380318462,-0.0530550502004121,0.361151408234345,-0.118734093805238,-0.210220810142133
"S33",-1.87409606692845,0.647120620563166,0.0970163209519772,0.296459405403938,-0.136763597993652
"S33",0.303933053543843,-1.48362522594794,-0.12297250891648,0.495643913401244,-0.349725821339076
"S33",-0.715189824184272,0.0676910974958579,1.15665829190063,-0.356975713386755,0.316273721438194
"S33",-0.369677131860183,-0.870641531104079,0.649053325166243,-0.607827252245075,-1.41755801794398
"S33",-0.30759245268447,-1.53549955081605,-0.0959162431728045,0.0592617303958189,0.598827798091347
"S33",1.55647274583453,0.0301217278261297,-0.325650730353513,0.92495606527879,1.27974789526005
"S33",-0.114041349048758,-0.323540016552442,-0.0704294872202407,-0.622309770351326,0.109651692293581
"S33",-1.11843005537102,-0.403290544076445,0.462618718718022,0.859514006198442,-0.39613873310499
"S33",-0.554498671887812,0.393153853321968,0.630472784383963,-0.201257031531838,-0.378668778508966
"S33",-0.901225083551175,-0.564774918115206,0.431479458674741,0.148263635552177,-0.380592374810737
"S33",0.692618837825856,1.20063551947469,1.02400174559514,-0.538411084828945,0.990935986796433
"S33",0.10252143388811,-0.963709231808528,0.291735312811273,1.14545125780213,0.296669779192089
"S33",-0.907083650346558,0.591497480798133,-0.255123451552571,0.560733556970234,-0.302504816904222
"S33",0.22024692406094,-0.577335222627354,0.396677141584772,-1.45526227905991,-0.649592886169467
"S33",2.23810397083022,1.25266107436328,1.54011424023858,0.355808573030538,0.094976119192029
"S33",1.52075855719064,-0.242194765310174,1.34052731392972,-0.00422049410575549,0.270314942835289
"S33",-1.33978269594458,0.530918881104241,-0.541113021559115,-0.231477967472734,-0.823120460213856
"S33",-1.46891686437494,0.776708950304712,-0.684345592695575,-0.748057329445455,-0.823325614028796
"S33",0.657784724058571,0.671715684291015,0.81970412290455,0.342710287008701,-0.48048382612586
"S33",-0.759943797713952,-0.463916248741718,-0.952781104465409,-1.3198918918914,-0.140505874374171
"S33",0.644808375137581,-0.204797246854047,0.492452537189243,-0.150164311792592,-0.0452226665198892
"S33",0.459756877544634,-1.94563313714835,1.41882792908738,1.01111159633919,-0.155076937563307
"S33",0.582098582740443,-0.459354846800017,-0.290962342469506,-0.626795655794067,0.631347152734604
"S33",-0.196321581946522,-1.74269026423438,0.484350762734197,-0.307282757023905,-0.679107569078421
"S33",-1.10570184251681,0.700211991990336,0.127162851473606,-0.716624133747127,0.413566386794074
"S33",-0.792242793599998,-0.241892764780271,-0.692015819804785,-1.04422377417378,0.547453490124464
"S33",0.252688657126921,-0.293955437831707,-1.41008817338109,-0.0540200533953222,1.22766778871884
"S33",-0.0901605915672668,-0.302934750662206,-0.421329950228303,-0.0681722703292078,-1.17991692190589
"S33",-1.08591609278868,-0.191322463076276,-1.25793316882324,0.300667854060287,-0.767494350383023
"S33",-0.0130971797527824,-0.340313929503036,-0.0935426534176969,0.612912448618963,-0.35535780647468
"S33",0.514855739493223,0.371858352038649,1.13760037055517,0.94607529634847,-0.141515062071815
"S33",-0.41417749559864,0.394495493892097,1.0033720044688,0.0601078278116146,0.481531951105498
"S34",1.00372058355979,1.0257455750011,1.14749675203236,0.738226603195833,1.5907443476835
"S34",0.794816002549211,-0.197229939485171,-1.05570138437791,0.895776048827998,-0.419258375308624
"S34",-0.0510761292113283,-0.821437151785229,-0.80126756145319,-0.254639270017292,-0.535915355042152
"S34",-0.0687241290389028,-0.851891150241264,1.47988832177213,0.305655446872701,-0.204519591843073
"S34",-0.594185100608885,0.00825683870301843,-0.862033879804642,-0.150268905627077,0.0175392889775599
"S34",-0.151306866617987,-0.00462217007857754,-0.138258285721859,0.340027419883388,-1.30966707964897
"S34",0.0235659644655065,0.334779736650766,-0.596285513433156,1.0162069439947,0.0780704855286642
"S34",-0.0701925323038162,0.630258340241315,-0.831798332052335,0.083988013534732,0.433853301391304
"S34",1.77858414506399,-0.356226220537564,1.02447676706304,0.15870653114783,0.418864107081464
"S34",0.165921858899464,-0.280840992813897,-0.190444651533098,0.446120971529381,0.304443538918339
"S34",-0.227643553745099,-1.2169646576974,-1.48651157106863,-0.265116757655379,-0.978550311796196
"S34",1.09029382405473,0.348259184289357,1.55899898736983,-0.642920039673519,-0.129843534938793
"S34",1.15452665816544,0.704650374415978,-0.356510370106415,0.0958960857623295,1.00375385667878
"S34",-0.530215388629075,0.294398445606978,-0.378538188885059,0.0333416807300532,0.7650019335744
"S34",0.374476083614688,0.617950767049192,-0.400144486474558,0.745339397517879,-0.254371334063151
"S34",-0.146754481134368,-0.361360174593678,-0.185507696341125,-0.439917176441906,0.0164595608193847
"S34",0.55911864762478,-0.26846611129987,0.321075185889162,0.965226673459283,0.678516844112309
"S34",0.553857173412279,1.27070456781853,-0.1957951721211,0.369915133048719,1.36257360607534
"S34",-0.306058340386925,0.162803606123104,0.848332285043665,-0.166525727103184,0.0548336979792948
"S34",0.683822890649777,-0.0627664592033513,0.264110183420092,-0.728794889362041,0.131622574618288
"S34",-1.10242042226544,0.000527508329736873,-1.84960487157027,-0.631100075817123,-0.479666870551362
"S34",-3.14869026856885,-0.40226135778728,-1.47102269294653,-0.187311362575619,-1.06610561826127
"S34",0.550567021913193,-0.181358700421804,0.0645567880907278,-0.343400222027247,-0.773608245016091
"S34",0.700932974187682,-0.0446471474291648,-0.917536594838344,0.254944204325419,1.07272265479056
"S34",0.44589626865312,-0.334831720748752,0.0525028445509516,0.166643942885414,-1.12983343271409
"S34",-0.633361146387608,-0.965141409234402,-0.828821512566683,-0.241482148606057,0.508912704679475
"S34",-0.302402364632235,-1.16675999424035,0.364305448419123,-0.27019689142094,-0.950631602051826
"S34",0.286701667728726,0.48949734541914,-0.603685048165564,-1.11118437669215,0.787457169139077
"S34",0.455190295478406,-0.530304124483159,1.96870644445296,0.585245468189051,-1.09412660073629
"S34",0.751314701639328,0.171073220139174,0.543377250527298,-0.671804693032112,-0.0826754200057878
"S34",0.604857393751812,1.00303317372424,0.468892002174689,0.651380489811132,-0.849051032689697
"S34",-1.72779889247424,0.0606336184332646,-0.992205320074903,-0.761416955337729,0.690089438532249
"S34",0.613265639024207,-0.947940767680114,0.0360996747111928,-0.805712017585418,-0.136156286553523
"S34",1.37627159003547,0.42887595956236,0.0601517692855589,-0.322430217257162,0.665714571601231
"S34",-0.0379020260359948,-0.743626209167554,0.22503234178144,-0.338747762301207,-1.18446209176899
"S34",-0.935382856333839,0.233843083798854,-0.259335241367808,-0.172278771401737,0.448189192719486
"S34",0.306442885956531,0.249091594907801,-0.0900424151142226,-0.970218215758017,0.229968451421642
"S34",-0.0959855626165751,1.0086660794032,0.300078887786515,1.04540479608307,-0.285728144805714
"S34",-0.923171754683859,0.0532281149062927,0.447140224180226,-0.842544795322021,-1.18019678586642
"S34",-0.228121125404035,0.0472921382760427,0.320969429657329,0.408026529496674,-0.173050326673097
"S34",-0.115266243338325,0.344233367518009,-0.175325134387783,0.388625905122492,-0.596268424984621
"S34",0.387452050906206,-0.172170011807572,0.670349340708082,0.711720634694061,-0.84106491766328
"S34",-0.266403960224547,-0.594232482030521,-0.763218447094177,-0.0903899812380037,1.17738430089539
"S34",1.02641163849964,1.97923611233399,-0.694307974393065,-0.349062486036829,1.2778801218627
"S34",0.729301945210103,0.45027327219167,0.367476188361178,0.0976936466542029,-0.445503436767653
"S34",-1.15564401602945,0.871178022875569,-1.45938464631533,-0.722483384955595,1.08346029612074
"S34",-0.180484474066724,-1.06317190684062,-0.0882371395537752,0.148167931110095,0.453442920339538
"S34",-0.426936033495511,0.00623689281137158,0.108634484344384,0.0401331385737516,-0.433370098737166
"S34",-0.97475402647589,0.955604189468754,-0.0161433703005694,-0.519783792549535,0.466757918560805
"S34",1.58635586578452,0.662538810218767,0.433959418633834,-0.422928617501148,0.897798846161423
"S34",-0.310612702011562,-0.538886523778415,0.64389023750929,-0.0839177769117839,-0.276893984967606
"S34",1.24364585409976,0.771793202994536,0.0857287182209722,0.727254433168678,1.7978519213222
"S34",-0.570431139898812,0.653368074540049,0.385509535869585,-0.0942286750672177,-0.0555143334390373
"S34",-0.345942507206949,0.961336807926017,-0.61513061830057,-0.909191960414702,-0.590212267171547
"S34",-0.257442885359751,0.192847443531132,-0.69154516823379,0.767218592862303,-0.413938785716808
"S34",0.705443256813279,-0.295024891081356,0.391041324220995,-0.0446750890582092,0.0222498516535005
"S34",-0.517143278062623,-0.198119764968781,-0.905045304095052,-0.155844427620803,-0.849544934362025
"S34",0.462921037872111,0.0129085947041864,0.307588658624164,0.0793793585956353,-0.783230911137788
"S34",0.147356581619441,-0.844668826137955,-0.656114398603645,0.0127151767523951,-0.193248016482209
"S34",-0.735524570281216,-0.581019697282196,-0.692668784170215,-0.480776617582764,0.114839023929593
"S34",-1.11059104101455,-0.212330396540424,-2.74925298290359,-0.517845361714094,-1.16438610139575
"S34",-0.729465678202269,-0.0494788579207943,0.584431919911026,-1.30699078055321,-0.724524422688543
"S34",0.624852751111175,2.00366099888564,-0.574460377643562,0.269238289428892,0.585874153547271
"S34",0.0787108179310544,-0.572761190212446,-0.15011609586899,-0.495138370429435,0.0118885104358168
"S34",-0.96476396483875,0.709678157761781,0.899749220587343,0.897677423444794,-0.799239609922343
"S34",1.69370378417626,-0.272532275040132,-0.171610511457173,0.558165880791257,0.285234573951533
"S34",-0.977889906892702,0.459829447588968,-1.23169080756166,-0.864354082174636,-0.415870880419574
"S34",1.32559676707926,-0.905375152786234,0.583808951752714,0.369564345362852,0.642079277604748
"S34",0.122521867464051,-0.417995614650095,0.192872223544223,0.4380728945692,0.264623350861179
"S34",-0.68758257203933,1.77070189566707,-0.86753823550037,0.0940264875563682,0.148507143103486
"S34",-0.556022376575204,-0.822488735066253,-0.745740575367184,0.312505640521912,-0.324991842764701
"S34",-0.322605368746743,0.544297203630824,0.684272841137301,-0.138742844124812,-1.36375588949055
"S34",-0.0912787565097476,-0.381859007339243,-0.308825212806948,0.665190811803237,-1.44725772230684
"S34",-0.403133936651839,-0.401150781293472,0.301200046076509,0.62888828623339,0.999965480734001
"S34",1.51561152817986,0.159010474431797,1.70569556905226,0.0214727615816161,0.275311956551415
"S34",-1.67844200803094,0.283547498538526,-1.00501735413895,-0.745333151870038,0.338199955877217
"S34",0.0104037381761584,-0.89308884154041,1.47957631555669,0.952909052348096,-0.935950802976253
"S34",1.57269746038604,-0.0816464216268878,0.0738492410859028,-0.41744535621059,1.03395081444103
"S34",1.14267691854666,1.20363024705638,0.461919278064842,0.482010812734703,1.48543425665237
"S34",-0.408019028736952,1.51655875337307,-0.462560401298303,-0.357774547096886,1.92866538594444
"S34",-0.138638026494111,-0.38807511968832,0.0720088276245167,-0.364035112484596,0.766046019020774
"S34",-0.91588109855229,-0.0453526987798894,-1.20121866877961,0.218060013411007,-1.1901747417127
"S34",1.60347278408928,-0.792861318934899,0.270132897210105,0.116520046319651,1.67139621706834
"S34",-1.04335957731054,0.101896026796197,0.229321505748826,-0.0686494023069291,-0.383571330372305
"S34",-0.0443909651101458,0.284487701011192,-0.670538184492547,0.628674475864279,-0.318593177102504
"S34",-0.0921040218053369,1.40065239979285,0.0852137335174401,-0.716583825878058,1.29336605107862
"S34",-0.346623427421738,-0.194793750869783,0.60737303848117,0.0386865714322339,0.241899297316133
"S34",0.102173532713164,-0.545827566390792,1.26033071159569,-1.09530241386807,0.992209987339054
"S34",-0.392896573968883,-2.21156065739066,-0.29732532148585,0.927857652796195,-1.47187102234497
"S34",1.63053891511605,-0.322287917180124,0.572629778068864,0.189060418901439,-0.70876444580595
"S34",0.263284874390843,-0.0591201829515668,0.189367542173201,-1.19826105649103,0.0213508931575953
"S34",-1.00214957715792,0.177271927161612,-0.517680898515207,-0.249446959493569,-1.53446693420759
"S34",0.402760564090493,0.696375533761821,0.0171209361499332,-0.639615058560131,-0.602881527861749
"S34",0.333573042048172,0.346097542996088,0.195877700549999,-0.866712103452939,1.64130066821093
"S34",1.0155789682927,0.979936580826061,-0.0393452111323881,0.0090868896218586,1.44170448110668
"S34",2.43716340503547,-0.191087712641121,0.940126172918458,-0.944951546351326,2.80910268436098
"S34",-0.240208113606356,-0.629701062262914,0.719533954269611,0.506527106888666,0.0681227635982991
"S34",-0.180300929026087,-0.411258134798241,0.13317459025234,0.0308487138636677,0.340287306777799
"S34",2.06980946205232,1.03731874965036,1.0859676617621,-0.574226347385099,1.67009088426857
"S34",0.0593426211331101,1.11067904297199,-0.0485966084466206,-0.106474948288341,-0.939923271237462
"S34",-0.723155796311338,0.307200870153081,-2.30010497547137,-0.0767796468774093,0.581790917501054
"S34",0.852761426262111,1.84593689821346,-0.0320704485999898,0.35687347859755,1.77529017811024
"S34",-0.0943524917098998,-0.282026772427237,0.446506065392023,0.292455286014233,-0.150252754720589
"S34",0.440678411392683,-0.614616685932469,0.0283033054758643,0.738074886454888,-0.783565461889203
"S34",0.867425867801463,-0.452426477869213,1.00529890188651,-0.233130455514916,-0.92651344438369
"S34",0.145898292357376,-0.850126345988537,-0.176586287778323,0.0395371503562651,-0.0353779643336686
"S34",0.575183652143055,-0.169972375011344,0.0212743596772528,-0.725543331214211,1.41709956987939
"S34",0.408927598724402,1.13085658662041,0.37035686435957,-0.0515129882814747,0.295846235410395
"S34",-0.10654872695567,-0.0180422853294659,-0.426927693209092,-1.16787500454049,-0.230018964757255
"S34",1.43650830677943,0.0637501635310543,1.4910283875408,0.184968432029986,0.186204047855703
"S34",-0.722703219880458,-0.155896119456855,-0.935007240720303,-0.243013107675685,1.10184028629735
"S34",0.0684078579248246,-0.0367648974381844,0.434671409059249,1.09085733208777,-0.509045078077301
"S34",-0.0747826713471155,0.664699419401125,0.855809445163384,1.06431950686609,-0.35171609206802
"S34",0.00214304051670305,-0.750841845207362,0.369377595608674,-0.0681594612474732,-1.79922804038624
"S34",0.243938657232812,0.572856827273727,-0.081993157156773,1.15878772121489,0.968058597560207
"S34",-0.296408235066241,-0.321819594997375,-0.393704907973455,-0.124167688982671,-1.16188896465307
"S34",1.11935670207362,0.362661112178938,0.42918632317791,0.203091754496239,2.47592331386894
"S34",0.150551761347225,0.216598034966572,0.392082734187818,-0.0936884909955666,0.0786453763954963
"S34",-0.0822973178665219,0.178802485969842,-1.1429905058211,-0.239653526268732,0.730449258856482
"S34",-1.19762180214657,0.381980057608203,-0.144846072037952,-0.716413448837497,-0.636646354670568
"S35",0.500293458580817,0.697999671011142,-0.228650215026047,0.30230443170285,1.56409474714879
"S35",-0.839985407802592,0.286959487403517,0.474148975459059,0.160962076493618,0.109375458491994
"S35",-0.795207453417846,0.127353338693873,0.161087137692493,-1.31033404312025,-0.277105640610508
"S35",0.597243191837385,0.403879431885006,0.675319847983843,-0.122346530070435,0.877888203882644
"S35",1.6963755503031,0.140454875816178,0.883355951510684,0.648779048748709,0.596253064581584
"S35",0.295500540523889,-0.351744881134738,-0.562054069985169,-0.382055476292679,-0.481312429245885
"S35",0.457163678151747,0.0985865648282306,1.1458691589801,0.043963998997067,-0.264025731453291
"S35",-0.753172754009348,0.289065246270811,0.119194056553039,0.229241367726705,-0.860828086906193
"S35",0.0688315714662289,-1.05406604076161,-0.735594165931974,0.464076592216357,-0.442658731523134
"S35",0.873647439872628,-1.11998214347855,0.528812364739677,-0.395882617701352,0.453716696661422
"S35",0.783439259525528,0.660310932444621,0.781555299465846,0.358255080583986,-0.0964762048558872
"S35",2.01408248316561,0.737168017228963,0.679978063232906,0.785383363559451,1.26922772853633
"S35",0.143764579479089,1.21153998784143,0.561907403534348,0.324594814839211,0.756937708970156
"S35",0.198666371064401,-0.636361947264555,-0.527225558168402,-0.139383650578097,0.0957496067750359
"S35",0.140235529719428,0.21163637873113,1.09299866507773,-0.240690586161646,0.333099089810783
"S35",-0.974400713168658,-1.2292511066151,-0.570730056506622,0.18631240010172,-0.589832801059301
"S35",0.0429511728320205,0.492446869464067,-0.739200784161707,-0.128803521328666,0.492712437777512
"S35",0.445953797966867,-0.116391277041526,-0.719032756779418,-0.884552402033275,1.70014762707451
"S35",0.266738486537157,-0.0241725336864605,-0.763209383596241,0.551179259232474,0.276807561105512
"S35",-0.418696872678271,0.230393074958989,1.05116552995453,0.52194575315316,-1.20986753322276
"S35",-0.16831770217459,-1.9540858059294,-0.057203976334708,-0.340598537967381,-0.570949447773734
"S35",0.572076265667291,-0.425513563087075,1.7577887758084,-0.877342135345186,0.00364542750377508
"S35",0.529159257928409,0.404650203027264,-0.848388540917285,-0.25990142789692,1.16947662176474
"S35",0.963990389915856,0.4667302462101,-0.162689345927999,1.30714654579155,1.11226036345756
"S35",-1.08102263632348,0.648111771148428,-1.18704607126439,0.522763183454195,0.828252043444337
"S35",0.332241450734152,0.353279523456714,-0.0752104809399274,0.605515730443108,-0.891048442236615
"S35",0.0423843730364997,-1.75556371651109,-0.321712685075804,-0.0432375653762426,-1.42197569450091
"S35",-1.39940663769743,-1.24584631172893,-0.70920794539574,0.636490726663849,-1.44463071098284
"S35",-1.57628863768677,0.536628976604106,-0.161518181301295,-0.714748756397869,0.257847196161482
"S35",-1.95544217588605,1.01969827287113,-0.389282527009121,0.272027128501854,-2.11007480314176
"S35",1.60594185763967,-0.715268224254548,1.33475557679431,0.284973015192941,-0.286761457522806
"S35",0.276408245791187,0.816017637660659,0.00427519425445713,0.642492452858982,0.149552553924485
"S35",0.118267461290475,-1.82606984460604,0.807955243678536,-1.01764183361208,-1.13099475520279
"S35",0.426378891432994,-0.51958399694293,-0.34902203411859,-1.33648752481198,-0.427208037136788
"S35",-1.65531816024803,0.0844330130945862,-0.280987798900997,-0.280048161879936,-0.368465716756164
"S35",0.232821772627857,-0.872686873922134,-0.417927732007927,0.201876555469703,1.60925286775978
"S35",-0.649215569913012,-0.252257682027893,0.23232616599471,-1.36086577332319,-0.961528835093327
"S35",-0.76262674140423,-0.979658007099599,-1.36885072403526,1.2365559283773,-0.577807491626568
"S35",-0.189883065354565,0.614425344950157,0.287806049097571,0.162968578104109,-0.243255505126306
"S35",1.22193307943685,-0.462028181558945,0.0161652992465985,0.193139932955051,1.2468752179852
"S35",-0.284999003822639,0.246957941957369,1.17249374948158,0.0937431240631493,0.374252992013803
"S35",-0.142176163969015,0.556530003945613,-1.1490510455987,0.871858674774884,0.423039305363219
"S35",-0.645836065562565,-0.159614016739133,0.335675373448281,-0.823916302236977,-0.436874600603275
"S35",-1.00924379051056,-0.201766371331421,-0.477830759826482,1.10572171842204,0.129583408044459
"S35",-2.09072179342036,-0.437597014589634,0.510175548550393,-0.0158017460450839,-1.78140199693732
"S35",-1.15185918132922,1.90593798769729,-0.920488247843347,-0.192117957806423,0.700969435167521
"S35",-0.431082173369957,-1.38791249655118,-0.323237004125217,0.173805210271835,0.288890911223597
"S35",-0.528458653497723,0.384869693850014,0.731898336743449,-0.266689427848672,-0.0340499170973904
"S35",0.328704222045323,0.265464382488316,-0.0933639031495004,0.672694185141677,-0.23478984744227
"S35",-0.440685216398802,1.23653850519853,1.41192005877311,-0.102819260737586,-0.0828344130473585
"S35",-0.382637874689882,-1.17371842677502,-0.804212027986855,-0.658819260122253,0.438303018038651
"S35",0.720447112755972,1.27453220296315,-0.0478032758823453,0.1468362842298,1.07120451707414
"S35",0.000190682200255698,-0.273232402330387,-0.127085012759012,0.584001959515455,0.823625887786352
"S35",0.0430226850185578,0.491514857905546,-0.440124149042837,-0.183178563151381,0.393013568402054
"S35",-0.349929879622667,0.769099265246563,-1.86606419834535,-1.01862686291733,2.31454968306676
"S35",-0.120910628717506,-0.314939445274514,-1.00461419599715,0.501449732402054,1.59288760062699
"S35",-0.416973067937897,0.538379742124541,-0.859652593691164,-1.30211851385201,-0.191576661995201
"S35",-0.354780754246079,0.115826920434623,-0.124494984660747,-0.965586461555155,-0.490575942135068
"S35",0.0678337206179594,-0.264645020551287,-0.850075656307035,0.694067804147562,0.54159380203159
"S35",1.8860502840904,1.37787455637548,1.11199003837756,0.884549943299041,1.70393182078389
"S35",-0.274985534703566,0.313457151231232,-0.137555224138214,-0.0137752181132798,-0.0289032704383896
"S35",0.215818210029685,0.842681914539175,1.01995404660132,-0.254900660086449,1.24546113937129
"S35",0.250840843202983,1.49252496219216,1.73511698364753,0.0992471081317352,0.561903200729338
"S35",0.248341389289941,0.41733908621123,-0.854657120970001,0.0993235059614563,1.00135730191476
"S35",-0.237618339267358,0.510951420487501,0.740419647821482,0.0149465123266773,0.16181485015888
"S35",-0.080811717593309,-0.130523024114742,-0.956763082025304,-0.140430560774276,0.21669333216465
"S35",-0.613905087642475,-0.292901343291924,-0.134765623739144,0.317062999208767,-0.0445391631706035
"S35",-0.405163649282606,0.812392756943558,-1.59239619338722,-0.751323113280761,1.63435271306503
"S35",-0.955097709988606,2.10702865187966,0.00756806411366578,1.01183673891171,0.681359280371251
"S35",-1.26488493968974,-0.438206210537427,-1.31688530070652,-1.22760107664815,0.39825500625721
"S35",0.281847465092533,-0.440989085042665,0.614741452610031,0.601811741035682,0.862230259782754
"S35",1.1137664992025,0.027392568055638,0.72526045336863,-0.168356084204572,0.0550595834598903
"S35",0.648014686823448,0.234449880504803,0.524224288012437,0.610933688210687,-0.837521209411236
"S35",-0.287578453420657,-0.292996930000373,-0.7443283569881,1.17933297785605,-0.680478074139737
"S35",-0.407335900866497,0.101978719967454,-0.330550572870561,0.167442501799063,0.0168040004099778
"S35",-1.96666739710364,0.921603817071862,-1.56315877145961,0.167658931184831,-0.213133325679229
"S35",0.553839033385737,0.444686601761108,1.56094527785113,0.47489167858543,-0.288393726089431
"S35",-0.220784972179475,-0.441161362335215,-0.98057715423607,-1.2512069555884,0.16563988234561
"S35",-1.10962358541322,-0.440407914782483,-1.21649637947504,-0.36279771848076,-1.22841967755927
"S35",-1.93827351937756,0.27100312880487,-1.54873850856998,-0.250107655311235,-0.330278838158921
"S35",0.342250681240234,0.32937459740082,0.158393374475064,1.21686955110036,-0.572258096695795
"S35",0.628019378974726,-0.173886999171786,1.48837929888688,0.550533401856972,-0.0702931447904075
"S35",0.161638914515603,0.489452976524151,1.31743254221565,0.125907761179454,-0.698585358989598
"S35",0.26390796056313,-0.0651910258927587,0.134667219519608,-1.07647939320847,1.10624953152335
"S35",0.250153148720996,-0.66968461740965,1.08209438534261,-0.229577874987865,-0.428818180265348
"S35",-0.67515896752549,-0.68920314579817,-0.188683945845291,-0.00316659829754623,0.45710143676217
"S35",-1.48794610919447,0.118196521429731,-0.151574012970776,0.600894573373963,-2.13610104097512
"S35",1.26371127686338,-0.0270771202193887,0.70318477807285,-0.0147153276595526,-0.202992582790101
"S35",-0.555494769571909,1.44036882094985,-0.00602202951227667,-1.0490891422094,0.281181836945716
"S35",0.60595985572522,0.637777952415914,-0.383550132543252,-0.084093693582796,0.578711312183996
"S35",0.262109998256565,-0.615758238885676,-0.0976793579661947,0.568753058433169,-1.21080764643662
"S35",1.24397310795136,0.0482763386979313,1.05465696237612,0.342321099957644,0.472380990725283
"S35",0.117046505754204,1.45489505127398,0.0919008504558165,-1.6190762352973,0.810782203804445
"S35",-0.24850825168794,-0.959858019218405,1.24198140354349,0.109412007789387,-0.843060657332526
"S35",-0.396970935600244,-0.990183248686733,-0.742384543874729,-0.32216829426965,0.126822373980374
"S35",0.268129808467022,-0.879514761191817,-1.68272998146729,-1.07246315933135,0.207030335855636
"S35",-0.69932007161616,0.264446523031935,-0.408130675403166,0.133391087244023,-0.7012920087913
"S35",0.626466770632153,-1.35569652024002,0.746806575904873,-0.0175808497450198,-1.13075988358163
"S35",-0.211325991826325,1.14256630244981,-1.11491161109158,-0.122931008369801,1.65747095466048
"S35",-0.351784435515912,-1.16017281182917,-0.186740845391879,0.0533083837176181,-0.701542896458947
"S35",-0.21308609708061,-0.699019364246236,-0.509768009785954,-0.343405516050767,-0.0453888653630377
"S35",-0.269934818478909,1.09030390926787,1.10360573588773,0.0178643212560957,0.142340778727213
"S35",0.22561856835081,0.199083312973324,-0.165852543233221,0.238147052793106,-0.90918794234993
"S35",-1.17264629325993,-0.512244919165709,-0.739735140571668,0.909388161380302,0.519834272720844
"S35",0.166941127504512,0.261971078587074,0.0427696848755615,0.857278352343545,-0.535041081765364
"S35",0.793810715160267,0.0346615060273904,-0.611806072519179,-1.68131577351742,1.19812690403532
"S35",-2.23211681631792,1.15926065337656,0.443732643743854,-0.720444116586628,-1.32126985636249
"S35",-0.417504104495156,1.55199390413134,-1.10334229104903,-0.0101157264448378,2.11986020683155
"S35",-0.83457726357701,-0.653927261242015,0.880852291090832,0.595121944268988,-1.56859687930692
"S35",-0.823461369335135,-0.298931072506722,-0.12077361425864,-1.28049130317655,-0.610797198626567
"S35",1.2294179144741,0.497147835554836,1.66656627940328,1.26115136593168,-0.699346768942614
"S35",0.941736868834817,-0.432542493542836,0.578497064903348,-0.11782856129137,0.41421290620297
"S35",-1.87693437047195,-1.05843182127588,-1.27970701183524,0.674762080986872,-0.487575053967785
"S35",-0.427022902668412,0.456167812512188,-0.187463858279163,-0.640142982358283,-1.07963576655465
"S35",0.0764683207896316,1.02578571349213,-0.249540791326629,-0.563243239266617,0.18551335742666
"S35",0.0950810332594261,0.547750666536987,-0.894460133520424,-0.304394008994677,0.925367962676141
"S35",0.171896957140636,0.221743015512357,-0.404949218476594,-0.588544925197428,-0.00689308059093618
"S35",-0.170867103933306,0.172157343894772,-1.11689135985483,-0.0808979276367791,-1.52903650359668
"S35",-1.33751659734218,-0.151522145466136,-0.810315642167248,-0.0308107189694672,-1.34677331949872
"S35",0.0400653926551379,-0.452695983868655,-0.834544984770932,-1.09494653805266,-0.414086765667727
"S36",1.34247176026464,-0.136997162481526,1.60688265931817,-0.181123585366489,0.378356151303172
"S36",0.165069326861082,0.210220323462113,0.592787345586172,-0.158056210489748,0.318329904313825
"S36",2.59720368992666,-0.161610329988968,1.16474488626476,1.12173974436893,1.1885362762193
"S36",-1.91719328042319,-0.650890112263186,-0.94992611768508,0.392591822286869,0.535535094238451
"S36",0.532570822136972,0.455399094309572,0.429679967159814,0.52343179190487,-0.556444898994328
"S36",1.39793125008391,0.345447738855251,1.7256052209327,-0.587836789478609,-0.447859965486712
"S36",-0.701210488946753,0.334832726717181,0.463975796601151,-1.15187731917776,-0.508999932995287
"S36",-0.810803735111642,-0.738951834269558,0.038099138889024,0.601890968113916,-0.660802419453725
"S36",-1.30782222242392,-0.967818935172351,-1.39768628687706,-0.400849532161484,0.499203523746609
"S36",0.0158952945966314,0.00296654034298433,0.221405267811575,-0.327150337716987,0.406435290028382
"S36",-0.189359361732101,-0.036883034529618,0.631578247782394,1.24528857586738,-0.554663749442114
"S36",-0.405442109291359,-0.815188174325432,0.676021006590863,-0.173155245952739,-1.29219698599263
"S36",0.729537964559224,0.46383568107929,0.463428478161048,0.795780034962528,0.196882028395714
"S36",0.432628477905101,0.710918444790125,0.115774351916471,0.161271388131175,1.12289216336701
"S36",-1.50467715946174,-1.54379974002878,0.631894585787476,-0.386136050461989,-1.89740052308367
"S36",-0.229986496309828,0.234210157204629,-0.405190691313978,-0.315127296439239,0.0952915689268317
"S36",-1.67784927854379,-0.297038692310894,-0.474138476203122,-0.716990276376642,0.0349838327038137
"S36",0.999633043519029,-0.662261119923284,0.904451513625467,-0.881365507709204,1.43338551677324
"S36",-0.385505931402778,-0.34638310040984,0.891678240896153,-0.82547095629137,0.24972741044786
"S36",0.263589646979406,0.482313712591829,-0.897951135137109,-0.107756345051775,1.59294545137197
"S36",0.0914798104945815,-0.0720208158982399,-0.642513995740118,0.236943407771578,0.689244099679101
"S36",-1.22290865046864,0.989652481204522,-0.526096431391114,-0.854901486657254,0.479991775835924
"S36",2.12527513274235,-0.61569386579416,0.390618140739875,-0.777252808111677,1.38923618815532
"S36",2.30489273796672,-1.87167031551528,1.07733133850916,0.283106310598545,-0.269020924192657
"S36",0.523346790403344,0.160121568804847,0.525894438064173,-0.91509315957565,0.898594095476993
"S36",-0.920913623520811,1.42247614026571,0.0131376042744504,-0.173891604953781,-0.392241588817185
"S36",-1.81838510214667,-0.252932426499589,-0.275899043120151,-0.928537616044459,-0.820734020330099
"S36",1.43908428107671,-0.338181094314872,1.41269351470321,-0.708474795408267,1.40583423545574
"S36",-0.866913451203126,-0.0556817504106535,0.221202367630856,-1.04327671636019,-0.725472214357721
"S36",0.316895114565359,0.0453112118877718,-0.0739366558684787,-0.182128876711573,0.211552554092294
"S36",0.0324761947362371,-0.0711227596324074,0.487113423385572,-0.593177831149267,0.573506598220007
"S36",-1.88792950781247,-0.248319008891207,0.395668941258254,0.37661328269838,-0.829671838379597
"S36",0.22637903850535,0.65132123893391,-0.251372512443015,-0.171553374769628,1.14533376321405
"S36",0.619494231309697,0.436063117248923,0.748610650052725,-0.166218915833798,-0.342258440383687
"S36",0.45905473993458,-0.721406052269148,0.333495607538275,-0.366826714421901,-1.71433349220282
"S36",0.132068778857913,-1.2204407173121,-0.756621301266271,0.165470794148048,-0.82243960734628
"S36",0.68049577440792,-1.36762630574015,-0.279117696709384,0.0941174538929699,-0.329203145944571
"S36",-1.11116409276991,-0.614811514760731,-0.366162261074444,0.489646264558151,-1.27529299248056
"S36",-0.594925702872834,0.349587840316422,0.119959595399894,-1.07613092276128,-0.315318362899461
"S36",0.340414454460902,-0.148886599818802,-0.123189950470979,0.44202107295215,-0.997049699635422
"S36",-1.91002266297426,-1.0401799072816,-1.57098232427113,1.93403293119384,-0.997473596425828
"S36",0.571928015881666,-0.218475410614773,0.19573407491652,-0.297888761045839,-0.512697108307062
"S36",1.12011477740663,0.0282614934857841,0.987752650002586,-0.952676178765223,0.324951411094646
"S36",-1.17327802697307,1.65299565422662,-0.734789388165705,1.31536528048352,0.621284940740462
"S36",-1.37839564959248,-0.585927944283337,0.744707533404297,0.37919974423412,-1.97441032511472
"S36",0.185660472266294,-0.115875819846781,-0.517756558855507,0.956504087918318,-0.462454828938538
"S36",-0.128258922197607,-1.15489055672582,-0.55030441189007,0.410798936046146,-1.15938376000981
"S36",0.218195275986755,1.04543740648572,0.00978551654845215,0.196335415324777,0.376987762000147
"S36",-0.359801108333437,-0.561300378345686,0.464427808699036,-0.0904404948437039,-0.438270649613578
"S36",-0.128910464378736,0.702997871897955,0.585640944523509,-0.485899799174509,0.450417629486476
"S36",-0.977443605629893,-0.289766834187983,-0.808432276023498,-0.275687108355917,-0.724588880959974
"S36",-1.61093627210283,0.814412042255537,0.493029509311815,0.290815703559288,-0.762275750634264
"S36",-0.833561529721088,-0.571082928492876,-0.706019910700717,0.317447698105127,-0.143617108694144
"S36",0.967951526850444,0.306897139069073,0.951503655164864,2.03076659654574,0.388792291453592
"S36",-0.972344918995246,-1.93341115641249,-0.411402428342268,0.47662565435644,-0.40545254649867
"S36",0.382513534209654,0.332583692407436,1.50383077532577,0.616444575405754,0.361896382750623
"S36",1.00286020944791,-0.440969852013274,1.32568084523661,1.32027958544217,-0.546173323880957
"S36",0.359597670708639,-0.445956919281555,-0.385482157018051,0.707526275188254,0.635515484797305
"S36",-0.843022685406292,-0.336705555204976,-0.153020598315804,-0.621353775025752,-1.84270775504256
"S36",-1.91120539739649,-0.372205012251371,-1.95293496230196,-1.96375221655078,0.710357124402829
"S36",0.196372122376935,0.800050111472188,0.363633851084288,0.490864346178179,1.06030805490448
"S36",-1.11669845538903,0.0524650137522922,-0.210454688288063,0.299954935567022,0.364565647423832
"S36",1.28013235056127,-0.363154947043128,-0.754225565879099,1.01485189215976,2.40963854064565
"S36",1.46843648125847,0.0302499235280932,1.01817117148202,-0.175024732840391,-0.806489597849835
"S36",-1.25457556094943,0.288658190451679,-1.45816282396382,-0.395291343158731,0.614639575466138
"S36",-1.49906947537429,-0.525552280996811,-0.97184067529739,0.380422419565443,-0.195235838259032
"S36",2.38855943832788,-0.928508160158965,-0.507214182943724,0.628911470436657,1.8497422102856
"S36",1.23389761765737,0.23831846150268,-0.501331963338258,0.556402370707924,-0.0242306289326727
"S36",0.459221283209606,-0.98023063910886,-0.0037541818042909,0.867984488162141,-0.342770781231582
"S36",0.198718779957379,-0.360822872372772,-0.00749925216178832,-0.934806411387576,0.648325864339791
"S36",0.423518679040282,0.62938310457484,1.08526043590796,0.86278322375535,-0.0788929545726318
"S36",0.41035621812693,-0.523330793449117,-0.0190470565865581,-0.599796120863833,-0.202041226580148
"S36",-1.21082164779961,-0.19506181761381,1.04905338396276,0.00177628851197076,-0.384795546084014
"S36",-0.562395396112374,0.668108828468412,-0.920510592179779,-1.04648695587461,0.511800554219264
"S36",-1.73248624187294,0.273885192897539,-0.513647423628901,-0.209817584347643,-1.70719718974987
"S36",-0.548339269539885,-0.818364272903918,-1.3217349919808,-0.534843531590737,-0.183072491432519
"S36",-0.860746551174561,0.00773638294910783,-0.705181019197003,-0.128318516054395,-0.587755567743185
"S36",0.130779080039712,-0.545395020366447,0.530613121052833,-0.858516603784337,-0.509352660305284
"S36",-0.093796444394473,0.0130880768714532,-0.1758189149755,0.383206924077544,-1.20420064255747
"S36",1.50301534166357,0.89720691866791,-0.355685425996899,-0.575273434179514,2.22373132748814
"S36",-0.399071139507028,-0.0823433676856755,-0.403414424340385,-0.324394353845684,0.97891162890043
"S36",0.0539463482593229,0.463075197168199,-1.10187820750458,0.781543271944813,0.12013380485609
"S36",1.23812304082201,0.426479391480315,0.772735198727072,0.228867260660482,0.264055894534214
"S36",0.30821455012446,0.263246641663073,0.322992286857886,0.0227289798474638,1.39474926629426
"S36",-0.115673180407024,-1.40074652020043,-0.254832138429088,0.00487040459482045,-2.24808374237467
"S36",-0.0826580829565046,-0.918076841340624,-0.450187982341349,0.739868079383982,-0.550195320371584
"S36",-0.404917083250885,1.01993267678555,-0.334661841042062,-0.269999783985461,0.941908781242771
"S36",0.993578425360738,0.93619645766865,1.54907408503389,0.0485411447158306,0.353267697298841
"S36",1.11309430065982,-0.00377707936256828,1.24861123385082,0.67434139201399,0.454696055819408
"S36",-0.259210779673989,-0.0150343192707822,0.857121687271409,0.796225162172681,-0.47398647941242
"S36",0.688662714394512,-0.909001754433696,1.61423978155575,-0.579793624123655,-0.588116055554434
"S36",1.52491449111542,-1.60350499090111,1.22901000711699,-0.35872378332081,-0.0746909573538987
"S36",0.781858314552654,-0.424900312569757,-0.0519425024864413,0.179544945259688,-1.46374309733918
"S36",-1.17507510269499,0.679273219430841,0.858616047066305,0.406571553325781,-0.800293387672662
"S36",-0.0720126763308862,-1.3473179069122,-0.00639371504989159,-0.267742168168759,-0.691700248419343
"S36",-0.484714042007645,-0.249417570745677,0.677105405937706,-0.469484319809896,-2.27158335492988
"S36",-0.747568563446265,-0.268989730071906,-0.905039452844318,0.287407761787951,0.934015857382455
"S36",-0.358455217049426,-0.43034319892141,-1.12187571734824,-0.787013513635197,-0.557307842936371
"S36",-0.0523866695009465,1.01267982944023,-0.586508138705171,0.123571844198405,-0.156461178349896
"S36",-0.302898544388349,-1.19892105021523,0.0987198669708844,0.623865671314641,-1.36247409286289
"S36",-0.581752286420637,-0.442660238178249,1.05851272277615,0.283047471577902,-1.99393445670298
"S36",1.16175732176151,-0.59264160019769,0.841222014358185,-0.0453507892627099,1.18338189467479
"S36",-2.41879316526318,-1.07087320610726,-1.53536241302114,-0.355374974801868,-1.64057205616769
"S36",1.06332424189506,-0.118132281658523,-0.262263113827606,-0.430448949521857,0.610123972455958
"S36",-0.266992246263104,-1.01797756414893,-1.64772512339298,0.812266179197691,-0.532287359813367
"S36",-1.69515208739478,-0.0829890451384087,-0.94251833175455,0.165707329002948,-0.750273113901858
"S36",0.253347017682773,-0.553451629545058,1.43916018440416,-0.0908604530907996,-0.607039040841558
"S36",0.680805530118764,0.15615568087204,0.835498277960312,-1.90186179359975,0.279976786895478
"S36",-0.665380251832753,1.12629037604197,-0.525928538299391,1.22978548649584,0.446185229297194
"S36",0.312398427316679,1.43305453369835,0.198096624489032,1.16293318678167,0.486245759990798
"S36",0.245177529612205,0.475999106206103,0.760884400050059,0.176729873007672,-0.803196967062423
"S36",-0.0116503660980242,-0.582146494335968,-0.932548353896249,0.534570028820371,0.941435235383554
"S36",-1.10741428447843,-0.420460193089078,-0.756780562011254,0.20000214040756,-0.921132935444418
"S36",0.520773782452869,-0.280877544501568,1.17513361934253,0.320568560903164,-0.633466455684003
"S36",1.02214252320862,-0.729965680230813,1.07330060664166,0.0520076316779003,0.944885974242447
"S36",-2.23889789675029,-0.557479434000301,-0.499690194070928,0.460202521821605,-1.55009104082415
"S36",-1.14716597161346,1.59922509604651,0.466138379251959,0.498275530504973,0.0835881389376747
"S36",-0.484583978930001,0.634770904353513,-0.101206890150853,-0.36710740497633,0.464586841425314
"S36",-1.21348126600777,0.28245395131029,-0.705035956836093,-0.505543912009581,0.360479320720609
"S36",1.80481061891055,1.44070784655508,1.1136373336939,-0.144455686795763,1.02722618387582
"S37",-0.104945165329063,0.871545661258133,0.426814472178656,-0.235322818529554,-0.352080284780915
"S37",-0.113064271502975,-0.201153557719279,-0.372121835194054,0.19134284722856,-0.560620493963897
"S37",-0.0364245830389057,0.178607422229941,-1.05510405126893,-0.0156592100733292,0.487765395201601
"S37",0.355841011722326,-0.308653363200199,-0.374798288258686,0.557466839365643,0.652518696411505
"S37",-0.0706653404741613,-0.93759488548357,0.0835953632732137,-0.0697495487349009,-0.523438108430795
"S37",0.284731965447602,0.276352804239885,-1.06936318381893,0.363494018053928,-0.461943242633238
"S37",0.404215905955797,0.165863907427451,0.0145650759491522,0.572028718580451,0.0193321237701498
"S37",0.341048205199611,-0.315628209726925,1.28555520952831,0.799520345587333,-0.697636539872516
"S37",-0.590685912847482,-0.588088325953461,-0.657314355363786,-0.731271993058965,-0.293118395221392
"S37",0.302074033489544,-0.081140154608356,0.726494713260396,-0.371012165010812,-0.20189111943194
"S37",-1.17289093127908,0.433221965131011,-0.0531924929524374,0.562453675168953,-0.62589204756857
"S37",-0.252706951685086,0.490262845234515,-0.263277476156811,0.0978297254649719,1.30433081187605
"S37",-0.0573817155448163,-0.472813406204037,-0.702762601218917,0.296399725131372,0.219872805111419
"S37",0.0262780853613978,-0.154166704618926,-1.16250399195804,0.613823869582373,1.75701680488455
"S37",-0.959233953912258,0.863103126418093,-0.55425004189625,0.218252350120396,-0.0353796029645094
"S37",0.483114055649834,-0.411161951915684,-1.21046340699368,-0.414482825664173,-0.0161675816374482
"S37",-0.628028672215468,-0.233852795591827,-0.18952204664826,-0.654782107650932,0.399054241358766
"S37",-1.06434157278895,0.391921099450743,0.0981043043234322,0.0236667206937539,0.129396696941063
"S37",-0.0553301768494254,0.0488467955316158,0.313770118046788,-0.0287022909539287,-1.01231087629434
"S37",-0.934511493361649,0.986683320721216,-0.972485246555424,0.695403631681685,-0.161662577159774
"S37",-0.247853925850394,0.51237532454208,0.264100435062293,-0.221931229865397,0.468376016941069
"S37",0.0346858863418593,0.819348675357331,0.428448219417433,-1.36742410245508,-0.257635328743376
"S37",0.527483330303846,-1.25409196962377,-0.00418457700572941,-0.352939373271241,-1.05394084416964
"S37",0.219995738454526,-1.43927576553792,-0.499737334629484,-0.971040380536223,1.06136032529043
"S37",-0.130019939181621,-1.70992504568079,-0.324108603690152,-1.61440060803853,0.273056112609573
"S37",-1.14148109247112,-0.439565448613344,0.250898280884549,0.841094791342621,-1.1064863068283
"S37",0.974952752331179,1.41139411291617,0.582734955042178,0.666949451373656,0.783421550511011
"S37",0.697140139935459,1.28829667266849,0.545529790775832,0.392279529669421,0.814218938610795
"S37",1.16668972226781,0.356665359015168,0.906018343909174,0.208530635014941,1.03778727532837
"S37",0.50314099866567,-0.578522718301813,0.317542506882956,0.344685958230442,-0.112580474896932
"S37",-1.15690086032284,-0.481964834263025,-1.1919188291403,-0.314263070493937,-0.0547649979045692
"S37",0.540520219629667,-0.467326049609929,0.416550764785221,0.74879976572387,-2.03257016799032
"S37",0.938339079504482,-0.27937076126371,0.530763246685655,-0.408613449540314,-0.287598369474952
"S37",0.911484484676066,0.951804896284025,0.097465765341329,-0.141635110717791,-0.732323687135509
"S37",-0.0370974820334646,-0.266429285113574,-0.807369739922517,0.0801961445668083,-0.332341081762714
"S37",-0.134557163448934,-0.489122122964429,0.362234926369792,0.293323321800061,0.374476505781605
"S37",-0.846767545992029,0.252124029175853,-0.412646814576463,-2.09771023486664,0.135730032588033
"S37",0.253207433993861,0.960119039527612,0.489216603043905,0.257301478801412,0.831776094537281
"S37",-0.616249336232048,0.706907183047103,-0.740447717977895,-0.475903365390909,-0.5911020340741
"S37",-0.398163329881323,1.11643377566091,-0.229631678755229,-0.909109808851265,-1.34008471474816
"S37",-0.702531305897317,0.20620023457026,0.147825371580912,-0.735906305938214,-0.647181472172544
"S37",-1.86826235629998,-0.861632631070683,-0.69181709879976,-0.00657092223374088,-0.854827927032519
"S37",0.388857062758985,0.630067174566402,-0.177979034231375,-1.0736889799847,1.21484995416809
"S37",1.59590425968734,0.141767171438352,0.713085056143529,0.493111891667486,1.03699601468213
"S37",-0.165551918012926,0.58679220309948,-1.06369250763546,-0.327583940011847,0.658233570524911
"S37",1.31077781301415,0.289641618598564,0.898118956303513,0.0910498603329193,0.308536422296751
"S37",0.857188524995126,-0.443552801227103,0.620018570004058,0.450248738594372,-0.647275135183258
"S37",0.594822793419796,0.159579245522781,1.06252527428796,0.123705907154523,1.25757632929832
"S37",0.431820066983611,-0.712693918957111,0.175757899295867,-0.566280085854955,1.59976837808994
"S37",0.595751723493778,0.0577555263003929,1.00897712761575,1.34557735169773,-0.5783887101611
"S37",1.94245732276695,-0.550119352804444,2.46766892764778,-0.534546745958429,0.343562511821194
"S37",-0.551771487758564,0.527974999423832,0.559137049477423,-0.700257540918911,-0.314652714697212
"S37",0.0101890381177882,-0.0289371916200834,-0.246067563783884,-0.0629573996582068,0.791186073009332
"S37",-0.794018986201988,0.997989820047382,0.246520678418511,-0.225810806100745,-0.580474683950025
"S37",-1.55708755561219,1.95042665632084,-0.93981682850076,0.165794705362788,0.0692952961875486
"S37",0.244353647411008,-0.494005631171793,-0.507674756063363,0.288377880806995,-0.421446913147865
"S37",0.0323907712355415,0.733210327993923,0.769884002341092,-0.0151652163551436,-0.922604199140504
"S37",0.0238072057002891,-0.843263185623119,0.0922915471171958,0.388505272655113,-0.121825668646295
"S37",0.86259471320952,-1.98905858453212,-1.28753148002985,-1.26915604252748,-1.34978926530345
"S37",-0.915697995847479,0.0574287912257786,-1.37645960254678,-1.49798761414714,0.50266608267352
"S37",0.26635655906097,-1.66842708283664,1.15300417922795,1.49706906441664,-1.50424133656461
"S37",0.290086047273964,-0.360908630010412,1.07450718142726,0.14557216981736,-0.102429714076253
"S37",-0.798648197134874,0.725865299920814,-0.836913173731405,-0.258576145295006,0.999522287006828
"S37",0.560262969994536,-0.155521034830841,1.49229776867632,0.793396170067591,-0.792502649309858
"S37",-0.525925256186626,-0.0106078550222777,-1.32635676597471,-0.0116535939539121,0.676563948816339
"S37",-0.128121243491694,1.33384586728561,-0.130824637240282,-0.335247319620039,-0.0980379099106068
"S37",-0.0253083642358019,-0.8548672258195,-0.388056627114071,-0.67164483227516,0.106220120851083
"S37",-0.186690508266978,0.430618374544499,0.992445853114104,1.19659472894977,0.283329925873034
"S37",-0.181290738595517,0.907712115373277,0.202073311531941,0.185844075806002,0.81130142157137
"S37",-0.620255421982864,0.203295528470139,0.395301709975823,0.0565834881865104,-1.05705468151712
"S37",0.957204186264824,-1.10243114908214,-0.0401469255267162,-0.337228472735113,-0.570330788557977
"S37",0.116847278357529,-0.731886167451809,-0.548482137745596,-0.508486817657609,-1.23195571448207
"S37",-0.751043579984609,-0.0507972510237797,-0.496303371268081,0.842582622789776,-0.281592447026722
"S37",0.376773102733107,0.405242170072777,0.146415779431527,-0.410583351749477,0.717555611766042
"S37",-0.314724046734775,-0.696405672196302,-0.953284060611637,-0.746570985180089,0.993727063367884
"S37",-0.876345731673536,-0.678114814505155,-0.176660235713684,-1.06029951270391,-0.785978135082878
"S37",0.595848501563975,-0.924772414191568,0.947660900418493,-0.122130370688918,-0.92882973981481
"S37",-1.08074777625254,-0.267943540224839,-0.772040163801881,0.545369519468632,-1.26966687296812
"S37",0.106303109982152,1.41313334049841,0.162993814790329,-0.264488831285601,0.547730045978611
"S37",0.213112572819179,-0.685746213159869,-0.689458505702417,0.599648727448954,0.181930401355952
"S37",0.048776600475313,1.20588388843914,1.20701188268926,0.147623110689339,-0.0610498829978204
"S37",-0.240732483003827,1.26192442128273,-0.58751367979194,-0.315332306350455,-0.10197431296796
"S37",0.70452704879117,-0.149095271685994,0.40888047883187,0.366136015519612,0.223960144264096
"S37",-0.995508211603809,-1.25730357223399,-0.0738645210389292,-0.139246011648805,-0.754977215472202
"S37",0.263993485463788,0.630958617979193,-1.48099616297498,-0.191070663890367,0.430844267979135
"S37",-0.234328595346042,-0.425562712356348,-0.904097776368272,0.201389682226474,-0.604757857573455
"S37",-0.872858773242046,0.95893319744802,-1.74675799844505,0.0141371626533804,0.38510963841499
"S37",0.00210690967183591,0.813884258270343,-0.326342997946351,-0.70435648980852,0.262845946631675
"S37",0.910604437680082,-0.173172137682922,-0.601359818454473,0.297102510821751,0.271291026107867
"S37",0.950536613146484,-0.292282145010489,0.0574777746630694,0.00481309970419894,0.432322938340327
"S37",1.24526004520554,-0.344392106108032,0.868048349800968,0.0603638901985753,-0.146942843008473
"S37",0.512518136868357,-0.80143316731712,-1.90562878258695,-0.196817663595836,0.914452651055481
"S37",0.117794889063948,-0.245662454946645,0.994511074946295,-0.214741351109692,-0.881739092747064
"S37",-0.658194225469318,-0.505450392438145,-0.000476956290488835,0.156486326468594,-0.0210229514699404
"S37",0.688154511146024,0.0192116894658824,-0.655017668687033,0.998817381628119,-0.67840203675586
"S37",0.133525825348366,-1.51784630650987,-0.147948160712585,-0.0769728137963472,-0.836831553900999
"S37",-0.913158362337353,-0.9811644497658,-1.68889377395464,-1.00704246210939,0.339561170857567
"S37",0.24934549529444,0.0355332979692486,-0.745837645515377,0.145264825039971,0.822172728974691
"S37",1.20732347449033,-0.256787185369625,-0.119586356043213,0.598189872509717,0.284594620743953
"S37",-1.24783116531043,1.73501289379701,0.241666006418697,-0.109745937823697,0.814530478850668
"S37",0.26012854366979,0.617047475351059,-0.595150844057332,-0.411490007812674,0.405704193014996
"S37",0.872635028291285,0.0142886064983797,0.403112456728522,0.573417776849378,0.564539812949677
"S37",-0.09746280260071,-1.30558786165474,0.888794288299554,-0.682609322358178,-0.48817820840098
"S37",0.963814106079626,1.19651210993783,0.169956887708315,0.875907871708995,-0.0240235688698004
"S37",0.846571540693958,0.624881854380768,0.000770691398608116,-0.0444326824545195,0.428909178188746
"S37",-0.0837480402849134,-0.313734296690837,0.409126628351819,0.00809209363691337,-0.585324749827616
"S37",0.199799830433264,-0.48908772351905,1.07291497184429,-0.08782743366372,-0.878441143682637
"S37",-0.320651634661134,0.637316255581727,-0.231172174669674,0.060769964265582,-0.112074570598927
"S37",0.494676483384748,0.886267384763526,-0.29766507646002,0.530595045505721,1.81191439405192
"S37",-0.348196786739977,0.752215758152274,-0.630566109991836,-0.432880205295684,0.350251046609011
"S37",-0.508251764917355,0.13711512087567,-0.0829470189294688,0.96325760102975,0.999197671969617
"S37",0.319884702459328,0.570498950977827,-0.528006444845285,-0.386351437191822,0.210967306675146
"S37",-0.060427457896817,0.851156729614834,1.09246155529558,-0.597247017683471,-1.09850979601523
"S37",-0.732275815288479,-0.518657358548742,-0.13921199234237,-0.956143287883811,-0.765912731650738
"S37",-0.527665306280307,-0.279504707238524,0.522401829503149,0.0779881793271489,0.150801294580996
"S37",-0.847949137873039,0.202323675298007,-0.524275866468527,0.527169331317985,0.579756907519114
"S37",0.602662788410036,-1.46733300123892,1.82012945710434,-0.561320229256679,-0.811905296933383
"S37",1.07595392192718,0.38602245039,0.721201739066692,0.732115301722467,-0.00599004494504804
"S37",0.257227737297561,0.437320268371542,-0.1525664926177,0.175019631801233,0.518748946539455
"S37",-0.0557866968723346,0.589980249407745,0.799426810371976,0.427387281224449,-0.0352197493145132
"S38",-0.296787439908858,-0.942838797323766,0.66952660768359,0.246821943088212,-0.658129360842951
"S38",-2.299498594885,-1.71594954614182,-0.362339919793255,-0.771556295554569,-2.54051811088873
"S38",-0.943817345514511,-1.4560167171874,0.321569623124461,-0.805432689573736,-1.70926804557277
"S38",-0.902223176921899,-0.532396013831726,0.441293040918366,-0.0111146394899989,-0.980818674773871
"S38",-0.085475947625364,-0.949754133800053,0.107915831966637,-0.966527424594822,1.0725856728824
"S38",-0.784923112216495,-0.267294158039609,1.59182827689293,0.492095173355622,-1.04471386118433
"S38",-1.44208357902431,-1.59116741422525,-1.32661799698848,-1.60413305362806,-1.23439736625371
"S38",-0.6060444141316,-1.14104778540482,-0.886796685130779,-0.157900299268712,-1.16689365471451
"S38",0.614133200388277,1.76772755864333,0.762563343309834,0.206666142395159,1.85468772189314
"S38",0.249450561564802,-0.122200216946066,0.716914433000251,-0.417244396747142,0.26991372814128
"S38",-0.0802945108573849,0.237668074556451,-0.55556089725522,0.204383294412072,0.185111814168216
"S38",-1.35389253158154,-0.0668209796750326,0.515044995078841,-0.118400353085558,-0.823687524119735
"S38",-0.199327489951032,0.170742496480652,0.604616820914112,0.73976243028852,0.18075661579962
"S38",-0.678070093956391,-1.24656217934705,-0.431103340848247,0.518335920237787,-1.21482327117497
"S38",0.0410751911670488,-0.585343836118976,0.489081676381039,0.110846002788188,0.354082733312782
"S38",0.789959559306287,-0.906520788642043,1.61292634132357,0.907395221061915,-0.781035301731046
"S38",0.641033204604601,1.76555914741293,0.996784817277322,0.420393219751082,1.04755718643188
"S38",-0.873731854339524,-0.766728578933664,-0.940651810771503,-0.438020963007457,-1.51953133502858
"S38",-2.08890623755706,-0.720310831650614,-1.25877929951009,-0.191974407663627,-2.22993477086813
"S38",0.639000281782799,-1.03624874534611,1.27850436819728,0.852663514760166,-0.506331834500199
"S38",-0.249641646459804,-0.41468225015358,-0.620265091414296,-0.40343995630402,0.592033445824814
"S38",-0.772599789824852,0.150680668334504,1.63993825037248,0.707895446564338,0.347404800137694
"S38",1.37160922112263,1.37694024466207,0.640206646876429,0.324051610911385,1.83933539363812
"S38",3.98846309856769,1.98178176875268,0.270838084734274,0.686594855732296,2.72066289079053
"S38",3.23812924476122,0.578590723076688,0.466099247044449,0.435146878574732,1.03782243406292
"S38",-0.127546646991529,-1.3660903829693,0.686462635641726,0.35057042919345,-1.54819044078961
"S38",0.860422102993688,-0.579962532726886,-0.0556480963194465,0.0279635238520882,0.716925571701524
"S38",-0.756383869118752,-0.47944673550932,-0.163906266099119,-0.168382307909818,0.18166945129796
"S38",-0.41083091373974,-0.660095485667734,-0.429822888016962,0.746953725244835,0.762144264046043
"S38",1.48282227666922,-0.9131082218702,1.03858597849857,1.77717277888224,-0.882275856962711
"S38",-1.49442609392187,0.599949788630596,0.204393571300043,-0.820057709004602,-0.167978833664804
"S38",-0.50356913400715,1.56059234538444,0.971847849882929,-0.182794613585743,-1.02108123654811
"S38",0.00878977643831322,-0.448592116191542,0.125335257383637,0.350438793375785,-0.451405929793562
"S38",-1.21566238178257,-0.286689400899059,0.243459355737708,0.604777333143539,-1.53849131537825
"S38",-1.41875449983315,-0.82134097537094,-0.626815780341354,0.00965232695016425,-0.502420022169372
"S38",-0.734056526850337,-1.49410769690899,-0.580482199337171,0.717583139490664,-2.2304214305472
"S38",-0.774798687761368,0.582796147624313,-0.485393521759961,0.0440979716969142,-0.847692834090025
"S38",-1.49288970490007,-0.221434908690412,0.187184936599725,0.643588582655681,-1.54627386807921
"S38",0.873465809523704,2.61974124058566,1.09883245746947,0.855986067925051,1.8775485397906
"S38",-0.0853751020611236,-1.59097107425946,0.603623456547384,-0.989752978436526,0.0131143663484785
"S38",3.17605002194523,2.28699057326319,0.519556017756319,0.366021673961088,2.59648000250033
"S38",0.093699461753007,0.241035902986574,-1.39280767081328,0.662081159812103,-0.371439084832813
"S38",-0.991569117675647,-0.349341679196443,-1.23070106812446,-0.0920278774951054,-0.325007573231554
"S38",0.158523211487839,0.377868298067939,-0.338234819616083,-0.746862261114721,0.477851431473556
"S38",0.2679214158742,1.05350287210958,0.953474810036973,0.338749406363851,1.17054151180464
"S38",0.0547739399822735,1.78238144434386,0.490361818793583,-0.987370097975095,-0.343970738452232
"S38",-1.83333582766623,0.362720279378598,-1.08083099802025,-0.673574808875244,-1.44158356437267
"S38",-2.22475964094727,-0.383752999979052,0.354399108609178,0.939694247871997,-2.21200936683637
"S38",-0.423694064691445,0.23400001049912,0.572693571027678,-0.297899942330129,0.39805253644342
"S38",0.74176032643855,-0.239806584538583,-0.145383835584721,0.14714383875615,0.417101148821513
"S38",0.835346391104921,-0.234479923773336,0.140493731921569,-1.1444772054442,0.498803443622524
"S38",-0.489753970836717,-0.134532961027439,-0.868863070945761,-0.660078054002073,-0.147390540046289
"S38",-0.151021281788526,0.581044603723988,0.463486933369804,-0.755494854010572,-1.92385764060339
"S38",1.39692090333237,-0.944845244878113,1.18146472001028,-0.434297528049406,0.827182792002231
"S38",0.927640304302929,-0.720874345490387,-0.397027256270848,-0.905985861770252,0.904415195508105
"S38",-0.102218776302808,0.452301603710886,0.766163103721822,-0.681942001718467,-0.4975009118838
"S38",-1.43380662055974,-2.4788967783772,-0.312055888636489,0.00525640495528938,-3.12326032108763
"S38",0.942763028442626,0.0977562946587972,-0.953248981082338,0.723235095623364,0.356383434903797
"S38",-0.395522000923593,-0.452262708163702,-1.15287415377647,-0.269052690174753,0.536715657322141
"S38",0.139013524987388,-1.56422425295711,-0.0668990221295564,0.90778321300216,-1.51613379234117
"S38",0.742306088062457,0.0141983991501998,0.149654780000104,-1.14658717121988,-0.467460277300165
"S38",-0.0714541533082879,0.483877955925924,-0.166500267925284,-0.401417529527006,-1.32873391446833
"S38",-0.963054036369386,0.410060865954787,-0.709103827685518,-0.807152355719161,-0.189688775663677
"S38",-1.16373025894767,-0.577993539874016,-0.753155713378985,0.186573180489365,0.610426424220185
"S38",-0.909267563200515,-1.35886531404893,0.255417183455945,-0.279640259575228,-1.51841132484398
"S38",1.55296910258105,1.3480368593401,0.427547311068302,0.729455303978256,1.74478068096068
"S38",-0.53877308784953,-0.166845080304149,-0.333210630474261,-0.745689143869146,-0.605232975700587
"S38",0.168532482194178,-0.46114901566367,0.302058850404079,-0.166243530924484,-0.79715962208684
"S38",-1.37367022187853,-0.98896556622844,-1.09608471255449,-0.0194233797900408,-0.480332849033758
"S38",-0.126491516241973,-1.26080832815835,-0.349234682938294,-0.912826372943192,-1.03852366889153
"S38",0.833989686075833,2.4897309164232,0.569989078257449,0.161567722284355,0.998666263744232
"S38",0.126382239992432,-1.17672634810881,-1.24706005050767,-0.0485975464164765,-0.0967749130582863
"S38",0.766268347719819,0.55324421469865,0.846677396258442,0.0218624419653493,1.0401944204806
"S38",-0.957446748997313,-1.83827125440582,-0.130743273111997,0.243962296923392,-1.95193256167003
"S38",0.0528748617449631,2.6417474902103,0.882414965298025,1.50731828023351,0.803343855550914
"S38",0.600706501369043,-0.184369021670672,0.33202134794368,-0.196317257788731,0.0958260066270364
"S38",0.325273086340868,0.800276656197127,0.362225932436032,0.935185978050414,0.551945503531907
"S38",-1.048375880123,0.249429361398815,0.174635229021446,-0.468134887254878,-0.452890079108474
"S38",0.559382491314956,-0.818475180211302,-0.760302569959621,-1.157724100387,0.658363208287277
"S38",-0.225705960065866,0.286304776304147,-0.0232649890983572,-0.0714593276279503,0.409147086474916
"S38",0.152460757720724,1.12946250974566,0.238129788430225,-0.351130202171067,0.343581866936446
"S38",-1.73179756787763,0.268256592434951,0.516353131146151,-0.512927655134689,-1.47642211552806
"S38",0.942332609154584,-0.0589426461848555,-1.55534262644455,0.442874796621809,1.47741568729181
"S38",-1.79023381493512,0.611471439148096,-0.854691959170092,-0.0370739153489019,-0.0514351007266628
"S38",1.68722038730443,0.968992779683583,1.8826247819013,0.256828154702519,1.77540077699077
"S38",0.301318107664662,-1.36908744903525,0.587797651525307,0.750402012627093,-1.62483660916907
"S38",0.909636152217924,1.51723406891514,-0.766449818243405,-0.0175662267589891,2.65500084277269
"S38",0.449344100008603,0.315176044031795,-0.0983297956411941,0.00647025341791978,0.150746506202874
"S38",0.496701273312625,0.380753971709428,-0.391818437667578,0.771326486366019,1.1007611681265
"S38",-1.48004927019821,0.874786573581517,-0.455106773698275,1.05600144461422,-0.22271585562234
"S38",-2.42243346466617,-1.75602739860935,-0.525481568659806,0.158237831482479,-2.74779215816619
"S38",-1.97135810972947,0.180826885693858,-0.218240262230405,0.0437439680645868,-1.47588449877627
"S38",-0.603749644948289,0.269849153983816,-0.326719920110147,-1.04673468976624,-1.11192143394361
"S38",1.08965857675248,-0.330416429539143,0.67256854044945,-0.516654020539162,2.1543657959785
"S38",1.00582496287881,0.0454662590734377,-0.0256953787418649,-1.11211916190701,0.633266846646649
"S38",0.914902556974791,1.13210253094272,2.58129718666786,0.815161173392795,-0.198042878116605
"S38",0.678849101339441,-0.815815723312697,0.330436148166828,0.434238042999419,0.243770262829921
"S38",-1.30948416658473,-0.619560093190888,-0.790711293380745,-1.65605089724886,-1.25607033607916
"S38",-0.879989577375767,-0.0413834988155534,-0.680522990666335,-0.0455120277055103,-0.978386395104386
"S38",0.528696269284617,1.22283617928793,0.0379837328004458,0.405187114805058,0.295279400627645
"S38",0.314839198637585,1.67025128422698,0.0787088728743615,1.54831241934524,1.73705838455528
"S38",0.629247681035543,-0.675086179059522,-0.267854466459561,-0.181346659045717,1.16216904218691
"S38",-0.317480236728298,-0.76003377796491,-0.577205081275223,1.18570441989748,-1.39366588483284
"S38",-1.46309941294129,-0.520189139137349,0.38798570861159,-0.337033353735502,-3.03668735972248
"S38",-0.850883219729616,-1.38961782099973,-2.2847736873246,-0.270422519875019,0.266924549122447
"S38",-0.531466474437399,-0.805693129642725,0.344131782351101,0.507385434827476,-0.478729586868954
"S38",1.14611573169237,-0.0454959491931953,1.04055555325328,1.95542385752826,1.07344740281218
"S38",-1.07007163212661,-0.649379587352166,-1.09336769119153,-0.727778351342977,-0.213118847527886
"S38",1.10495534877067,-0.742128391689991,-0.669610611686117,-0.531487490196887,0.158261827001253
"S38",-2.03657145471176,-0.336050290273957,-0.816727317360488,-0.111578865983732,-1.64506911927683
"S38",1.2702267223335,0.848540882057491,-1.08898167519895,0.314600483167503,1.26659666799965
"S38",-0.699156531163819,-0.667695383683821,-0.98674096372147,-0.0593541040608046,0.519900519067035
"S38",-0.296850919167755,-0.898542255538818,-0.430044668316409,0.283479610738981,-0.343024164128324
"S38",1.69234987977894,0.739372804259561,-0.316741121553097,-1.603581598463,2.15977434860436
"S38",-1.29782120586033,1.11478745920571,0.335142091668249,0.347081075454122,-0.212494491658273
"S38",1.28257561356515,-1.05279051597712,0.996142953973099,0.870096631996998,0.277093719450394
"S38",-1.2005562158002,-2.06344093612076,-0.812359671631164,0.15873356549361,-2.23614020322887
"S38",1.0455639267289,0.385438504656893,0.292127886985294,-0.460607208387992,0.451365632025308
"S38",-1.02129421441086,0.398510097359985,0.436797717551192,0.208063273999585,-1.21598681448895
"S38",-1.3728438624778,-0.745431592723557,0.630383182886515,0.686028518476539,-1.68342314393384
"S39",-0.233566551980358,-0.649268120152258,-0.0489692610917284,0.861480885853122,0.105804042469341
"S39",-0.871179613546973,-0.898536938855475,-0.80083584858946,-0.824028349767829,-1.11267193354931
"S39",0.135717422038759,0.262591425760805,0.472381441837213,0.843408467185371,0.0959067424535076
"S39",0.844095609852574,0.265531546068024,-0.763334354310104,-0.254593027143101,0.532199296785193
"S39",-0.0140522581045358,0.0529638275369248,-0.48925326408209,0.52298718916892,0.0283240624014248
"S39",0.404402280057495,-0.209168021444271,-1.06286599231769,0.0315206150909928,0.606612830075569
"S39",-0.602633773854434,0.887575262962159,1.20333593834884,0.377674116599383,-0.479153679397577
"S39",1.93343611380021,0.223290721228779,-0.0306029301559587,0.0996907918089368,1.13494909388414
"S39",-0.587417347997972,-0.0398626241814856,0.291224003559402,0.899661815448235,-0.715824199516276
"S39",0.639114522239708,-0.230167014293395,0.242413804048317,-0.0749044536490309,1.05763962632894
"S39",0.30274788246481,-0.420396561957238,0.23896801614453,0.40094483957934,0.297049857369196
"S39",0.145706213224844,0.358671631927511,-0.195194719744049,-0.454449227048854,-0.738098132455363
"S39",1.54096298804885,0.208107324022478,0.911969950126702,0.31801664225793,0.970694083239119
"S39",0.0427324951333306,-0.542511226602809,0.00134034336747331,0.956902413005279,-0.0504082024173154
"S39",-1.35843145796484,1.65142720540981,-0.350085708984478,-1.04036936215529,-0.187169728003078
"S39",0.568623320238865,-0.651930286823337,-0.127636071173366,0.928382278089332,0.312269254784777
"S39",0.34847874603122,-1.5419717723094,0.733713590985516,-0.274936151116936,0.0237429266744667
"S39",-0.205757037765979,-0.739168313963289,0.873614190087479,-0.0883297922791365,-1.22898476517828
"S39",0.26670283109878,0.165946899707425,0.425579239279832,-0.123698051732778,-0.514557086877132
"S39",1.20108708658747,0.887268349782407,-0.173884718461086,-0.49371590051388,1.23448330132605
"S39",-0.151291705590064,1.05516306679661,1.38190666288581,-0.289313676698782,-0.703235887012875
"S39",0.333125541228495,0.0948427185664631,-0.815838933551638,0.818150954942675,-0.0184417947138875
"S39",0.226175435486134,-0.924705718799911,-0.149454610645596,0.777204312740177,0.498063839016059
"S39",-0.529117476008999,-0.291885754710179,-0.53460714388805,-0.301228451577732,-0.00991221955674917
"S39",0.457533625869269,-0.389838181457094,0.68746187242008,0.39808208116502,-0.447662879742816
"S39",-0.459728217360508,0.545479065593253,-0.239473755295964,1.29970436960545,0.780484755957301
"S39",0.379907355273894,0.128228119901665,0.524765599142093,0.238852726533747,1.28108971524214
"S39",-0.529571410209038,-0.768214151032151,-0.8852682498103,1.05741811040387,0.0373570577720286
"S39",-0.902932114156247,-1.23861545279217,-0.547108571238996,0.00711784056640388,0.293877044742489
"S39",-1.32650428227073,0.417838656950718,0.0764950659714762,0.336744457208831,-0.532929713837716
"S39",-0.303698448772385,0.0395490706677078,0.616827518693283,-0.0922684559616455,-0.528387743626621
"S39",-0.127019292715522,1.88403290527349,-1.21166781552073,-0.762625031816315,0.772227247671764
"S39",0.15189797325541,-0.184652126849391,0.405062965193627,-0.272229228673924,0.812457808490954
"S39",-1.23674109239642,0.221289596557852,0.624963838480535,0.0932807203426628,-1.4882677681771
"S39",-0.0668464101557188,-0.972883827753638,0.0312022805264165,0.454367002133321,0.061889152961406
"S39",-1.24285187013423,0.441598888286241,-0.630960353066312,-0.617858984120147,0.382872586613076
"S39",0.974215580208843,0.840505295064177,-0.402987070058749,0.107007300062164,0.742495944177307
"S39",-0.583166594374062,-0.510832825317081,-0.852771279734863,-0.692209970830748,-0.809765356608789
"S39",0.871035538267574,0.0137897150042381,-0.426556410049582,0.237387825071059,0.419826748059762
"S39",-0.0676002894781183,0.0583536213007251,-0.697024234371019,-0.843388868541421,-0.706535884243221
"S39",-0.157288039549505,1.09661121387498,1.33001677146791,-0.124232228397714,0.484916078274715
"S39",0.849625981901132,0.286563132927178,1.82668057572168,0.774405905759492,-0.284848935211169
"S39",0.203914850987744,0.650299896028667,-0.171278686074188,-1.39191453819685,-0.0299638406528702
"S39",-1.47870488788165,0.735958064795918,-0.244338894440987,-0.225808810194459,-1.06024116089461
"S39",0.780645296747657,0.175013665888142,0.062085784843663,1.10060952874892,0.309888660858104
"S39",0.671036494973332,1.38522994992297,-0.345549359121109,-0.0663080709654596,-0.00592155655503745
"S39",-0.642976383650158,0.344502159445247,-0.12359307371711,-0.801871372174282,-0.30047582961586
"S39",-1.26576048513699,0.720242749919501,-0.711017398227929,-0.478876496745485,0.396237536470143
"S39",0.315565939661159,-0.370653409352356,0.0478956457119877,-0.302683616170881,-0.853201660383511
"S39",0.219609995169343,-0.266290173541918,-0.628519775522403,-0.392973749180505,-0.967479962292076
"S39",-0.846302011469585,1.75019153100341,-0.199865424094608,0.708056260444903,0.0961150567668756
"S39",-0.416108370713652,0.436912085832401,-1.57016359960812,-0.364887069503235,0.488772636615942
"S39",0.0745932368652643,0.63179624141806,-0.508272596144468,0.454730238844944,1.80724851347735
"S39",-0.429181078402154,0.0646460689015946,0.102684494388115,0.486508722194996,-1.03579326771099
"S39",-0.907197459207083,0.0883300863208928,-1.39619733871561,-1.12822380875259,0.0925136478352293
"S39",0.329867874254916,0.280744274468125,0.082262003628943,0.190683647488707,0.707720093254367
"S39",-1.17994863032322,-0.0900882762796403,-0.445160197563223,-0.167064514944616,-1.92200156289583
"S39",-1.87182295185272,0.0734267364769325,0.103743597054168,-0.209251484321144,-1.83166200200272
"S39",-0.655185298108915,1.78191068619483,1.15804120225063,0.672361146254001,-0.948348455553602
"S39",0.26001475308515,0.35808263571195,-0.124375700447516,0.569545271742065,0.254473599862112
"S39",1.25206734132473,-0.750045954845067,1.34276735888787,1.085781626069,-0.808444858303808
"S39",-0.620615638758737,-0.843126420478081,-1.18209362784495,-0.275704563894044,-0.887583919826429
"S39",-0.507634881235491,0.34072297524667,-0.330521315643888,-0.30292042536135,0.775985836164125
"S39",0.54150040487279,0.32971346635079,-0.432741131732906,-0.517767837664821,0.315996502779391
"S39",-0.734371736893272,0.549421824534553,-0.373298968007565,-0.17562579417658,0.537346882897922
"S39",-0.0849077742100225,1.79918831673726,-0.881244008006256,0.290877661616758,1.58787281111505
"S39",0.36070869214982,1.43751676836226,-0.370190528907234,0.17080020947895,0.763140870400019
"S39",1.26414229408178,-0.850312375775013,-0.219350114455876,0.24692390388485,0.918714655943046
"S39",0.133381478611958,0.173070401749238,-0.747728134008885,-0.877382368839943,0.671501296942664
"S39",-0.402743928548862,-0.214566573497684,-0.329618967553586,0.485241399762862,-0.989175763624766
"S39",-0.603931686822993,-1.11943957328526,0.272605813889907,1.17106102674866,-1.43106589276043
"S39",0.988980879218175,0.703851240911556,0.283490909207629,-1.21688920214898,0.379264089632314
"S39",-0.948109488052033,0.635185204605416,-0.203523418792146,0.334854914902367,-0.143205616228706
"S39",0.339474546764904,1.0879398974107,-0.0644988078711514,-0.424115773543098,0.833939158255231
"S39",0.0248303983478468,0.408048708759174,0.358527092580218,-0.599903881587416,1.64196393111427
"S39",-0.178033890654285,0.213298181504905,-0.970602635640488,0.0225579376963826,-0.265252969659303
"S39",-1.14903563427178,-0.931206833008057,-1.87310669799864,0.994152062508488,-1.59743617860698
"S39",-0.0799471787316401,-0.907817863496382,-0.122677735608578,0.546315489246195,-1.06391491487717
"S39",-0.210677118957902,0.179098333624182,0.0198351093187625,0.10017689084372,-1.29182684150111
"S39",-0.117914991272368,-0.0059872119357349,0.736210463947087,-0.0689881170047551,-0.949135052756047
"S39",0.863835258432111,-0.888260052150478,0.764001483434522,0.625680887892706,-0.449574860715446
"S39",-0.443077666908981,-1.56018839037484,-0.266355563661475,0.881174800864937,-0.858384811230442
"S39",1.00353001525388,1.69671289269324,0.475477612686132,0.468234232710156,0.0863014784043843
"S39",0.555760700242499,-0.442413302917915,0.193229974550921,0.914810447961054,-1.41574370594404
"S39",-0.692626745207325,-0.349276023216186,-0.335448738055601,0.265814900010787,-0.551749347106524
"S39",0.19439344249464,-0.506347497493937,0.335722306952307,0.441002807849177,0.4044174884625
"S39",0.774562231938377,-0.00280521486800635,0.225736779189728,-0.610169483482554,0.359396809298126
"S39",-1.30569165479128,0.427715818365058,-0.647962624061844,0.0147364383638552,0.111822818773914
"S39",0.568708564710179,-0.513403056333785,-0.232794051134244,0.121127237227104,1.60548865085362
"S39",-0.867464051842713,-1.21186185048943,-1.00712407080593,-0.574342219995091,-1.09329677586722
"S39",-0.940143647675886,-0.491645333048182,-0.265187935315923,-0.303688580925405,-1.54458778346321
"S39",0.0581462773358097,0.980348287512922,-0.131418725371922,0.659079726073616,-0.810499753448759
"S39",0.218126293869422,-0.836656781870866,0.535335813418085,1.64964479324457,0.0165308154166472
"S39",-0.427387600259468,1.80688189105164,-1.47887985223463,-1.10973317483388,1.43855072476642
"S39",0.0157774276363269,-0.369597525482268,0.256931347632762,0.322269123783656,-1.18867806327595
"S39",0.114775700626476,0.0837738504067722,0.532003078463452,0.180128834652451,-0.557500018355741
"S39",-0.185876987447421,-0.151011845915953,-0.431746405666362,-0.351944112998279,1.18116370790183
"S39",0.225831984165878,1.56914216388882,-0.0300213100833594,-0.0178473665704298,0.368257610021429
"S39",1.00327158656246,1.64341808592549,-0.275955685236784,-0.0774193111050006,0.86347181271921
"S39",0.278521783397866,0.785568479572958,-0.706459171839343,-0.707536359544768,0.885599655769397
"S39",-1.0014929181623,-1.0526167256315,-0.42804759079049,0.59974436674898,-0.00649695543978501
"S39",-0.326316707189766,1.71351285145474,0.212967939502668,-0.00452568473709705,-0.554833496638555
"S39",-0.683188505426181,1.31576465477242,-0.347768760286982,0.153740667268307,-0.421372472162977
"S39",0.111533922854813,0.822409988366046,0.928729836023826,0.337289444962112,-0.956784554384072
"S39",-1.2493673346715,-0.872416785036741,-0.546333075122745,-0.574082785110895,-0.469867576451141
"S39",0.20422455294167,-0.412887565189096,0.746808149716713,-0.0176176548214713,-0.298463457635193
"S39",1.22846677785339,-1.83203702323834,0.720808816500753,1.78975373428129,0.846349695750713
"S39",-0.694375340447164,0.263766578315004,1.5919400761632,0.683501905471646,-0.876659639680785
"S39",0.989489398413004,1.10329731647375,0.440118779195039,0.228979649115772,-1.10953087070061
"S39",1.15652447107988,-0.150835115209257,0.243261016098071,-0.687874117234766,1.42916105165972
"S39",0.759936933711101,0.177000855752126,-1.25011301269729,0.295025907405675,1.44778717746596
"S39",0.229547404710499,-1.91761094475152,0.225161107130496,0.0922159688038857,0.499030925437662
"S39",0.148471163860026,-0.60903894821558,-0.545473213448617,-0.173628026719933,-0.199418404495786
"S39",-0.486037088908492,2.60117789198525,0.664705290408376,0.206733022168573,1.63471819239905
"S39",-0.772298318645592,0.267792924887171,-0.854445763689805,0.209697217565255,1.04970842489686
"S39",0.491456954593611,0.0382056775849116,0.742422272045994,-0.833443540194558,0.0894173287528715
"S39",-0.443007509883271,-1.33906032613305,0.185540245354216,-0.0260326754967262,-0.688583206941137
"S39",2.03706021364719,0.0848421824438345,0.242970138897864,0.214247841104451,-0.260817358460343
"S39",-0.160855179894441,0.35959242042909,0.679585649265934,-0.360199958704103,0.319244805571865
"S39",-0.787957474094023,0.0766284447894651,-0.132422730221416,-0.894233503237252,0.118686643363678
"S40",0.842008929251541,0.340276160885423,0.671416143034768,0.184839104046042,-0.454245952070003
"S40",-1.03633659466177,-0.845070410144697,-0.541475635465225,-0.152176076957034,-2.38785495377726
"S40",-0.560402475704447,0.516581659767989,-0.889068546956976,-0.0413427841854402,0.414224800470561
"S40",-0.992171275488695,0.501187114462825,-0.26479954656131,0.194944866717938,-0.577132205804546
"S40",-1.12702411133563,0.0587364667185237,-0.268906328000564,-1.24146343965731,-0.509949327005825
"S40",-0.053106201362298,-0.401439782904601,0.351725730493224,0.303636788238602,-0.669744183092214
"S40",-0.731112126393058,0.399667764269184,0.487176981256552,0.567511270887343,-1.52969094912869
"S40",0.275840635578854,-1.42725933700246,0.0124938675161623,0.0991115747021155,1.0172204762982
"S40",1.91871181346468,-0.224727017005735,1.86589686437499,0.476451553891264,0.630890272062667
"S40",0.234812610167343,-0.0871212879829393,-0.0346259913752607,0.493097338046456,0.439348423853695
"S40",-1.40107178306965,-0.0976767991126496,-0.960904558281812,0.223103548036046,-0.930054213672926
"S40",0.276589176243704,0.249881696725571,0.0681826668966864,-0.172767092100526,0.827231949159773
"S40",0.923351894723673,0.339153849785024,0.278605780112824,1.7491189971941,1.65454702772054
"S40",0.605800590373819,1.06765075051047,-0.293838515155525,-0.163259561518597,0.906681353331318
"S40",-1.3675244145258,-0.438373304759477,-0.814231710627713,0.283223286030624,-0.345122469572939
"S40",0.71582882451296,-0.35790797135153,-0.262093506778927,-0.0611204481418214,-0.574942544215047
"S40",2.61114677788057,1.13930267146505,2.36822157503276,0.668700927343247,1.7330600118776
"S40",1.07795558085346,0.756793892525561,0.592692552498514,0.268751947940203,-0.698641301445559
"S40",0.868066877561163,-1.3300413086792,-0.216370025343052,0.357963697130114,-1.13304386630678
"S40",0.977620463999281,-0.329285669126779,-0.779371820377078,-0.208751285178637,1.00671243845996
"S40",1.23800334292869,1.06685465612236,1.23717780699746,-0.770173125643906,1.43137091170515
"S40",-1.91780793595689,-0.539498154420747,0.450413012834409,-0.143074041791849,-1.50947729230866
"S40",0.555402845410335,-0.0341367828458624,1.12080620804332,0.839926120031998,-1.08637443894479
"S40",0.55382590915235,0.9684265189359,-0.261594084109276,-0.427874108235746,2.05413790549199
"S40",-0.00811246377880703,1.14735028693954,0.911154438545153,0.910888871124008,0.8763221575136
"S40",-0.751346151164724,0.46440406216222,-1.04319236869902,-0.40278970150076,0.487154041407331
"S40",-0.465990597974755,0.18579387995032,-0.401965356939853,-0.258140810411041,0.370117900316426
"S40",-1.09615894643978,-1.25372844863654,-0.810120414145697,-1.58540741311264,-0.472427019741056
"S40",1.36265324132574,-0.0869863688865639,0.906659326494581,1.40964519960615,-0.106947421226172
"S40",0.57617024405549,-0.265261363348371,0.144964040844683,-0.358170047249143,0.0476232737657566
"S40",2.18868889243131,-0.238023382034862,0.634137710850667,0.5106128065902,1.75322511945804
"S40",-0.540441706837266,0.429822241118539,0.0459584077802278,-1.53472590613812,-1.00127696537533
"S40",0.242228578694087,-0.115507028929493,0.115698720487482,0.0219532252296229,0.191926388170127
"S40",0.103993259590995,0.367267988216572,-0.466684857127233,0.189506786240653,0.465189277494058
"S40",-0.619986679347837,0.980391710389021,-0.465934669161649,0.828569724450319,0.364439996791271
"S40",1.03500493775644,0.619875486210955,-0.203147083482521,0.155998256536415,0.610640169895906
"S40",-0.149341957107536,0.579271916047452,0.502888497882414,-0.437703684016936,-0.633353812275703
"S40",-0.201847986034205,-0.618941856760864,-0.271443874811727,-0.688034757706787,-0.119571867501339
"S40",0.447611956254692,-0.0390716046250757,-0.155773139408575,-0.804674560261144,0.867296884269446
"S40",-1.1798089387953,0.938011372169948,0.724628698311627,1.15808757850494,0.0397450973452385
"S40",-0.0621184568317641,1.97560327292939,0.295821386204703,0.892719578309861,1.71050491576339
"S40",1.042244869448,0.352016788273126,-0.103166141439397,0.0428638942403772,-0.117634071541778
"S40",0.679193782057655,-0.602016862039583,0.526127904258449,0.348041326992079,1.01024023370134
"S40",0.314776309786628,-0.466576381532813,1.24247170550265,-0.116255298433538,-1.96785598971886
"S40",-0.0493727047568647,0.720801249382641,-0.848354129101593,-0.22360597822599,0.714533771170301
"S40",0.607877959730108,-0.376651376938653,0.112013040605336,0.431372574001539,-0.0417417906278464
"S40",-1.41075455977202,-1.73689099106582,-1.60973123028148,0.0772100159388111,-0.622115674778636
"S40",1.71100608432875,0.0309601617936428,0.768052985529961,-0.580269362959131,0.536868522850225
"S40",1.07256741148352,-1.24264659990804,0.27554788893246,0.267503504816745,-0.445118197504218
"S40",0.152159068012037,-0.210231830964289,0.0353674795107449,-0.766129666434073,-0.695995893312302
"S40",0.258008733273231,0.470144486559004,-0.42936417883302,-0.0433259695337825,0.867058660394603
"S40",1.47053464009615,0.702233121522734,0.812118154117428,-0.616771244261222,1.24409443810189
"S40",0.730205645071205,0.403206666583371,0.459154599702988,0.846087351884447,-0.475908409772676
"S40",0.30792815994023,-0.412802639403877,0.786013500532888,-1.01229697058486,-1.064124185968
"S40",0.484331183574099,0.763454682503603,-0.000748176655312742,-0.55158854938731,-0.27904642398489
"S40",1.79677451140064,-1.54761794193765,0.531043166922952,1.5057611710632,0.34705915074142
"S40",1.65275571939211,-0.303026206118479,0.0370302202529314,0.838211805428229,0.453838057508099
"S40",0.545806080172767,-0.0282422160229386,-0.333806637282451,-0.00434118851088563,0.126517473846898
"S40",0.378874974291149,0.159385529496393,0.396439721267112,0.177184977014899,0.749779112964717
"S40",-1.51825341356261,-0.293112732963055,-0.910817194128473,-0.431788351672173,-0.499357679496042
"S40",-0.144857695901512,-1.33173167252501,1.90157940667293,0.836789543051765,-1.64007309534714
"S40",0.366497462232119,-0.276756022463599,-0.417216073192831,-0.0300731731819241,-0.247048972354375
"S40",-0.858048821759672,0.433482778641667,0.491123876717519,-0.109701088136428,-1.36500297276384
"S40",0.389259385250112,0.929647975840097,-0.273489357354026,0.21164619300351,0.222628242726269
"S40",1.08814064754571,0.106202757263331,0.5736360278934,0.228878888915194,0.979712004448841
"S40",2.39228328001272,-0.00582203514877733,0.779222125574437,1.01337814349447,2.30896392567792
"S40",-0.537554182125299,0.137713340570801,0.687576583611353,-0.15044917524825,-0.34936895329637
"S40",0.374541651195065,-0.0422846767266727,1.07413848318284,-0.177721308167368,0.0554946560751446
"S40",-2.02698092958154,-0.412309177033072,-1.4334015602729,-0.729305123046863,-1.13903106836952
"S40",-0.0330746192537909,-0.642100612453389,0.217887880675352,-0.207533990406646,-0.53773392930967
"S40",-1.43626264603801,-0.302717415873377,0.292058490535244,-1.01294408275123,-1.27805050479958
"S40",0.622885345070118,-0.263858595335797,0.0491197066430118,-0.369231524111277,-0.266935938526395
"S40",0.111412450671747,-0.123193357296347,0.811615233160917,0.997820949071288,0.391811746822876
"S40",-1.56972239976549,0.759529410148192,-0.719212373489996,-0.398989341085567,0.282493155524879
"S40",0.0502208054024257,2.18900169487605,1.35857112371592,-0.39769363749673,0.591175053532638
"S40",0.124536497251495,0.36279726464088,-0.406677718330048,0.116174459697002,-0.0399160182242875
"S40",-0.663408115045779,0.139478436002212,-1.12839407563851,0.11285819674147,-0.44089660469462
"S40",1.95068092880614,0.991374327625176,0.441951145233114,0.308967895764271,-0.324437456770123
"S40",0.397183459084768,-0.274689963600234,0.769013408182403,0.847800670869235,-0.312994788808753
"S40",0.565900817128428,-0.652224683539203,-0.112320071625864,0.106376166086289,-0.357570584867507
"S40",-2.36948679455373,-1.01400317264196,-0.546955822306185,-0.479066981205081,-1.46447743405587
"S40",0.605696342892852,-0.360941621079685,1.25625039594476,0.256415099417795,0.588871811964243
"S40",-1.22271112857188,-0.644300323090976,-1.04694378227278,0.0607527606419457,-1.47490106389942
"S40",-0.358436720318999,-1.01009390497417,-0.727870025685566,-1.46171847995298,-0.233195662370939
"S40",0.20204405048214,0.924394658208778,-0.546109084403306,-1.44924187379037,1.7657120812093
"S40",0.803465189460668,0.962673877650885,0.30739565253623,-0.984617637012265,2.61167289898812
"S40",-1.33689399230703,0.844980785633837,0.180533374523598,0.249585437902001,0.350445826057952
"S40",-0.242850558995245,0.55972045662136,-0.491734572058497,-0.180757423701145,-0.0979676748490981
"S40",0.283499696990441,0.235364414276263,0.597596020800764,-0.336290957521965,-0.515006123446163
"S40",-2.72046926651964,-1.59898264545312,-0.955665896443088,-1.3118650945613,-1.63182763389635
"S40",0.0203921798845023,-0.947239578290456,-0.830327266026639,-1.19684349342496,-0.825134884660801
"S40",-0.652982438553514,0.310422075321083,-0.944054786618905,-0.121593459989415,-0.806044189227333
"S40",-0.056421790983566,0.566546319384563,0.313784461381719,1.21637874289263,0.144256036162101
"S40",-1.72431398375087,1.08816397325862,-0.192243461714225,0.758966324164719,-1.29307408374802
"S40",-1.39568308894334,1.08591112378026,0.378266741739772,-0.277249323133754,0.0554564676677562
"S40",-0.461223846058421,-0.861045993642908,0.204133002700608,-0.171359413466888,-1.65582162376212
"S40",-0.732821051040847,1.23104905729063,0.734292222886886,0.244432695815983,0.310378707664183
"S40",-0.639195829026564,0.139715672689368,-0.843423817694112,-1.21464913339145,-0.128663499087121
"S40",-0.991720118625495,0.108718444987836,-0.891809428673253,0.145008045432712,-0.720394552177246
"S40",-1.18782859988044,-0.350485397128834,-1.31093556625964,-0.638089772951584,-1.7030668929422
"S40",1.2564853494394,0.505192616488696,-0.194605238395693,0.127925288025512,0.48442017619174
"S40",-0.440911937803144,-0.83300269634748,0.328441320227273,-0.0740905357159217,-0.303066026600527
"S40",0.375395353300026,0.435669859591457,0.0836101134829193,-0.178801230982532,0.472339468811748
"S40",1.48228914683001,0.595059962037512,-0.507887630057885,-1.09760426128727,1.28220298011257
"S40",1.32079562918072,-1.03378334348255,1.1710579306569,0.41215224513864,-2.18939961735751
"S40",0.233633343792826,-1.29015873598463,0.071757866966332,-0.37614241934068,-0.174473480045353
"S40",1.45793014060062,1.31777281564403,-0.114693889493069,1.02849113232273,1.54900375684153
"S40",-1.47261726608744,0.809957267835789,-0.370065107268443,0.445155598688041,-2.79081749444479
"S40",-0.370829765151746,-0.24752055522109,0.710752818412141,0.636271046049573,-1.32604889459284
"S40",0.918293048197894,-0.167938698582901,0.595451333101737,0.02655191543332,0.961610645832976
"S40",0.380124708706567,-1.26925959585113,0.594864056886204,0.113266656536794,-1.54348090012432
"S40",-0.371626470964548,0.934976262597568,0.796154984814059,0.0280783852747328,0.780010039445859
"S40",0.272583363823561,-1.31380195968003,0.37710537321392,0.263487983696341,0.465290789732645
"S40",-0.910856742375747,-0.631096847238072,-0.199410099628302,-0.544695798302973,-0.194562645153637
"S40",1.22322880632213,1.91777822762413,1.09474884624542,-0.250581766729355,-0.381104854941774
"S40",-1.20829073488409,-1.48717377905135,-1.01446082586003,0.0286591828044694,-0.0725868785738363
"S40",0.659324173331671,-0.869793610608699,-0.153125820708745,-0.596321965427543,-0.33853635083136
"S40",-0.538070226966564,0.479025908143303,-0.677556920836221,-0.947388142908926,0.399138634110724
"S40",0.588261173691885,-0.464665093216442,-0.51678435035225,0.46850581608324,1.16774004992589
"S40",0.724234738554875,-0.610564945594149,0.112970958771461,0.143323966798661,0.853388470829404
"S41",0.576921599659341,0.509127011050095,-0.764633711216525,-0.261165315179558,1.76512692437845
"S41",0.278123700402136,0.818195264050145,0.360811704582862,0.544676975002746,0.0260947620923382
"S41",-1.44244586730228,0.544059744584108,0.686069068261108,0.261187831165187,-2.60999375170323
"S41",0.52679960731211,1.30584882513776,0.136929655056082,-0.39022349031805,1.44690838685468
"S41",0.897885096288137,-1.18511799197657,-0.681518730695341,0.616318878620697,0.325300054141331
"S41",0.112853905998458,0.423360787286972,-0.964015741081215,0.362728536033533,-0.230367328498396
"S41",0.965331099278075,0.328324340250649,0.232444152003529,0.500790996446564,0.996449060561648
"S41",1.48822134390257,-1.22109023318037,0.762288877010023,0.386981112511893,0.0291043122243655
"S41",-1.17199091929201,-1.79644448397064,-0.737853119478957,0.0308508591214099,0.995942479132193
"S41",-0.338922017203574,-0.0589588624105177,-0.360766243343819,-0.558713145173523,0.280365806939523
"S41",0.884839123861431,-0.65354730393941,-0.860392956854525,-0.584899164255329,0.907548107613969
"S41",-0.358558556702537,-0.128623404412164,-0.24540533766907,-0.211647633770154,0.0864347920425809
"S41",1.07292102001766,0.271589848045943,0.345307995784634,0.232385061044962,-0.158710944567461
"S41",0.155150100248809,-0.302435386744353,-0.344997502552418,-0.215690630780514,-0.19840909705517
"S41",-1.05396017997568,-0.603791250997293,1.59370420305196,-0.637539267047949,-1.64341023623551
"S41",-0.459585662976072,-0.659940740206106,-1.00428479035283,-0.0652367395619013,-0.164884940929316
"S41",-1.18673862558335,-0.667151688406713,-1.18289934279766,0.408622635158989,0.314103831823956
"S41",0.00649067291968368,0.206266429101538,0.0126487978938594,-0.0858258831363213,-0.344999519227079
"S41",1.72104602761427,0.340007847632788,1.36820567452341,0.587226274463615,0.823082569071141
"S41",-0.155033222223431,0.0464838901992187,-0.0598217452766293,-1.20773326806811,-0.00251599186809531
"S41",2.16297164250271,0.11248413419803,1.17700572964622,-0.578198843361375,2.30908876530804
"S41",-1.36038059326016,-0.711982894403431,-1.39254864027384,-0.421777774812788,-0.792585524583156
"S41",0.827135795078354,0.868680903582757,0.903802977679797,1.03470299249899,1.51440132338286
"S41",-1.30158250402537,1.45291140915146,-0.969137978118919,0.310290197673253,1.27620380832651
"S41",1.05930903038894,0.578646856260724,0.683721202056263,-0.460745519975185,0.215482917808468
"S41",-0.059552747760239,-1.19112145378135,0.157161843030722,0.388074182258425,-0.596215103199644
"S41",1.21178053057974,-0.918920704024031,0.336558979775552,-0.390307542726008,1.47528333679822
"S41",0.318570361876542,-0.321102413377247,0.0405747549086821,0.965265855410683,-0.0132726966011304
"S41",1.66051471193048,-0.323483479183295,1.34723994235128,0.318534764847924,0.09374128354409
"S41",-0.73767426677902,0.295241255023555,-0.0730676384485754,-0.622942028595908,0.225591316805092
"S41",-1.06908029343508,-0.353740100404636,-0.162945676601408,0.129746839898132,-1.44220015773024
"S41",0.718816931525568,-1.3005571997608,-0.926232589302764,0.0925369018214067,-0.615105547306254
"S41",-0.427658977565075,0.541791946660938,1.50148309903852,-0.819881431530242,-1.52990311552671
"S41",-0.644300426178247,-1.01395565086525,-1.21724813990243,-0.840182523120872,-0.412582987497139
"S41",-0.0962887697881122,0.0572455352752906,-0.252086299120112,-0.413294973488208,-0.740868260244821
"S41",0.859185228444749,0.437948753308648,-0.395773461035143,-0.198388813254292,0.716713523128404
"S41",-0.036419479175374,0.257306722114126,1.43431367833945,-0.78370309059929,-0.12526161816926
"S41",-0.955689369587408,-0.248859728124322,-0.935512383923563,-0.393192795063838,-0.819281652615976
"S41",0.659469296063561,1.5622098999069,0.273528564514624,0.748349614259478,1.26010278852988
"S41",-1.24548722999405,0.0395292558114133,-0.466164162582109,0.694414303146231,-0.554227678578133
"S41",1.04737980600147,0.0450948526396782,0.165425397141925,-0.0780105103906826,-0.49610365404855
"S41",-0.0540713691087717,1.33398916569211,-0.529417022661025,-0.138270862549983,0.694284303965724
"S41",-1.3543712639054,-0.26797915401183,-0.680346112331825,-0.833523194149147,-0.68715141260054
"S41",-0.937063084793044,-0.0847492573430794,-0.44906256720365,-1.37189225257245,1.14422575701182
"S41",0.137926860526638,0.959615807300995,-0.989128138627173,-0.410507438054986,2.05755434471497
"S41",-0.119150844682038,0.0619350398963685,0.408889475681369,-0.133306182836685,-0.320720181289427
"S41",-0.865247926140294,-1.97077994566879,0.296772905581693,0.0852938001534776,-1.83638411669573
"S41",-0.420699268200763,0.743755579505285,-0.0611745774514519,-0.941106257167567,0.340079153599594
"S41",-0.611052986858328,-0.0261146865923132,-0.528391093358212,-0.717232505721752,-0.00272665828732703
"S41",0.662042704698418,1.01917475346141,0.299056126531759,0.205766826887525,0.819581989843628
"S41",0.535724901894264,0.782640357952018,-1.92964829094716,0.384500463996418,1.47305412957784
"S41",-1.35968287115261,1.87054204228826,0.101487911497802,0.777824259754873,-0.839066783965852
"S41",0.729640678497421,2.50902339254438,-0.670488179402859,-0.81258678252824,1.52500480012356
"S41",1.38854222842159,0.73777448252266,0.275254516365412,0.686587187072387,0.714487217691242
"S41",0.312574555765573,-0.162986893365509,0.0182488763450011,-0.0584152555744674,0.486270714362159
"S41",-0.244886159532065,-0.763369189754526,-0.218277617148858,-1.46764681569849,-0.466974025287717
"S41",1.09839088793892,0.204983811182245,0.148403158788081,0.165302732011791,0.555246875284232
"S41",0.771426346539394,-0.89710425176218,1.31313011348056,0.553979846784298,-0.918832752183156
"S41",-1.62103813802177,-0.878217751606013,-0.865329349013207,0.500278060116302,-0.907520393553529
"S41",0.0812940156746201,0.515190583076845,-0.428985443603533,-0.829071023846101,1.45578878562141
"S41",1.66706616941295,-2.01124316641221,0.215056137360916,-0.127598842272839,0.151580463651957
"S41",0.0741987395046072,0.157935575464255,0.0788576702903892,0.673754881751454,0.413680440749523
"S41",-0.636629988159604,-0.3619107477517,-1.16149940937033,-0.298308538545533,0.234322619087323
"S41",-0.167004596078331,0.355159214323683,-0.324746363661812,2.08818684433189,0.0636609345582226
"S41",0.504369236628464,0.249285631924495,1.01779491738134,0.371020202879374,0.362295447977895
"S41",0.559773483908431,-0.287015954945244,0.226034576890659,-0.777742250366128,1.46317801866616
"S41",0.122593698041821,0.418365102627216,-0.476895139882972,0.508320308828303,0.978116922988836
"S41",0.743947856994288,0.106743652717411,0.273380357958714,0.312987603290978,1.30536446391351
"S41",0.297548938438941,0.882888120824018,0.250432964196648,-0.219819054177504,1.84628808049731
"S41",1.07770439099547,-0.125362626627187,0.295349736128851,0.666394987730844,-0.57096468516457
"S41",-0.280517367497275,-0.869807142335864,-0.109436311094476,-0.418280622654161,0.647563268847338
"S41",0.730157808900865,-0.496356357078543,0.164617229392421,-0.332759911027612,0.176582604322489
"S41",1.95083319356328,-0.161728454471664,0.574730288251809,1.59127214767453,0.453657225832026
"S41",-0.871477111003206,1.26295187437551,0.442495327517218,0.149439101079812,0.313070368399483
"S41",0.628217741041402,-0.81386794738105,1.4219472469149,0.22689444035127,-1.32617940490673
"S41",0.226710168228181,1.20596238138311,0.363322273471385,-0.09749543063161,0.604113354577251
"S41",-1.38673252584476,-0.855356575458135,-2.77398314493917,-1.7898784193257,-1.05820022116034
"S41",0.547782943684069,0.275804978060828,0.54844012551096,1.55641081533913,0.445162594720286
"S41",0.600480803305487,-1.15925984712265,0.289572955393105,-0.222653988924104,0.957300800950176
"S41",0.137708326208698,0.795763964811206,0.493262882515596,-0.466887518471508,0.720262937724021
"S41",-0.289246402743126,0.0737692349999171,0.711368119877805,-1.03801688340348,-1.00636931757532
"S41",-0.539089225024057,-0.63046893483201,-1.47809419572358,-0.0276745442603279,-1.17418808699661
"S41",-0.455170361146203,1.92326892254162,-0.638218001937401,-0.0381367359794159,1.44212227460577
"S41",1.00894433732709,0.356175739992363,0.267884440855291,0.462580562918265,1.45452545774185
"S41",-0.897338599352018,-0.483442841325623,0.61598737946919,-0.267443523860331,-1.17170568868715
"S41",0.0946056142260734,-0.203454158426264,0.438152844881802,-0.212204595960803,1.10360867150637
"S41",-0.176197825810169,-0.0391800336273117,0.0826752917304826,-0.57598957681226,-1.1438939168399
"S41",0.723734564994446,-0.179407236873239,0.281853688782374,-1.48264673526947,1.06308714582256
"S41",0.690929619433651,-0.513332610006258,-0.261012690506533,0.251470089593779,-1.02684906695591
"S41",0.0956890864318796,1.05738521853219,-1.15396574262459,-0.690001791541542,0.976455200852542
"S41",-0.0141386919203405,-0.156198759625412,1.24086838026274,0.657564369251892,-0.778450337974605
"S41",0.31196937855588,0.976792487226286,0.580887058465085,-0.0133579546947259,-0.164630995916972
"S41",-0.0432503264262556,-0.478792644230867,-0.934744476379362,0.153437853357287,-0.160612020038882
"S41",2.12859968689788,1.09911497604996,0.617568033815323,0.934559586865109,1.25505416796668
"S41",-0.676693232316157,1.01340762775506,-0.262174862406319,-0.225581511439226,0.859703552162449
"S41",0.216058282248811,-0.431526099829112,-0.339989749536339,0.0879105420235502,0.534903517887117
"S41",-0.0353190568747629,0.286279607911234,-0.968958624987273,-0.127120340789236,0.737620583564716
"S41",1.4121955736383,-1.06465964180226,1.04155753977005,0.866444339535515,-0.0526016345393028
"S41",-0.3364275036421,-0.679378152204383,-0.383057855143271,-0.0852076591059984,0.603030890177242
"S41",0.163940546689732,0.647764083112198,0.182243645065978,-0.624255881839993,-0.231912642868656
"S41",0.185653612432553,-1.34995721089853,-0.0368526401761815,0.489142872407396,-1.22038570064614
"S41",-0.463119965535933,0.329881939961825,-1.07911261493812,0.659334893621158,-0.699714768390718
"S41",0.240700397809282,-0.638266549277142,-0.495478971644055,-0.30028077103366,1.09236697948114
"S41",-0.55570745474066,1.3818268444647,-0.798181142401149,-0.704041380080403,-0.305851617959109
"S41",-1.36774341015211,-0.655903014980442,0.0638247868506111,-0.338706220737304,-0.665229213318966
"S41",2.58962781064696,0.580114793472582,-0.0468746138803384,0.0756555366739848,0.772600032221618
"S41",-0.157195615545965,-0.0194665131668089,-0.618305914478961,0.336658748249821,-0.000260271532921418
"S41",1.60230001832587,2.10702910857174,0.315747723620179,-0.237847816590117,0.119156035598956
"S41",-1.52533704687269,-0.938463199006621,-0.700424603851047,-1.38396930179201,0.0322551870922501
"S41",-1.27477296774573,1.67704216320937,-0.2358693157808,-1.29381560272547,-0.0371697700959192
"S41",-0.063408883251835,-0.491744650219847,-0.334066663864711,0.454058225431206,-0.386221480468816
"S41",-0.678825937105805,0.81610954661797,0.249034566901388,0.527611519613531,-0.435479137016902
"S41",0.82671323068693,0.47008242481284,0.31171951327449,0.122506849541291,0.530008235207201
"S41",0.402947384636794,0.823125182153635,0.862136501669991,-0.595952925042743,0.875207305060638
"S41",-1.80142612640121,0.186522582486648,-2.52393966629572,-1.44123925030452,0.108340048626967
"S41",-0.643717745962798,0.5959513050695,0.397723474556137,0.606025957740749,0.0563353941415144
"S41",0.45532221693228,-0.263916163580781,0.00666828322012026,-0.176494862415001,0.157262613200804
"S41",-1.18946079361204,-0.0612463744057851,-1.36158822907614,-1.14380928437267,-0.697107205825038
"S41",-1.20821430317081,0.574146281261137,-0.423888559960696,-0.808523431046502,-0.068873670463699
"S41",0.375525002040969,-0.942627841700953,-1.06728917501194,-0.835654588546418,0.453822657069862
"S42",0.546556635551383,0.858419144306051,1.06184222546485,0.59906939561622,-0.602002898486394
"S42",2.33199627970451,-1.07853444354979,0.413519940085651,1.018684582142,0.0953685939911436
"S42",1.70973023520258,1.43661732153294,1.33142577956565,0.452165989107313,3.05072505885716
"S42",-0.229418620797298,-0.179744504703589,-1.57568594479078,-0.419263319309983,-0.26176557864952
"S42",-1.21068839558792,-0.641993153150557,0.170291511125993,-0.170562885146291,-2.16734240575262
"S42",-1.06724382593168,-1.20103841263719,-1.1364802412136,-1.08552371060552,-0.684739597444862
"S42",0.0162787137090165,1.02516137889621,0.446719770044971,0.745425342157668,-0.321055434096493
"S42",0.274529377840987,0.669610219051857,0.875512876312014,1.63435700230828,0.154549627078328
"S42",-1.3383408720217,-0.45765837779896,0.480087573492709,0.483788635717563,-0.0295789833361066
"S42",1.61507280227347,0.166252294187067,1.19472040557525,0.236204381222039,-1.30429542724519
"S42",-0.984877459554456,0.244579259395306,0.0862243036483869,0.217122316068708,-0.0664238426892489
"S42",-0.764054461228989,0.556003245445409,-0.35065627595373,0.405624108124739,0.233863128379796
"S42",-1.1997471138649,-1.37678240368668,1.01081541724625,-0.72986619770845,-1.6253962504963
"S42",-2.28044873950625,-0.49145875553514,-0.964914733560185,-0.917386730741105,-3.28330052979026
"S42",-1.09042541060388,-0.601261628033677,-1.32779756610636,0.259073321087463,-0.750029120794012
"S42",1.09523261289983,0.04060911441185,1.31035469814278,-0.432399114438222,0.827458416388852
"S42",-1.26858404071337,0.0157595829504159,0.668513614569125,-0.731104832974673,-0.565820058148901
"S42",-1.58820906823764,-1.70663273318916,0.255136889706948,-0.348341357983214,-3.40368949997342
"S42",0.933532806693827,1.16378957839661,-0.208181412952968,-0.825250358406791,2.32110095384742
"S42",-0.016258720266574,0.18596982462324,-0.314775871649138,-0.115324484435842,0.919080388427517
"S42",-1.40090176962639,-1.25389673654179,0.0934725387543891,-0.424773093296414,-0.694983192279482
"S42",0.291511279302064,-0.691096969912275,0.829740490188789,-0.948456789068292,1.63868572198696
"S42",-0.444693542021129,-0.930897822178955,0.158798967330412,-0.987357492505866,-0.764816180236009
"S42",0.48109037453185,-0.252418451770684,0.04224398015058,0.755088755076008,-0.256693581368469
"S42",0.455812836581834,-0.985350347272217,0.0338347357916249,0.329952347867857,-0.533609993633325
"S42",-1.08048966428089,0.0262396412036856,-0.703662392602348,1.35986315245383,-0.443491200921871
"S42",0.79222846840786,0.102687580141889,0.783598964226711,-0.875030875927071,-0.161048110997084
"S42",-1.14567021180713,-1.67573080647473,-0.574815936132183,0.504123864571271,0.850670246138309
"S42",0.14203331711636,0.176770108255533,0.359154412780423,-0.381623208408208,0.854696876189654
"S42",-2.36237138487936,0.090796927344298,-0.671808840074347,0.31549739284984,-1.44403434326055
"S42",-0.415858097689349,0.136895950404586,0.386726557312212,0.835630489700114,0.538008796556384
"S42",-1.26150946417274,-0.774568122888639,-0.992335032066291,0.550877139544906,-1.10775527117017
"S42",1.15826886599518,0.758287601036065,-0.214368063520687,0.685451435049941,0.644796400588784
"S42",-0.0890495242084436,-0.119801106319106,0.54418180613998,1.64206320771159,-0.490555072555541
"S42",0.0061293806778451,2.33744522764401,2.31272912433974,0.536918345854382,0.668165309564209
"S42",0.0907308868703229,1.42416965857435,0.269590631606957,-0.0462041510585291,1.65057015217504
"S42",-0.087359701646212,-0.212212666106961,0.147682918933057,-1.04674903502713,0.0747983507228352
"S42",-0.46962496140439,-0.649913393772984,-1.04968069232839,-1.58986925114923,-0.154005848707394
"S42",-0.320715170126885,-2.70574713771151,-0.0289658514687392,0.263715469608273,-1.58004389295181
"S42",1.39231097400406,-0.353041214562715,0.0601843572713434,-0.509085542221421,-0.385553293445781
"S42",-1.91333871427399,0.973774787063214,-0.458249332495697,-0.0959619828734345,-1.80812997711587
"S42",0.11009339052811,0.0305188845254698,-0.995471874444828,-0.388511557103047,-0.0757756088551984
"S42",0.625413172772093,0.289569820751726,-0.155570838178519,-0.260600034092747,1.23812819838781
"S42",-0.893216418214477,-0.595592376681503,0.0518922376763763,-0.488028809795061,-0.015364632431984
"S42",0.671838098660525,0.600188432383174,0.425090527817762,1.00252896522772,1.02462737694759
"S42",1.12138833478899,-0.0828480332236249,0.1873673696421,-0.971552329763085,1.31215956230623
"S42",1.75327821138237,-0.710488556227497,-0.51871703368525,0.435924057039989,1.91174780986398
"S42",-0.927319586049395,0.0329172339661521,-0.341492071130639,0.0319768687948283,-0.833331176791979
"S42",-0.476970461603672,-0.593219118858267,-0.195978558460369,0.419330349083762,-0.217936390892435
"S42",1.23009793165252,0.733630286866724,-0.257853594651975,1.28783080495324,1.52187133858481
"S42",-0.316827393581108,0.374304908149116,-1.01731743888207,-0.0265861038562822,0.519416674854083
"S42",0.361212148903462,-0.127517475519607,-0.231678113164412,0.385458965946053,1.22640405158037
"S42",-1.26421932119736,-0.660228326641347,-0.438829684281405,-0.181938106504281,-1.15837735576007
"S42",0.188013704361236,-0.724760474290822,-0.613792201303517,-0.163401728909561,-0.932941946155337
"S42",0.788064382805844,1.54071161664313,0.345950456232173,0.779248517540281,2.24741988543967
"S42",-0.370596057398797,1.72774343767504,0.371698115494484,0.563686633777565,-0.450850892555016
"S42",0.0149606957759084,0.814517490912167,-0.202867314444632,-1.27442008266995,1.72549147726861
"S42",-1.31524875539725,-1.24873111708705,-1.49664859713667,0.897157762449548,-2.38960560197078
"S42",0.938456870706832,0.762302764764943,0.495240906166588,0.209239308164487,-0.343843466019152
"S42",0.167181148399305,-1.67790085473782,-0.0666830577989514,0.686436285383596,-0.473321797565861
"S42",1.55651989960747,1.00619012388617,-0.476319165609046,0.170046792619126,1.44977437943695
"S42",-1.82436580774162,-1.81398827693971,-1.608155240267,-0.845642148915502,-2.23617378851582
"S42",0.553272996498925,-0.40617547573491,-0.110001726615816,0.401893500879753,0.772462499595619
"S42",0.617699405956864,1.3286265077031,0.214959987118071,0.475586156544725,0.752523924922431
"S42",0.789741194924834,0.36480392263532,0.514589982204932,0.293520565070717,0.265637510976025
"S42",0.982092210004333,-1.32483085997187,-0.163204909566111,0.321603723084237,0.843360499865834
"S42",-1.73164345092434,0.35944840617653,-0.660859032033112,-0.531953572289892,-0.923220300359549
"S42",-0.45765946286959,-2.38065268953996,0.28194654102464,-1.57482892015644,-0.382742637296822
"S42",-0.554873890146608,-1.1047013468247,0.381060790978709,1.33562539150785,-0.597913384504838
"S42",0.772581960886817,1.25320772985613,0.627825750508119,0.161841687203387,0.155644528207192
"S42",-0.0968314198791064,-0.293754646915304,1.42846427506192,0.956884194800966,0.725467417322529
"S42",-0.871069409952464,2.37928871258919,-0.733959418804914,0.146930385574962,-0.0997366018725391
"S42",1.58625992379087,0.482260506011223,-0.844408060271263,-0.344747341186922,2.10027435856047
"S42",0.687652287267774,-0.300685722304906,1.14907138858297,1.43294153791235,-0.597349831942551
"S42",1.80430528977619,0.735432121833745,1.41489421630742,0.845961616713386,-0.218050056397139
"S42",-1.67305227925939,-0.0446591556218794,0.307255416145165,0.128528677852837,-1.76649711531898
"S42",-0.952311303940732,0.430469186333361,0.495967243315041,0.0639622349917454,-0.709691028734488
"S42",1.32287303705096,1.1345961591788,1.39074535163877,-0.41066120772877,3.04412320559881
"S42",0.602293413608093,-1.70484737408994,-0.237706629513474,0.56382309763993,-1.76158725577745
"S42",0.0477480651500671,-0.840655626431863,0.289423511374285,0.282712898052413,-0.741783422595947
"S42",0.651439834170732,1.76558443886807,-0.782282626827578,0.970606206917779,0.247656638083177
"S42",0.940337629252113,0.37473155044022,-0.228826076745551,-0.117808030838968,0.990034646599086
"S42",-1.26500195143349,-0.530461359775106,-1.12098237664784,0.0301612479171514,0.5171426128763
"S42",-0.0574060648403209,0.643217139428272,-1.17440693609507,-0.0631357075897956,0.239038146914972
"S42",0.342523658864155,-0.648976399845485,0.478727531135065,0.788655775130834,-0.243369689697682
"S42",-0.781325994873715,-0.811856449124775,0.688139710133402,-0.217277270084326,-1.19937943838431
"S42",-0.918450119231619,0.447753736876496,-0.650832068732581,1.66142039694337,-1.76457058419767
"S42",-1.18195844853232,0.200781744818594,-1.55993749646557,-0.823707240554296,0.106650668665556
"S42",0.629805178878866,-0.589071675378904,-0.354758562249953,-0.508636913076689,0.862822303771576
"S42",-0.605074826968555,0.652647365744326,0.351375745379711,-0.0253344478696175,0.357302587393729
"S42",2.02838817234185,2.16243749603796,1.27446619940772,0.318195094647892,1.17979439566615
"S42",0.193199862106523,-0.0131300586093929,0.718737002347002,0.247914989516933,1.32452354986305
"S42",1.59773672721897,0.433277449840467,2.02556096805924,0.489082718725172,0.0334479302553017
"S42",-0.730667605378247,-1.18072897316461,-0.510998096118729,-0.0467438916100163,-0.882466563456637
"S42",-0.695967149501142,-1.39860059756933,-0.0114275771982654,0.979410132016349,-1.76127024529706
"S42",-0.184041344768665,0.632902157045608,-0.406335866838373,-0.0146145980415118,-0.395363849453701
"S42",0.324881152015391,1.9018426099158,0.770355526353823,0.672343487231859,1.59372111466634
"S42",-2.11949565983071,-1.1268599227466,-0.421705832714844,0.37255140314028,-1.35467361989396
"S42",-0.451130359380565,-0.69217641063753,-0.899343297041735,0.0535579320441496,-0.392699651786565
"S42",-0.0808637254695944,0.347265577456323,0.857082878596374,0.0802887004548641,-0.259858937496915
"S42",-0.35158277942605,-0.358536346778592,-0.557202431897528,-0.0444343296173075,-0.17442171382312
"S42",-0.0487280529638584,0.26967865973633,0.0163608767244669,0.15760409846093,0.720414059890934
"S42",-0.527674384044927,-0.13873503013205,-0.396509871062156,-0.593905791257641,-0.268085008398985
"S42",0.0433168932095539,-0.404099388439324,0.420347033444264,0.281553758739964,-0.86615504050718
"S42",-0.400395943242374,1.38763555754934,-0.527412099262021,-0.264658362331694,0.57793274043541
"S42",1.61411053193747,-0.97365516875184,-0.267947020291278,0.616820204691013,1.39667805032619
"S42",-1.38233900325616,-2.7409477157321,-0.398233673534874,1.55988667346885,-1.43252977246694
"S42",0.228383714385012,0.0758852573340213,1.02392475687013,0.230525850195282,-0.477573708839887
"S42",-0.798682935481712,0.964577361072911,-0.704674954133189,0.888638987302611,-0.283674880617593
"S42",-0.499640802397786,-0.882538336225179,-0.757629385676038,0.369666905223285,-1.62164822768968
"S42",-0.140651776288723,1.16959157215542,0.455887097948284,1.27085368743789,-0.888404725324456
"S42",-0.329823497337762,0.974882904352587,-0.892451883357414,-0.727900716648267,1.27344345704231
"S42",1.41636884690535,0.275326893172854,0.0993260058652847,-0.116368194641519,0.84787648862609
"S42",0.465194366114487,1.81065657095027,0.785149142711187,1.4865486387903,1.5244237877217
"S42",1.15165918122142,1.27753380506932,1.41780924395417,0.518492139874913,0.121626015475696
"S42",2.42527413901622,0.762593212764938,0.307898383166466,1.59239364780057,1.49500315926221
"S42",-1.34336771921749,-0.573700776440099,-0.697742237984137,0.0213767531942482,-1.1109104410857
"S42",0.667835149091033,0.691303646017452,0.857567888324706,-0.880482827629545,0.818719571790865
"S42",0.572583044929136,0.656754662045756,-0.267561030355996,-0.346435245171842,0.138678293073301
"S42",-0.28933743241567,-0.168202725111165,0.201212860298746,1.06398304406228,0.255329768580403
"S43",-0.032388447725205,0.0513721268283449,0.473737355816089,0.393426932615007,0.740819150690129
"S43",0.385218354770305,1.03786466412961,-0.034470329696203,-0.169783484009686,0.678240377399547
"S43",-1.04888653384503,-0.82282059141252,-0.11823081850586,-0.130618320296295,-0.571688088456891
"S43",-0.301322137208584,-0.705471098448599,-0.908498743366873,0.0899734632396106,-0.308139668795589
"S43",-0.364506398227343,-0.492134396596147,-0.445885704685225,0.0495441700250089,-0.842882470599692
"S43",0.658831842213181,-0.026958814496701,0.312046376993831,0.0480601194617135,0.613786019710006
"S43",-0.122203101101955,-0.184487197840881,-0.42400406457299,0.108227507702883,0.753474700234812
"S43",-0.50205970553806,0.351878434004282,1.17788426834741,0.557396264277982,-1.16995017756253
"S43",-0.71970842808477,1.27220637041081,-0.091805089560237,-0.43001258444874,1.56801193996482
"S43",0.197831726935819,0.598650689690982,0.540298901185404,-0.236458042168668,-0.330748854666643
"S43",0.193632814394619,-0.00470819450393154,0.0265285120000227,-0.777701771339539,0.357869897036486
"S43",0.339261475290523,1.12525929037991,0.692923679555814,0.40955952119467,-0.597369562415425
"S43",-0.963290044629029,-1.78406257803876,-0.0934013874057185,1.45532965227479,-0.255407796100525
"S43",-3.00143088023326,0.0869898157474903,0.147818778614625,0.746115783614101,-0.746117360913446
"S43",0.370787298099398,-0.960032025404814,0.734697115501476,-0.153837684461707,-1.72774165398488
"S43",-0.39605981461507,0.90746397380539,0.409608710886695,-0.586381135889117,-0.0753746358400335
"S43",1.51569603669952,-0.287292405183858,0.336111096989023,0.236472046864025,0.534592949946073
"S43",0.501637311847996,-1.1421019759368,0.422745512194594,-0.172091714519464,-0.442334703168932
"S43",0.786019781959972,1.37516610332452,0.167211502563834,0.151375611212056,0.636019700391867
"S43",0.403847369370744,0.289921984982445,-0.371627809621527,-0.0841752389895505,0.443142604741145
"S43",0.414271409174548,-0.676685197334089,-0.208202624180309,-0.018199571677909,-0.290311764827241
"S43",-0.89427329672933,0.0668215052261426,-1.42630854412743,0.129193060651971,-0.632137487323292
"S43",0.249195240213238,-0.201213162215739,0.384124094342882,-0.40111645308157,-0.78120861437282
"S43",-1.68026378055167,-0.591914906389974,-0.855770355350019,-0.270984616408209,-0.240752110080807
"S43",1.15199585183279,0.59466091087361,-1.28759654248094,-0.0725341927228851,0.673731816739881
"S43",-0.234256006663267,-0.375091432388665,0.966906336903255,0.656961047699836,-0.567166260336282
"S43",0.41180782728369,-0.478905831603305,-0.654074731366287,1.19754460515284,0.651355353917986
"S43",-0.364905697231434,0.642829166869476,-0.972425880709021,0.80727718800538,0.539360265830115
"S43",-0.995265835363938,0.0308387907562378,-0.601782529535056,-0.419483426929952,-0.496045091964666
"S43",0.0583555642053739,-1.40486763874616,0.944242227574566,0.010460250839121,-1.23378626682961
"S43",-0.936791947726616,0.198182034256788,-0.341150952134356,0.136349799309637,-0.382891980000517
"S43",-1.34269910088586,-0.670545984841556,-1.07295739923943,-0.208258861361714,-0.0973864539943105
"S43",0.0864167960362316,-0.43803791894199,0.242997969106712,-0.181279074124819,-0.511100838857145
"S43",-0.109736013553989,0.0358379432555982,-0.751200034121116,-0.708161714498884,0.589703615839194
"S43",-0.0711411940175919,0.93757997843758,0.178060908422494,0.141188468248052,0.352364438077098
"S43",0.390425959062386,0.927434609794984,-0.180569388803361,0.460056098361916,-0.200342102333709
"S43",-0.466688119299946,-0.783636551560139,-1.08372665866827,-1.04133787856664,-0.15671955833659
"S43",-0.228796401048298,-1.68446717333637,0.846094100494215,0.444148794484868,-0.81426300898852
"S43",-0.285922787069268,-0.491272852790055,-0.333211359912528,-0.53960022811688,-1.02210499325507
"S43",-0.0692764346571162,-0.273924873302568,0.754589040667445,0.764265097769958,-0.686798127541287
"S43",-0.705581637377075,0.540360272310604,-0.829381178527637,0.24480874260913,-0.515508355017934
"S43",-1.27257958292837,-0.739194150050643,-0.667146626212506,0.797707519500238,-0.904019932988532
"S43",-0.152937825161267,-1.06997128818725,-0.235500100236575,0.439695571658284,0.4216809758146
"S43",-0.580669321604741,1.1589792625126,-1.43302657874718,-1.38062654199083,0.0789188653584864
"S43",-0.201841998971851,1.31209215949742,-0.00408650039570402,-0.200484498825471,0.00488728296884586
"S43",-0.0966995060936254,0.324343047721864,-0.117081942444016,0.164339000916115,-0.0971611036324158
"S43",-0.00224908940657827,-1.09448257171495,-0.194238209996306,0.0899161465077982,-0.298956643396703
"S43",0.659021037365532,-0.703003793020036,0.591295711938787,-1.2017288105077,-0.559009645300895
"S43",-0.0244791487134756,0.549256147320008,0.733644161565274,-2.01599686938514,-0.802315648626974
"S43",-0.636856852803766,0.429559226948839,0.748954807861183,0.394431748671873,-0.819446677885028
"S43",-1.00337327212007,0.0289498689808276,-0.35557524607222,1.34888680019079,-0.704798344283086
"S43",0.872923503755934,-0.0792937828735816,-0.320610470714084,0.21091310425168,-0.249381234689259
"S43",0.484198918736466,-0.201013191570607,0.403834553302633,0.0700721419073037,-0.59836555035529
"S43",-0.861049729335291,0.287698256548101,-0.60406082232936,0.257316494233984,-0.72172639654662
"S43",-1.20546422134848,0.208438771875584,-0.520388493822499,-0.447049353586969,0.426328542032955
"S43",1.13790184984664,-0.539131010742241,1.46331219220269,-0.25737172410948,-0.519609718865003
"S43",-1.00036146801969,0.42326116631073,-0.547592852987,0.334698930006296,-0.307857086968935
"S43",-0.225556271498709,0.0374850179721596,-0.315658920691383,-0.26722193942808,0.245925815823118
"S43",-0.824938920953997,-0.174971132469319,-2.06767589992923,-0.356476199053672,1.28913855775527
"S43",0.33088604701854,-0.0941990481844717,-0.683415868018027,0.581312288571775,0.361345707142331
"S43",0.682481233251465,-0.0570565799977945,-0.241934195597291,-0.683842151588987,0.866595560145771
"S43",-0.109385874442943,-0.0823219681997416,-0.29445293747889,0.44996429123597,1.00394019185081
"S43",0.619669785928945,-0.903028605308253,0.594027364976472,0.938420255303523,0.0156270001168264
"S43",-1.18771972627963,0.509250726417447,-0.34993998702321,-0.249971505079424,-1.19027106526023
"S43",0.0842560933640021,-0.176993537913318,0.828254708424635,-0.395863640391641,0.441334242329781
"S43",-0.861450110632268,0.432471554877181,0.227407916259343,-1.04496729121243,0.160602825067329
"S43",-1.18222097893183,0.252138338420369,0.179752534039323,-2.01322124792195,-1.23227755417244
"S43",-0.503033720858019,-0.616040591039073,0.250754986059776,-0.500334401674491,-0.106874754209546
"S43",-0.392368572127299,-0.0944216188885927,0.548357653496876,-0.230805652197914,-0.327909057637077
"S43",-0.377542850243171,0.521247899236857,-1.28963830588808,-0.294587630694542,0.0773905820056672
"S43",0.707166081426933,0.0956175183868133,0.541627389370436,0.326089364667021,0.925059890879977
"S43",0.255219083509817,0.936429136594135,-0.270395731945063,0.710443773562794,-0.559718323118399
"S43",-0.452620030743872,-0.629876482450587,-0.847943163168001,-0.659321669335395,0.685103426167479
"S43",-0.480467085730879,-0.172265748262542,-0.960115032641935,0.684708731174565,0.737825597802886
"S43",0.697883973105957,-0.742693314760017,0.588935769555488,0.158531644910328,0.206504402331899
"S43",-0.155515683362353,0.168874377772483,0.921857378274217,-0.18247598009119,-0.10490059419153
"S43",0.988395030877371,-0.689336523109751,0.0482702805661184,-1.92033831136653,-0.518915014095416
"S43",-1.06296563169042,0.136127835931701,-0.379078672330689,0.223569305622462,-0.196912338354025
"S43",0.938321338736615,1.17253572143135,0.565511699386532,0.194404391051105,0.793415418693241
"S43",0.170257427274161,0.684795665280141,-0.0240375240601399,-0.653980576922956,0.381044589491445
"S43",0.381901237900912,-0.327363608272289,0.72484792211724,0.443011968160835,-0.559708704785629
"S43",0.808695634810462,-1.06527764483536,0.796149721634944,0.590205967503282,-0.432201977768629
"S43",-0.373990739904342,-0.77207574742894,-1.53849926533301,0.915079535777182,-0.17340855047062
"S43",0.00832713519272698,-1.56235438030401,-0.602237171088041,0.00931891674623722,0.358908078152102
"S43",-0.450146569831412,-0.291122193211386,0.304605746600825,0.250771184176481,-0.62948716835767
"S43",0.640917026941794,0.333893497308708,-0.0922513355008563,-0.182256643875034,0.566490899226163
"S43",-0.447862117195091,-0.697208026023509,0.606166454103038,0.292529933602582,0.725481067404574
"S43",0.284881969539779,0.329894859932954,0.434775250388269,0.887226792420959,0.711350518206482
"S43",-0.156222712011673,0.287246650480131,-0.352961028219579,0.260643585302629,0.477135110650363
"S43",0.295464231681898,1.2598538981239,0.172024620656086,-0.405573221486562,0.866428729892992
"S43",0.378817637019566,0.787832689066395,1.8194779394189,-0.176086643540653,1.253527728529
"S43",-0.0945102692280506,1.24211145009641,0.115672628173884,0.886716093166204,-0.615532840031037
"S43",-1.01657721961127,-0.259680451689539,-0.363765170184186,-1.49123353383117,-0.920654510519418
"S43",-1.72907019739715,0.202363619952528,-0.326627020766001,0.718728780059055,0.305421345519716
"S43",0.562145084327074,1.27394840747857,-0.561860191455542,-0.353141621101113,0.595028121235168
"S43",-0.489621814188781,-1.35684832067429,-1.31375777119884,-1.22124237980358,0.0355800032562286
"S43",-1.13627431475903,0.206227114414997,-0.665466839083482,-1.16431798161954,0.270336710583134
"S43",0.792437237321447,-0.258219563537299,0.30510102197374,0.229881290444947,1.01221171082277
"S43",-1.38897297931093,0.374846966649135,-1.51390621330582,-0.582339189453151,0.803365495760674
"S43",0.0626632942065114,-0.0892772978140063,-0.48933324163615,-2.06347790462307,1.51289637297414
"S43",-1.39227137377153,0.455418132444563,0.236239911681377,0.81242911898096,-0.83212633672109
"S43",0.8235649779802,-0.499446861024499,-0.513760533159003,0.610095596596814,-0.711207245971453
"S43",-0.428906555687906,0.650776695311243,-0.815871548442127,0.684875261819744,0.641592000356467
"S43",1.54693537467209,-0.403087702650982,1.49014052311847,0.018452656886748,0.716187830547976
"S43",-0.113213665972357,0.011591021200563,-0.440157669638362,-1.09731207218664,0.9010791834004
"S43",0.870639242162869,0.546979711169627,0.829920249707707,-0.945301621430379,1.05635122634969
"S43",0.281759773900337,-0.343918799486111,0.138696877701432,-0.599712498106057,0.139282981414178
"S43",-0.528311785401892,-0.165393155215767,-0.368410837205253,0.764610499194192,-0.326223725576269
"S43",-0.221496460249945,0.495351243647661,-0.113826626692209,-0.473875062533458,0.906914795362859
"S43",-0.218885664939468,-0.00203151888014796,-0.508832743372315,-0.180207675788615,0.703327586929243
"S43",-0.271326834539795,1.41149376830421,0.533174490447719,-0.933251795080275,1.35806026176444
"S43",0.204866743621288,0.208282784983905,-0.871989215267286,-0.072170017048471,-0.0795769854998787
"S43",0.077026270338973,0.51765259828761,0.113131193050619,-0.364233197599377,0.19664477048125
"S43",0.31413865560379,-0.506994400794399,0.749433202022293,0.332235452636556,0.532078079852696
"S43",-0.226595172498579,0.0922725759766528,-0.287834919914788,0.581001089424845,1.23832610065733
"S43",-0.752468766727127,0.587495099129667,0.423472340925573,-0.579800836835353,-0.802395601598673
"S43",-0.68019152426373,-1.00378522187747,-0.62072174850579,-0.314349902182571,-1.24230287715016
"S43",0.969761551061798,-1.15776998919333,0.0870230722449462,-1.39216091029818,0.427632834687113
"S43",-0.130045336293451,-0.0520075134963203,0.0447806014428946,0.667570748900773,-0.818545770182571
"S43",-0.463458318836401,0.913749142740312,0.22485592972647,0.383186871501374,0.708988478441677
"S44",0.181214909725873,0.392319228051658,-0.319818796602034,-0.809413052826888,1.93511696748893
"S44",-0.146777260876703,0.362727180872266,-0.616712568494438,-0.154835269692814,0.435021683375734
"S44",-0.382322775679937,1.43284539654125,0.780745836159372,-0.0987852172834599,1.32701149515884
"S44",-0.258565239203447,1.09705587412339,0.774938543518809,1.41841551973014,-0.88085296850337
"S44",-0.819516695105449,1.03640324862017,-0.318719579754096,-0.375849639907885,0.951045001136893
"S44",1.17482934118635,0.0036175095975107,0.300210093544093,1.04381289532641,-0.383808954440661
"S44",-0.356625823989055,-0.238598912871617,-0.99807703490839,-0.0156848750548666,0.303319981758162
"S44",0.371947460127383,0.904075801781797,-0.584473262950776,0.23948614652475,1.38820529672965
"S44",-0.869043338136205,-0.458862350550361,-1.08647083850208,0.165653659318042,-1.11954617415938
"S44",-0.274310407538799,-0.645574678007256,1.79797587280529,-0.329608328588112,-1.14608759319794
"S44",0.599040863539154,-0.843231225146895,0.332396893698821,0.219561919060858,0.146617561745455
"S44",-0.217407089698038,-0.0660680044803482,-0.130606358211947,-0.46304833124165,-0.585905730194251
"S44",0.58426098024023,1.29120657154156,1.02740921550323,-1.26413608054704,0.891236776445359
"S44",-0.190008353403351,0.821913753379511,-0.272592470861766,-0.295125196445076,1.65344307518038
"S44",-0.243632460927008,-0.507514535338653,-0.819976108387981,-0.287667058914771,0.500292710604921
"S44",0.527435056387793,0.655493340926741,0.758382218849418,-0.0232754862211981,0.397340070085853
"S44",0.269125729353933,0.304948098296411,0.0235248300556041,-1.33086535938112,0.135623843669712
"S44",-0.273322932390584,0.548187526478496,-0.286594228608928,0.220835338711732,-0.116705129212645
"S44",-0.00829143607411261,-0.242192206500416,-0.0132430921180521,0.716683167097764,-0.1638053112318
"S44",-0.657186993527252,0.188360980205745,0.567893229677482,0.0321225567531222,1.027482562046
"S44",-0.833732488966642,-0.648670715080331,-1.1287917421749,-1.09102066269474,0.312753928046623
"S44",0.255275712643671,-1.69359087379822,0.432827187516052,0.487161963670586,-1.26254079100896
"S44",-0.619102930853932,-0.0704386302734407,0.436938124697902,0.104589996755135,-0.803298315421129
"S44",0.47475221555056,0.333925363128628,0.607726923771581,-0.0816906127217232,-0.933423023805088
"S44",-0.523333847343197,-0.317128776411147,0.812366230037268,0.194195585758736,-0.317410963195278
"S44",0.977443549172528,-0.43583547972556,-0.10906457609553,0.246000846108175,0.0714810034695609
"S44",-0.516909189724954,1.14320605270128,-1.56805352924317,-0.233530567751237,1.1272059501412
"S44",0.252457543808804,-1.45527854594726,-0.143642514755921,0.894825820703582,-2.5059017018503
"S44",-0.617166746735485,-0.299376968654023,-1.0333328684697,0.556321874753908,-0.458657246962876
"S44",0.424493548873957,-0.704898363405816,-0.32199021756846,0.720198008699585,0.599778234984968
"S44",0.921868846671284,-0.0459740904989459,0.0973075928100362,1.00974133442506,-0.555492263778183
"S44",0.169529169439841,-0.111719302369754,-0.275738704296806,-0.110128081852654,0.384249468808658
"S44",1.29215024774764,-1.15194985631504,1.23458331304891,0.286302287882139,0.131377740246272
"S44",-0.0100530012161454,-0.702276732448282,-1.36101096778804,-0.264090069876259,-0.559695550004868
"S44",0.810397556241693,0.199225140171805,-0.30436820319828,-1.01343951730467,1.80812113879897
"S44",0.518993496728289,0.931291900033804,-0.569555553845649,-0.523846854479107,1.55829994796801
"S44",-0.816547365998561,0.892253819860902,-0.920387688269207,0.0853123422030239,-0.388459878051672
"S44",1.05396158866706,0.726590970120162,-0.035027847694599,1.20672801584207,0.000978781839939658
"S44",0.367494881177044,-0.417403115194692,-0.0546355489220517,0.163599446850084,-0.438377181117475
"S44",-0.329167152196642,-0.307707795216547,-0.213743659532791,-1.76442960312741,0.566016797498664
"S44",-0.960640206014489,0.255155126945823,-1.57629787028125,-0.545897691008004,0.585766872995175
"S44",0.34991809374794,0.601340723442638,-0.107805802269125,-0.252208323169185,0.353008039851113
"S44",-0.298948611865276,-0.558548252681044,-0.302383159215748,0.472897942620225,-0.0908378618252883
"S44",1.57491043036021,-0.196711429091196,-0.404651971270406,0.79166700540967,1.76913895873313
"S44",-0.737826698459873,0.363176136850854,-0.174053965659824,0.396624236484793,-0.639745231110606
"S44",1.21080995871745,-0.148555120386102,0.791903381001787,0.543678103044508,-0.263086804376065
"S44",-0.40474426238383,-0.578660498195504,0.368186080594829,0.157673524935194,1.19140605068123
"S44",-0.761577877364137,-0.473029213668415,0.274538622079825,-0.0517790924069347,-2.37933939162606
"S44",-0.640427685386067,-0.644948542906028,0.101014818970555,0.698742656144807,0.00495521775416385
"S44",0.856909813627829,-0.351770153608402,0.82607636633113,0.846261420395417,0.115830021142626
"S44",1.23158412635654,-0.982723776219798,0.482808071536668,-0.871210929054732,0.225595221605506
"S44",-0.255118604575735,-0.757027650025364,-0.230549406224493,1.55929018054632,-0.823450727347171
"S44",1.18787492978829,-1.21152630387328,1.07892152544438,-0.22844429672804,0.269076030667582
"S44",0.111268488543345,1.06056620955728,-0.766082137845089,-0.178147041733535,0.646772643237302
"S44",-0.525605026187726,-0.15604016987672,0.26557467897546,0.136572817656371,0.17493292069161
"S44",-0.885098221756216,1.49128064097461,-1.08103295200733,-0.486776370780315,-0.14747582052718
"S44",0.271784405679368,0.401302334470399,0.0798017416580029,-0.84247599744147,0.225157036575549
"S44",0.79413078496729,0.263744625530197,0.213939565823307,1.01669820687069,-0.241548234349132
"S44",-1.0134976631648,-0.041411887380361,-0.637966754762231,-0.923808561594706,-0.59165882583398
"S44",0.399769861061361,0.580458650472367,0.429094083128218,0.671225193428942,-0.305872061223139
"S44",-0.333585349468659,-0.0854305948933119,0.962559753403901,0.686327547379557,0.553595166015313
"S44",-0.777379077956442,-0.454716488601696,-0.447834880891964,0.162874245709553,-1.05201089217631
"S44",0.381664284497942,0.141126222150757,-0.483378379761115,0.0434904789590952,0.220285966997173
"S44",0.528676396085563,-0.069173986813578,-0.165704629119137,0.78247368221257,0.529571415094916
"S44",1.27438256107814,0.0383505457150253,0.878920995232862,0.13578434730324,1.79559450704293
"S44",-0.208929267235248,-1.53215136092312,0.303498380064986,0.173682355738254,-0.633188472402314
"S44",0.202617215297901,-0.909868593241129,0.400481992806139,-0.617791424743194,-1.26712438395807
"S44",0.0286732722572507,0.574203280356735,0.312572272819015,0.920644889917868,0.121722958084364
"S44",-1.53614599735588,-0.611517800869469,0.0496950194447525,1.11189982833612,-0.0882356600907
"S44",-0.740494313969504,-0.674108120861509,-1.10479694236409,0.37454642548724,0.761483332319199
"S44",0.103289259573239,0.367728413593561,0.738465062430314,-0.452208639048204,-1.00757798685902
"S44",-0.657411147446905,-0.379896875768802,-0.236337498879593,0.129740272537733,0.0326319869780182
"S44",0.0966094116429555,-1.29682425624546,0.831241263726907,-1.03057964908578,-0.863937964820597
"S44",-0.594400069442257,-0.294162173607661,-0.289294977352888,0.0163018965529074,-1.31513453705943
"S44",-0.37016575431779,-0.897280112079375,-0.407401818022932,-0.312275577992807,0.777574321094758
"S44",1.95691785366895,-1.25987570644143,0.23158637845445,-1.14476520343722,-0.0545363412236374
"S44",0.163365619487152,-0.497019815843207,-0.364753028476994,-0.414473448719585,0.379714511170548
"S44",-1.76793793968782,0.109991926142766,0.413475765100691,0.427124350296621,-0.430135753652783
"S44",-0.281137484925353,-0.180447703560154,0.176300106602892,-0.242240560404544,0.338934871961492
"S44",1.13715827997602,-0.79023290983866,1.648438237209,0.14992576605071,-1.10046175698855
"S44",0.381097903925222,-1.34706503165153,-0.317722632979743,0.951418298364595,0.583676984999786
"S44",0.532344693598352,0.966070489768296,-0.271045888145364,0.415606746890542,0.42176741039398
"S44",0.623255804756268,-0.85596493712953,-0.398011058756024,0.0754849175882826,1.24239343233471
"S44",-0.0458738324486782,0.141347444092488,-0.127107863974843,-0.781625836801693,0.298630139780031
"S44",-0.0805859022841293,1.03033482603032,0.277000341824381,0.0718292774494594,-1.17867314966214
"S44",0.464748839563418,-0.172597046590095,-0.437249609461677,0.14761471569288,-0.383292026980356
"S44",-0.235281183218493,-2.43333219599306,0.916462148487883,-0.626098402652621,0.154694080627914
"S44",-0.903957415310817,1.31149532999153,-0.198978658426807,1.05079022845695,0.163705132087985
"S44",-0.332858965202614,0.428662600618561,-0.567096891445192,0.203229761262628,-0.160783531059556
"S44",-1.13957656652124,0.0815501885900619,-0.0324941186615917,-0.908501155946975,-1.30649091166044
"S44",1.16984843498192,-0.935080639980252,0.750991306835546,0.471008030922999,-1.10203637171774
"S44",1.29095284194142,-1.20536382865374,0.628902711388134,-0.177074327040795,-0.265759077059079
"S44",-0.109963926395409,0.00408675964305589,-0.292471020135169,0.0129144282684459,0.182330094211653
"S44",0.314124592776819,-0.508914583009195,-0.316285270134939,-0.0441324783781257,-0.080039954972818
"S44",1.19207416619894,-0.28677287186862,1.44673103319921,0.691124105100665,-0.141037278549683
"S44",-1.14603678694872,-0.0719771873198948,-0.995750818429834,0.174480361161398,-0.486384986895161
"S44",-0.966931606065798,-1.64664920448861,-0.982996695305288,-0.398951220078783,0.442700620450575
"S44",0.186655684817555,0.121716826974192,0.291278914246497,0.631057491872358,-1.32311625288846
"S44",0.420620269071132,2.09474925347883,1.48156486138924,-0.150148735575215,1.02751476005815
"S44",1.91355812782575,1.07263707484959,-0.758866068829176,0.958000411809153,1.28918254748004
"S44",0.80301162386442,1.43151367946967,0.224676566406909,0.871269116986252,0.690193737156095
"S44",1.09519264239159,-0.705653748727326,-0.940406331208631,-1.01035163431122,-0.611073806086385
"S44",1.56490895610834,-1.38211421753085,1.6277725159937,0.739820727190441,-1.16007138879565
"S44",-0.897121911467366,-0.0419647901125565,-0.450671612574126,0.844039710218481,-0.572768861875467
"S44",-0.505193716225137,1.46485678116994,0.886421994728638,1.41653131848164,-0.299281646583016
"S44",0.0415558553394494,-1.7813016774767,-0.961084116533371,-0.238282241798838,-0.670105631373562
"S44",0.479010907873401,0.363138262401482,0.251293334072828,0.625578184437305,-0.248941938034641
"S44",0.542089987510356,0.685328890180152,-0.0302447612168822,0.0594920424297423,1.21338410997269
"S44",-0.443368108190738,0.80991125241023,-0.455655960084125,-1.02074882602111,1.04183641224185
"S44",0.0889205760926705,-1.41960670371932,0.622538905784889,-0.0916003528918391,-0.990380027389513
"S44",-0.191991378724673,2.22627378267633,0.0485292671017517,0.479796797028586,1.13197225133884
"S44",0.237053943365673,-0.501004418349132,0.164675026478837,-1.89991097209367,0.421805356633672
"S44",-0.307097407319524,-0.309697439392706,0.324358807477506,-1.02804140174215,0.884818776990673
"S44",0.710508677284117,0.590008381819119,0.966204643850635,0.633191720598533,-0.122388134824245
"S44",0.486151505431694,0.121606513613357,-0.302961998160656,-0.203330121671008,-0.800682994066173
"S44",-0.260937463957454,1.05670997634633,-0.355705734976371,-0.320022570395678,0.578079100778747
"S44",0.0402743347567456,0.135467484399887,-0.467543085343467,0.582268934231426,0.07070669699735
"S44",-0.250639198282796,-1.18182748362389,0.616253462893092,1.05681046776065,-1.00104950069428
"S44",-0.116288175155514,-1.76949632360394,-0.410407466493925,-0.64469532139191,-1.28479340223747
"S44",-0.0842211758642351,1.37931895313496,-0.0318483085766016,-0.512591060248256,1.0367180870886
"S45",-0.740502002916065,-0.11221131289856,-0.111702087355593,0.00835045725519253,-0.738208454911599
"S45",-0.280144478148177,1.09016817870991,0.458965244859165,0.0130352559640562,-0.443654455369452
"S45",-0.742983087068457,-0.484538017504666,-0.707978319219082,0.0813800752908637,-0.344949159049617
"S45",0.48257633121502,2.14007932566884,-0.926699248096195,-0.333590655923011,1.00222848221929
"S45",0.218254312074184,-1.86056134020843,-1.38393131252808,-0.682675614610432,-0.577904100868236
"S45",-0.721410764841598,0.943838123891236,-0.663652328102089,-0.104048878076239,-0.07972383112568
"S45",1.19583838818986,-0.431178863038318,-0.302425613745178,0.827851110934668,0.479624579169168
"S45",-0.0356286481515051,-0.858010112722603,-0.972056726430208,-0.257147865232297,0.93714620477491
"S45",2.21320789318733,1.25626626351248,-0.170186231513767,-1.12059526999499,0.871093445747699
"S45",-0.366607676177129,-0.739287222214374,0.104430033892784,0.272300048247613,-0.992606458049093
"S45",-0.523885539779031,-1.83685307464803,-0.453236909649249,-0.182364512497686,-1.82706087456677
"S45",-0.183740638000413,-0.103294154894421,-0.749638555784426,-0.775388788385811,0.891585091149051
"S45",-1.22897733669174,-0.195032387386374,0.198944456868619,1.40851284362012,-1.31394176191703
"S45",-0.177498162467461,-1.41467112674683,0.044946238023725,0.727136835665497,-0.892991403301429
"S45",-0.574609953927913,-1.1346636763361,-0.503178308931865,0.140400653586579,-0.888766505758981
"S45",0.933074174673473,-1.37728652551407,1.40385184544495,1.84260881253809,-1.23954775301968
"S45",0.0917403663140046,-1.42983015633622,-0.00460009828371445,-0.548983751377178,0.666239137178024
"S45",-0.785151824932638,0.987137198068213,0.726028417688993,-0.364467549155902,-0.318923781819954
"S45",-0.130159655726247,-0.915486669845024,0.0940817577309514,-0.844111423707522,-0.44596467324915
"S45",1.19033307344513,-0.514901224328154,-0.288207894781656,-0.662599566234695,0.945505462361023
"S45",1.96754617434529,1.51436617051402,0.0570577133429517,-0.788749277872787,1.13928665584942
"S45",-0.0626278245735082,-1.08107975920526,-0.197409318911613,0.346703381023685,-0.512350896431313
"S45",-0.0162357023121403,0.468777095242085,-0.166232933562039,0.058344361066433,-0.840829108822302
"S45",1.3848599218472,0.234942416099785,0.22017838169299,-0.0127502729234695,0.871685028411767
"S45",0.83248499465496,0.338047128408069,-0.859293414996721,-1.13303669569099,0.903685905259117
"S45",-0.142148920753208,-0.582973580431732,-0.402084439245914,0.425205586918805,-1.13762589492019
"S45",-0.610397390591387,-0.57618854282385,-0.394094732798794,-0.445699953190316,0.804842811394642
"S45",-0.645398785420941,-0.162177177602871,-0.574503340781934,-0.77935757474455,0.949701723503407
"S45",-0.0307679405720429,0.209271764850068,0.238326449346111,0.42961277754433,0.916034445828736
"S45",0.298275021337072,-2.19228808229197,-0.73826223696502,-0.544624537261822,1.60463322992404
"S45",-0.467146021134867,0.0476145664897979,-0.978989361251903,1.10240113813704,-0.434431809237705
"S45",0.229142908302874,-0.474374417925585,-0.0678432560111263,1.25434456228316,-0.534286227133352
"S45",0.171317608701144,0.260575865412336,0.52421096953439,0.143030675638311,-0.241548718436538
"S45",0.651563175618796,-1.08197314319683,0.0142092870114283,1.1256746012199,-0.400408853880597
"S45",0.454152238323751,0.64948977006977,-0.313181733023577,-0.550396557110407,2.17520872065126
"S45",-2.11462514286288,-1.06734138138021,-1.53134548499503,-0.046115835035371,-0.9514682897022
"S45",1.47605913056003,0.330955631863388,0.286498730850438,-0.00510398481448924,2.37963656719595
"S45",0.0764942727539991,1.22928419027483,0.87376880240967,-0.357738734974626,-0.928594860103635
"S45",-1.40395474884667,0.29186900655225,-0.656731737547967,-0.188864292468947,-1.82934716326689
"S45",-0.121944398457414,-1.71259536597732,-0.952834604901562,-1.92782907548923,-0.45576610262366
"S45",0.401377382787741,-0.293440877100429,-0.036285533216873,-0.656720924897031,0.511167633525972
"S45",0.389600250048968,-0.771094606820946,-0.0287846698448921,0.692480043127415,-1.92476710564744
"S45",-1.03708521948068,1.27064368777526,0.932324539818827,-0.492426837160753,-1.4322187393333
"S45",0.284050890939708,2.36688070451052,0.77368106540977,-0.0375725349653122,1.67976827850181
"S45",0.457866856685257,-0.590909296748487,-1.11227274486779,-0.753456272570307,-0.00271652518510365
"S45",-1.54951801122631,2.00826578488987,-1.61036081513019,0.286997983894722,-0.473140526185044
"S45",0.461854698994013,-0.103463219699461,0.583917722754341,1.07958794747575,-0.367497089911174
"S45",0.657799135411238,0.929141158467012,0.680998164781442,0.868913102252387,-0.797032075069774
"S45",2.01584848992589,0.328878549396094,0.599403691299983,0.307255627797924,1.49452823959206
"S45",0.474533929275756,0.723895101087515,0.0111247282967881,0.801030941196519,0.620856090277428
"S45",-0.215480076020711,-1.49368126881841,0.697452965841568,0.338151389223757,-0.271384636341609
"S45",-0.488118892138454,-0.847239372802276,-0.715397943729457,-0.255078029130121,-0.292696057477167
"S45",-0.381385553377046,0.427707001672812,-0.13200061982423,0.861313249383454,-0.450507783121944
"S45",0.645508414056552,-0.435488670359166,-1.11547047541206,0.119366820476389,-0.0691721886000051
"S45",-0.0294493290771733,-1.83894640185578,0.0409429491283815,-0.00612220788367228,-0.937115427458454
"S45",0.741553601293864,0.218483331486551,0.912405831800134,-0.109736969984803,0.949547442299112
"S45",1.5196463337275,0.532272618792823,-0.210983351916093,0.313450075545044,-0.0248770360648519
"S45",0.0816198332099987,1.99526722068248,0.231522091640898,0.514250042997415,1.14928171615945
"S45",-2.50359882477675,-2.28699304471436,-0.806071796145874,-0.00718419473742384,-2.71364827810388
"S45",-1.37877632794459,-0.952855710236798,0.319788680727966,0.248970934221425,-1.26294305539257
"S45",-0.93812676827367,-0.310157731669341,-1.18527039754028,-0.76483094419103,0.259606857765443
"S45",1.64537716361829,0.630414545083508,-0.444305820860808,1.05045498979013,0.719360212157678
"S45",2.15099697581543,0.290362029182558,0.639803364610006,-0.702549270935303,0.757475471326047
"S45",-1.74430291580803,-0.513847603189411,0.0470235206157117,-0.639943468174459,-0.623246399395235
"S45",1.2011819584353,0.558548319654538,0.242770540201465,0.132766402065998,0.616550570549106
"S45",0.180409426075341,-1.02927211181907,-0.274299083970137,0.524268940600384,0.207691091748231
"S45",1.3255904240198,0.762420787176307,-0.237488700217108,0.850271106520857,0.520601352625232
"S45",-0.326849400984931,-1.12647513558119,0.767086221720314,-0.301007649489661,-1.58000760459179
"S45",-0.634078363147866,0.892224025782975,0.291365892889561,1.13095134310686,-0.0215428097701103
"S45",0.162146952984309,-0.292465142070285,-0.827432431321677,0.935080533407182,0.655306505171867
"S45",-0.347295755008529,0.0623358770121575,-0.487837718574457,-0.844983765869659,-0.197030727346219
"S45",0.417325563010496,0.830071972738247,1.56417124659776,1.02096521703186,0.176220580844294
"S45",-1.62495430222806,0.50140719439559,-1.16841595153945,0.536362566148021,0.560203925676674
"S45",1.36612735549484,0.707368981802086,0.557236308866949,-0.461930965624032,1.08719924454911
"S45",-0.479221361154023,-0.359119890156055,0.6538927701976,0.0326186279830511,-0.0209269260488103
"S45",0.39587506071011,-0.0320147743059075,0.473511817163053,0.209264327772147,-0.794764552663136
"S45",0.116172473316339,-0.300991649334097,-0.0813702085627428,0.404131584030312,-0.460002606867631
"S45",-0.491131254779335,0.292531759566405,1.30164461160901,0.024855097198832,1.53106143321298
"S45",-1.54996786896422,-0.684287953864663,-1.67092130893967,-0.0642797969319167,-2.30224704036411
"S45",1.27005979890203,1.35734329325675,0.371782905862028,-0.681180277602759,1.23535963540114
"S45",-1.01369227493984,-1.12207309132363,-0.753561751051751,0.187727035653194,-0.324116754359689
"S45",-0.566666732453071,-0.944589090407509,-0.303079493208551,0.768495683794633,-0.0184824921905044
"S45",-0.37521697056522,-0.476464877629978,-0.234443685783019,0.246849548183728,-0.313539200822119
"S45",-0.103496389725757,-0.935736309040647,0.150959181781227,-0.877953399918474,0.361006870241342
"S45",0.850397820462512,0.0612173811764667,-0.256442483294612,-0.563914846622404,0.676530442870952
"S45",1.22051020622105,0.581593855731934,-0.00689614360437604,0.505347778186676,1.45294840491106
"S45",2.18529499507964,-1.06642640952487,0.1802191650359,0.384287305764772,0.676129242975324
"S45",-1.75955979074398,-0.633298162551427,0.405261001545205,-0.816408545465329,-0.691445048125708
"S45",-0.37203777995106,-1.45136026620178,-0.862645119444724,0.613010382268921,-1.013454061759
"S45",-0.386530105027895,-0.761054635995152,-0.0780247820361316,-0.380355665027195,-0.371381427981355
"S45",1.32285915590444,0.597499880623823,0.650639488932616,-0.278893084796993,1.75109768489417
"S45",-1.06699086124548,0.91676858129749,0.754643566862857,-0.245779043912643,-0.635939170258332
"S45",-0.0671121610009187,0.425520277183949,1.07132259915991,-0.550204759371307,1.26510273024964
"S45",-0.943905221969748,-0.234249103137254,-1.18195171239955,0.72470358940206,-0.475972596785003
"S45",0.648792361580558,0.15785108441244,0.734464783004017,0.763773364201421,-0.625421325475882
"S45",0.685982245039599,-0.405926936490882,0.643046725037515,-0.000294419672663405,1.26282438688754
"S45",0.548725121374051,2.00603179396021,-0.22321744237776,-0.126248654479037,0.225892177290804
"S45",-0.86624469042774,0.314529071285841,-0.269368797783982,0.332698150763121,-1.32747380468181
"S45",-0.0398264267909942,-1.26456140093933,-0.498513805907062,-0.0900241981907595,0.656839328854962
"S45",0.121661006125834,-1.09792071825001,-0.904085136817167,-0.660908539739107,0.42413121526035
"S45",0.782227988491215,0.654143677705901,0.253983717770748,0.20761435813135,0.0490490466376255
"S45",0.647811709254363,-1.02445484041795,1.27211138984639,0.164963548685671,-1.70180196925921
"S45",0.959992533775182,-0.580546855390843,0.414505572623186,0.788001461995568,-0.0124869074840361
"S45",-1.30718906101024,-0.0338495034543563,-0.0901167434115469,0.731083096058158,-1.36908605366835
"S45",-0.643311131860955,0.0605023025276318,-0.187603506439392,0.55548237008021,-0.0567941841153038
"S45",-2.17174940001175,0.981375758352181,-0.879075919362238,0.667734655887875,-0.552230094277292
"S45",0.497594124149208,-1.32864671088503,-0.612719113904351,0.296276198354013,-0.0695607603089592
"S45",0.511477319485793,0.855033250402573,0.596955879895565,0.387296500392916,-0.662168304734083
"S45",0.164397965033249,1.0130747573433,0.874550044113485,-0.048712277727622,-0.519786975539958
"S45",0.904072811438614,0.079236645105533,0.476198088401791,0.920012443017233,0.646035906288231
"S45",-0.407941246779981,1.02690739731469,-0.921745034910311,-0.540773527094474,1.66996549269364
"S45",-1.48436138265358,0.171932266089546,-0.348436821313744,-0.454399101258579,-0.266690707255197
"S45",-0.720447966552861,-0.0394014150417511,-0.00834330650819856,-0.762111626667267,-0.168685335553191
"S45",-0.880216023490787,0.676493682990324,-1.43883121780949,-1.94467816616366,0.912274246979276
"S45",0.438925515243039,-0.341078335176821,0.703445873163093,-0.0491784619186141,-0.817879609993094
"S45",0.756506554859682,0.0936283908678023,0.0796720361974527,-0.867231370405598,-0.0780628297357665
"S45",0.507807863153981,0.779919326568681,-0.583927685286938,-0.488018408522909,1.04840603804174
"S45",-0.237010243371222,-0.242017399432113,-1.15632674148557,-0.815186922023936,0.646712058449736
"S45",-2.98032139620272,0.127233376635452,-0.535266870395101,-1.08401822363509,-0.953886265354079
"S45",-0.29957216181684,-1.14710082558023,1.32669254902972,1.29024252224688,-1.49832833422853
"S46",0.934425774030585,0.602803581014032,0.412014845752895,-0.681439491036415,-0.123290553262657
"S46",0.498191651869491,0.332596681964855,0.107281422878959,0.32864850306269,-0.268387536312537
"S46",1.60147163760179,1.08542603362411,1.80500793989577,-0.142959715581847,1.13520016436272
"S46",-2.07323585608835,-0.485613379031882,-0.113600715623271,0.293218347485485,-1.9469122742956
"S46",-2.12070704693736,-0.527103124385437,-2.14159067395713,-0.143509159632467,-1.73703701532964
"S46",-0.0831643192175351,1.59964940672634,0.897755981881776,-0.0273703578480274,2.33204270014066
"S46",1.1134069585071,1.22284207666947,0.417712362049252,0.199989929298208,2.16630327186896
"S46",-0.842135087364077,0.36752285378261,0.877183518908456,0.262331566375943,-1.22449614208922
"S46",0.349878451201732,1.70505310597446,0.544592399242739,-0.571139327221866,0.197438321467944
"S46",0.0711184250395498,0.782682484540738,0.286863177595999,-1.00880427343398,1.61241974278997
"S46",-0.433489020887939,0.38274441200795,1.18923758416364,0.502478910198024,-1.58489924817008
"S46",1.30631324435013,0.732933034332061,0.0906165405726175,-0.0048689484577302,1.60823323129572
"S46",1.63602685502011,1.06535961908132,0.439234393339711,1.32499072807501,2.01507218275235
"S46",-0.268670539911773,0.489888864595841,0.749432795054681,-0.423082831874028,0.446865823690003
"S46",-0.160149010554039,-0.0852960887636306,0.215274391813377,0.21886967839039,-0.786975022203432
"S46",0.495094693711878,0.825803675517918,-0.355580718629793,0.214414399305112,-0.526217982180469
"S46",0.432019673772934,1.02920876683589,0.370731059416546,-0.697600805174973,-0.512646286890169
"S46",-0.293405810866528,-0.962997556110048,-0.384004745149512,-0.560403443832067,-2.01595252345909
"S46",1.47811827520521,-0.0849290220092098,0.192480592048204,-0.115692197489818,0.986205638218202
"S46",1.51929126978189,0.834528708625507,0.626705565017609,-0.275565574327805,0.753993749095336
"S46",-2.19556132926045,0.394383713121276,0.417195867784942,0.524589519274776,-3.60709608849714
"S46",-0.643816982966677,0.214719860783447,-1.2900960420147,-0.576530568903266,0.423508495157071
"S46",-0.552460463748686,0.0418979677662471,-0.709111528116522,-0.177781610882403,0.0539899094988354
"S46",-0.690347073384629,-0.250295861198319,-0.0222947864434291,-0.0792711117466076,0.113563790977877
"S46",0.0085976624497317,-1.35144820854998,-0.508655649991797,0.983992595009782,-1.33658831011007
"S46",0.477675326841879,1.17163856972786,-0.384476603796937,0.232073268632692,-0.222513729416641
"S46",-0.11010435794509,-1.06381482855219,-0.000399823925312225,-0.642995786613937,-0.10667517572701
"S46",-0.821786551086712,0.752861723939984,0.103651027000306,-0.0198622296391169,0.338115291929286
"S46",0.24534233476168,-0.512715923366557,0.180710444933822,-0.0507641878410148,-0.583013388628961
"S46",-0.479337081304971,-1.72553962287824,0.0899458725949659,0.117234721704404,-1.18630209532487
"S46",-0.228553437166851,-1.83464846064748,-0.697877368560241,-0.0478459870558849,-0.403443375125371
"S46",-0.0554830288209821,-0.485748181007992,-0.761479428229328,0.626749801314008,1.1726630916336
"S46",-0.963466635632853,-0.971671311955794,-0.438989253635102,-0.807177187996998,-0.865402281070846
"S46",0.692705033710873,-1.01912901515695,-0.232802311490026,0.857332669440096,0.794306920533849
"S46",1.69766567577696,1.19189525075028,0.833000762511588,0.643801240150307,1.66801172249823
"S46",0.445924613292056,0.536459901937255,0.000308886574448406,0.155505596807519,0.43476421145086
"S46",-0.0810782254140022,-0.282905600183578,-0.355639608897581,0.328663722697939,0.182511855447603
"S46",0.999304945255745,0.655710366580613,-0.291249280520565,0.333306453270688,1.37771154615625
"S46",-2.30869554587073,-1.28317648058364,0.230169336786484,-0.0982004423747939,-1.97694976879056
"S46",-2.13717143548646,-2.68873436729785,-1.47215259770306,-0.305941705640759,-2.28965017678344
"S46",-1.20555517311921,0.015822047136122,-0.0919496195771558,-0.279150261591816,-1.70385073286928
"S46",0.800724159019991,1.29767493701437,-0.0633166550493479,1.40184586120305,2.07409550003649
"S46",1.03940068830626,-0.510049915582139,0.254321190160623,0.719514289830081,0.0520174799536998
"S46",-0.653942632588468,-1.04889133891546,-2.1564508498926,0.438617137142406,0.137985109255326
"S46",1.86756205735831,1.40871897648347,1.08531988251546,0.0404026077769138,0.903908867714685
"S46",-1.98831646424251,-1.48441232925873,-1.19902079133887,-0.165981072248029,-1.11806798006782
"S46",1.71122710214501,-0.596124127996192,-0.312847609602985,0.118656947889649,1.5953880232059
"S46",2.85850854291111,-0.151656719881837,0.856619855962788,0.794471462357026,1.15129142266701
"S46",-0.0567283805718469,-1.30719176711823,-0.480060791231651,-1.562122114757,-0.783857984942134
"S46",0.073914100954494,-0.80735353475227,-0.135887954861809,-0.465839282593636,1.07300919400211
"S46",1.20180838873664,-0.542468635774028,-0.175896820952827,0.946706684030045,0.530206273535194
"S46",0.784290304548178,0.856000075879453,0.387559508593206,-0.400195304815233,2.18007638681511
"S46",1.34953938601795,1.22978033411597,0.376078315014475,-1.39802226774198,1.13951946673285
"S46",-0.0968990695212789,1.33777239737111,-0.271179257446353,-0.751867265865465,-0.552359630618129
"S46",0.0936345791934795,-1.05424246775472,-0.851755320307857,0.660598264772662,-0.162583295104478
"S46",0.296616335377724,2.64379454873982,0.426141203255107,-0.433628582253966,0.893157658153147
"S46",-0.433113266604691,-0.224734323292316,0.540033318654478,0.60985057017423,-1.65819564274537
"S46",-0.747924709198948,0.645507048779163,-0.525115276705978,-0.0261950478423006,-0.495372308136341
"S46",-0.0599552791076163,-0.0011142676344289,0.426395804931095,-0.856382994996715,-0.950024505866249
"S46",-0.652049222132247,-1.61407914265616,-0.132078517104175,-1.36041800940471,-1.7595568086042
"S46",1.05522189745499,-1.42914812614483,-0.546234449373791,-0.554854017737825,1.63947924496074
"S46",0.0450953438777147,-0.124490814257511,-0.366338482957103,0.0455769768664608,-0.464784192328999
"S46",-0.862635298014442,-0.512959476768557,0.92369420887914,0.347186977791159,-1.81012957280053
"S46",0.704595728264509,-1.4011157016948,0.228751911951394,0.43344878486683,-1.03843026422337
"S46",0.636928977074997,-0.342796463641316,0.661226212282796,0.887774916729821,0.65814204040661
"S46",1.24913684553942,1.03606143146424,1.73252621105767,0.0860611268376226,-0.00619007889084722
"S46",-0.0342645329182899,-0.563299045283959,0.087497818459378,0.0869327253569315,-0.452315501690891
"S46",0.10711662950686,0.844550813838422,0.49195085112175,0.302503166469878,-0.0726622999059952
"S46",-1.1414850410247,-0.475291313273637,-0.118070528335495,0.821772206320916,-0.0792379503690503
"S46",1.26642407925126,1.50993913062807,-0.70880272340312,-0.140202258686151,3.28164017436216
"S46",1.18000999907341,-0.523444836219843,0.637453573204243,-0.753108584237487,0.0131265030871416
"S46",0.0697030363432156,-0.857009636119955,-0.0659982083806797,0.0535458033556644,-1.5327233329949
"S46",1.47566811229052,-2.03837411881798,0.588603886797911,1.03815542209284,-0.605358563885738
"S46",-0.58703317392816,0.139641118049148,0.0618705579065613,0.258753019245661,-1.30724161962529
"S46",-1.75148881031239,-0.420921471443046,0.158327087514453,0.864331718195302,-0.792771445224788
"S46",1.2353992176319,0.42465225016463,1.01664121683978,-0.50777027743805,1.32833538193154
"S46",0.327508242915855,-1.3861026015738,0.0811129039474009,0.0763906707925441,-0.578421498263983
"S46",-0.779654418077068,-0.906984016485153,-1.18870940169857,-0.1714581481926,-1.73118286154712
"S46",2.36432425996987,-0.255085645450191,0.545834018763264,0.829650378574531,1.57303033868726
"S46",0.145890855515733,-0.243285434800671,0.434565612187724,-0.073490788354946,0.601937481792119
"S46",-2.05359393821403,-0.847212390788204,-0.977037555197108,-0.71790019930127,-1.11660927669796
"S46",-0.121241715419503,-1.02474554540676,0.159476836877003,0.406996195568506,-1.14531492316462
"S46",1.50029470371132,0.513169312516954,0.134755216420124,0.115641098441913,0.794498204792665
"S46",1.68386153901458,1.07119204293962,0.784028419593771,-1.39860237630718,1.06427640420978
"S46",-0.182486042939987,1.70892223086706,-0.830604743856051,-0.581878063514869,0.950070041839018
"S46",-0.790221145455714,0.55220444118322,0.899948625656335,0.0227088753190627,-1.5815020124208
"S46",0.275387619245243,0.368706421429531,0.049937492196455,-0.503817625919083,0.637593624853799
"S46",0.157971999407405,-0.7893369440333,1.17488950169848,0.758443418533049,-1.9350031082396
"S46",-1.41289267347629,-0.374742482551911,-0.59543420818935,-0.147264462110387,0.228544650406406
"S46",-0.940942939273276,0.0510036138107296,-0.402209116761438,0.365592242519451,-1.59865410245126
"S46",-1.10059533277066,1.40813235617918,0.116160694136028,-0.126091235308644,0.981592696973302
"S46",-0.107507944771047,0.655794453968147,-1.4696451457955,-0.408462354384168,0.569998772643157
"S46",-0.63289089790799,-0.304445093662523,0.502252340637153,-0.430136101961114,0.256491492935114
"S46",-2.59951887118548,-1.03188111544697,-0.833396746202625,1.42650774007029,-1.7958216929044
"S46",0.0280607123492159,-1.73189237351824,-0.362700955731469,0.911159799923589,-1.16089451967466
"S46",0.285016277670018,0.897203581462149,0.877765981121462,-0.684559766896159,0.0204882565548717
"S46",-1.1564777109657,-0.994830058954178,0.478382919316361,-0.175614518244779,-1.79844793617287
"S46",0.403983765264292,0.869910977453241,0.210705240210364,0.947016551122868,0.054447830993626
"S46",-1.37346411377653,0.712290491837883,0.0411344748623082,0.0513818036440274,0.772834379108391
"S46",0.13347430042677,1.5575338755345,-0.101508276633642,1.42263689258727,0.0976569193642284
"S46",0.0191005609668176,0.698865588132846,-0.706693064443866,0.572028759812567,0.130518485268173
"S46",0.322450214352474,1.76892776007748,-0.4782883446784,0.468760459952794,0.781318304938207
"S46",0.365722488287827,0.953175996607596,-0.127314232934785,-0.321524533120464,0.205425520607117
"S46",3.9175545128685,1.04433365405644,1.28209658951374,-0.030331778026756,1.48928020629562
"S46",2.71666946062362,1.91564439142308,0.477044955702731,0.481681392584184,1.7623286018983
"S46",1.80774178154021,1.51314493620936,0.967917264323071,-0.474110267810926,1.3259983763154
"S46",1.98791621187238,1.07872066227359,0.561957734362143,0.947247670539074,0.903466917213269
"S46",-1.12542038909269,1.21180621430444,-0.518621363019649,0.537631000436608,-0.853408398223403
"S46",1.21377427360722,0.217118779626375,0.202437662748968,0.904418324254904,0.38487547417666
"S46",-1.46401418131384,1.38743939908246,-0.881575065395629,-0.671315508796825,0.613427692167367
"S46",1.17397537079698,0.899136676877845,0.132792147129214,0.545223358257879,0.842650463040434
"S46",-1.04433408441292,-2.19089152807574,-0.203680266604022,-0.313181382085061,-1.42319763519015
"S46",0.500282166799112,0.755703285804941,-0.170628399365301,0.0652359091076883,0.340897748231451
"S46",0.663626945834035,0.945686158652635,-0.796145459161648,1.19590958588202,0.483087672626587
"S46",1.42966213619649,0.97025110500726,0.992618804478271,0.110814641714416,-0.425450630367696
"S46",-0.698672011189567,-0.174368009713852,-0.283737974512265,-0.154389217450005,-0.762026219146291
"S46",1.74237163120102,0.820390699360226,0.631147492758537,0.224578110770075,2.19848232492272
"S46",-1.16049212835504,0.13823991860909,-0.780318903448603,-1.36851785253203,-1.25309982561343
"S46",-0.0578095594295984,-0.136260293652971,-1.15206279882796,-0.577872724901377,0.584586483905484
"S46",-1.19248375511942,-1.3494919376194,-0.785321538936862,-0.138032195215882,0.494552613269708
"S47",0.41141169558685,1.06290427924882,0.324529999067438,-1.46399319730077,0.488753916867825
"S47",-0.360770202096313,-1.38151205510976,-0.838311916968643,0.669299166251347,-0.924637729437843
"S47",-0.8232470992282,-0.272393739634132,-0.425449591391696,-0.50729308481388,0.418908013439891
"S47",0.179011428914746,-0.0983895456809298,0.139127040368364,0.767516431254485,-0.66067267194238
"S47",1.13781262109935,0.37745811341038,0.729804010431767,0.224014102100837,-0.614682230245364
"S47",-0.828963119178412,2.53982272199676,0.220183199445984,-0.117316743998284,0.66451454393333
"S47",0.109457507718549,-1.12530445405827,-1.0788809501001,0.115799635252139,2.17184445519784
"S47",-0.432700927040706,0.620117388548154,-0.998998892990252,-1.15560924402803,-0.0505720296367037
"S47",-0.295207939606262,-0.883224839937063,-0.0366932133056523,0.456430970793083,0.574447249416743
"S47",0.494356882986512,-0.160494708091134,1.0091410028246,0.139614818004433,0.281831545960387
"S47",1.32431655109006,-0.190445505696054,0.345748033725486,-1.49526819168719,0.731654770120398
"S47",-0.57772603138572,0.974317614676713,0.355456051565617,1.60490937829925,-0.452023981289622
"S47",0.70613609959826,0.918817642114892,-0.578956383115618,-0.0559824215154159,2.52776485010147
"S47",-0.528107036571939,0.170102464682226,0.813279843686832,-0.856551235555806,-0.911372677715155
"S47",0.0980711763549339,-0.391071206192287,0.24966629624168,1.18323114118526,-0.586287792802428
"S47",0.924992970866145,-2.20378427866276,1.9034621411891,-0.990431306092764,-0.0025076619410298
"S47",-0.827373086725509,0.791170252342486,0.176495808853392,-0.219338425061832,-1.03132602052438
"S47",-0.331899351412858,-1.1939576003826,-0.0245681669869147,0.313314203888036,-1.31091619945217
"S47",0.686992487930902,0.146380869612082,-0.0793758259179843,0.668402210142553,0.273338849628184
"S47",0.0769376854003857,-0.23440311919385,0.517968512980956,0.704625638436502,-0.347420147143809
"S47",-0.202875115359403,0.0172916922570202,-0.102967477430589,1.20344070062937,-0.177932746193879
"S47",1.52613469649773,-0.306274755070983,0.0881162557886969,-0.780969294879232,0.624026909666185
"S47",0.0708804799594141,-0.561652415924202,-0.728801228934891,-0.0348198800244539,0.914388351201996
"S47",-0.659229529531257,0.22282681979071,0.165089367500516,0.518742222588195,0.141732669707482
"S47",-0.627591821283237,0.0529414556284586,0.432100771782716,-0.151272582552594,-0.733052349458139
"S47",-0.736909559750207,0.475751601190716,-1.06674846435993,-1.28762244108855,0.0598048192041287
"S47",0.929610546584718,0.351117662072785,0.346251917379024,0.163131436393896,0.848516237014332
"S47",1.74445905799181,-0.613464919795039,2.10850554723093,-0.45904448902434,0.318283307978472
"S47",-0.217103771446488,-0.217562217522495,-0.0423860299014055,0.0845912562018899,-0.779005671788713
"S47",0.271059549619113,-1.67240858013604,0.645654225779537,-1.17216030576896,-0.579607433377902
"S47",1.99999197797066,0.681562234603756,0.502029095661831,0.854967607637894,-0.190296369625899
"S47",0.805949943479338,-0.669343653168494,-0.139489570150498,0.320565181694454,-0.329005780796543
"S47",-0.647420826457395,0.751772179952164,0.888602015772867,-0.880616031028313,-0.162457397947985
"S47",1.23937502942415,-0.146046626849251,1.47865614741599,0.708672841315736,-0.755242826455758
"S47",-0.0443011002384887,0.11607181544199,-0.391180683312091,-0.80025417997505,0.386876001660927
"S47",0.143290229106185,0.393171144705138,0.53314290352905,0.14910960498242,0.63693573138395
"S47",0.375057813326587,0.440696004134885,0.594148668744488,-0.590545781475375,1.09705043588911
"S47",0.18096726113561,0.0822543066605045,-0.693369760710098,-0.250925481231353,0.151920856637099
"S47",0.666795616265034,-0.288629681573312,1.52393206813541,0.309183720432201,0.166610696350357
"S47",-0.279795746401741,-0.993953667532873,-0.493932295950117,0.383556504472492,0.0957338260226921
"S47",0.220514469167257,1.1056491304254,1.04932917631559,-0.194020279355038,1.37169251716177
"S47",-1.58057111695528,0.0190008535734572,-0.0467850886461273,0.392859980430319,0.263185672159987
"S47",-1.59858981375602,-0.858348218142037,0.807286133486306,0.446050651534942,0.394294926742541
"S47",0.906571221048006,-0.387868059084487,-0.0748240175653976,0.14605121796052,-0.69539339162741
"S47",0.231875674375897,-0.185592326138224,0.960833147899774,0.372504147125567,-0.884516078481829
"S47",-1.01317642167904,1.92291555129049,0.171869585053019,-0.92998780769992,-0.851270540739446
"S47",0.962990528512597,1.14614061031243,0.900985933890978,-0.567200796926397,1.08669046492253
"S47",-0.314204697142687,1.62065751447122,0.534924953768794,-0.206615839390203,0.0253949162473873
"S47",-0.106296197109667,-0.63445828073372,0.193524397360332,1.21338579264992,-1.00877129585531
"S47",1.76149031539037,-0.4229129091564,0.782749728355216,-0.272785220020723,0.29366839419276
"S47",-1.62969556515473,0.861516021712603,-1.48790841450029,-0.689570474441599,-0.801720772810899
"S47",-0.11656550848304,-0.212567297916295,-0.155632116507193,0.143454357612007,-0.170572275341062
"S47",-0.145359145269199,-0.940765090730433,0.688824905170845,1.36137009238105,0.668727389711221
"S47",-0.678476178517853,-0.181452830354968,-1.3246342749188,0.104783760670947,-0.506131289583225
"S47",-0.507936182820089,1.38521052692175,0.109597232146297,-0.0329201780449726,0.547346898465901
"S47",0.195483414308917,-0.33379444766879,-0.5851124847076,0.0594594340233555,0.230840325614455
"S47",-0.715677873147974,-0.133096641545506,-0.363478604975361,0.854978099670754,0.360686784566125
"S47",0.631284021987026,-0.217742869000907,-0.807056144448127,0.744204545125052,0.89335814026335
"S47",-0.945938457127623,0.358253154427629,0.192137381104743,-0.298024019655608,0.855591621904447
"S47",0.193691660785247,-0.36240364386608,0.175576456368784,-0.31105084169869,-0.413771416436351
"S47",0.742388272907823,-1.55465532117391,1.28996290974907,-0.155706861108129,-0.591291158723025
"S47",0.120654089592452,0.463947793390421,0.829545690338002,0.700547476264549,0.0455369806565144
"S47",-1.12633459650996,-0.616495721946978,0.377345074565746,0.120040138090763,-0.349241450060646
"S47",0.169524419754508,-0.0232634042085575,0.339394801797853,-0.267964855321524,0.638990835860611
"S47",0.599356262068053,-0.368307821653006,-0.0231951831747106,-0.109468230530771,0.3696864227663
"S47",0.221383603406847,1.4279670861908,0.533064285365589,-0.211489028373908,0.8682883820568
"S47",1.33503723929698,0.636708126712075,-0.690800940517317,-0.226712566589592,0.924529943685973
"S47",-0.487118172563828,-0.25452744737505,-0.400945568708731,0.878865901350212,-0.927656148241956
"S47",0.297388369964286,-0.973445789550821,-0.0242324244162831,-0.211455040067087,0.53045582817624
"S47",0.156706254298422,-1.14739308738119,-0.00458999876775298,0.971058407615104,-0.216289489579105
"S47",-0.582012939377334,-1.93464458324591,-0.417357257171992,-0.200449075041444,-1.41215842492286
"S47",0.0890783865158412,-0.0224619099562988,1.08305240456812,0.908166966529053,-0.210338815424719
"S47",-0.90560501149267,1.24230563231782,-0.28992620975663,-0.913233645518216,-0.513859356745063
"S47",0.0128579460160805,2.28832048727541,0.422419722685084,0.0570731502995461,-0.0341690157099547
"S47",-0.302657526218887,-0.84662762505242,-1.31144671743444,-0.807269830145714,-0.0554955620777764
"S47",-0.853763041846971,-0.103891678774073,-0.759664774204654,0.410291343817088,0.877424669910386
"S47",0.0812293291378169,0.434655004845149,-1.08198344247806,-0.301281916167724,0.791346855692225
"S47",-0.144667008793095,-0.261035756130558,-0.36826791311162,-0.210208665787294,-0.247209502559856
"S47",-0.597491215866412,-0.4682460504399,-0.703266735352954,0.456631972970169,-0.941768441651699
"S47",0.0319124326450221,1.58606594183739,-0.260855824012326,0.31632221257922,0.576164713065489
"S47",0.145162838916423,1.46471189986179,0.697991792094744,0.292753034558011,0.567243737820874
"S47",0.242004636345621,0.267967037762461,-0.086608620015711,0.826232183427205,1.11039041929811
"S47",0.787142111458028,-0.637558249567229,-0.53315449478297,0.370327686493896,1.05221458689478
"S47",0.667645037929873,0.0661861331227998,0.333767547428524,0.91957665489233,-0.173093751171327
"S47",-0.996915407817137,-0.0128174600041002,0.525483287961076,-0.367287019710792,0.787260168557285
"S47",-1.71141353222021,0.290949559899011,-0.482497653868868,0.0191588882014166,0.709574188046545
"S47",1.32791474087468,0.169899236042117,0.640146391176928,-0.281201443033938,-0.0991061103547275
"S47",0.904268178962513,-0.107443112195291,0.780220647164147,-0.00649901700070048,0.0700758211633601
"S47",-1.01184513706588,-0.239132932802523,0.190136889396191,0.620985442497889,0.414799681504249
"S47",1.00510077347526,-1.43122562763167,0.58081538227731,0.335964175434662,-0.132728520742342
"S47",0.513667030137544,0.717105873602445,-0.224968961653892,0.670285934320191,1.07296379353919
"S47",-0.34761874525356,0.564015704618067,-0.568018255012246,-0.0765016297730727,0.593892237507313
"S47",-0.760546478761552,-0.127811828360754,-0.166190741407135,-0.223986720636255,0.331649819467266
"S47",-0.257926008462794,0.486677557612162,-1.09972060718951,0.619509542951382,0.443310563951832
"S47",0.836478741390714,-0.527688492557704,0.244242503109959,-0.0513887907411936,-0.814163503698788
"S47",1.07464935077002,0.237195549311032,0.543452750202514,0.414436797547474,0.248175339144391
"S47",0.532702745964107,0.238008951663432,0.690682101273877,1.57582266830152,0.423834273310133
"S47",0.797523191243719,0.0287363949493926,1.00078616704598,-0.6234168550004,0.259991366194794
"S47",-1.88859540857225,0.112824146341869,-0.0146704466658544,-0.796113222933498,-0.0223940422457145
"S47",0.481684947982593,-0.563329304625584,-0.589768183297458,0.317085735714436,0.38077529619403
"S47",-0.880719541674475,-0.42844811368754,1.02851875832425,-1.73402890404769,-0.711055763672705
"S47",0.209397994572755,-0.334533028398297,-1.24257270948856,-0.510449939473318,0.571336266610018
"S47",1.78616111756023,-0.673748001455597,-0.0520527861192956,-0.276492093337972,1.89003887149847
"S47",1.16887619513443,0.944275077097209,0.169020734371426,-0.0196747799625163,0.972952095547328
"S47",0.334699964446989,-1.74889013541864,-0.440102493266023,0.0383848248030451,-0.129944526786352
"S47",0.21340058657355,0.399672706487159,-0.364852781540049,0.383261368316373,-1.31047371469334
"S47",-2.18131498328247,-0.410901849522051,-0.966424035243607,0.453991652524214,-2.48284314056023
"S47",1.62392726958852,-0.351073311116545,0.911422812155918,1.46159970915885,0.0584401991256293
"S47",0.0722332459311709,1.30778459571537,0.57094369527188,0.852867765303787,-1.05990014802597
"S47",-0.401105412383379,0.688594637433776,0.249857992451686,0.996201411706809,-0.321991631183919
"S47",0.983226567328473,0.263678593971603,0.580906082637191,-0.493644848084951,-0.689361240058582
"S47",1.09974971134109,-0.848082995983411,0.240227945952444,-0.206237066747558,-0.351512476750583
"S47",-1.01695404368208,0.770971917326732,-0.247207387996765,-1.3023703643922,-0.786532730312705
"S47",0.66752216708121,0.46067761749009,0.473366068650847,0.300344997131333,0.58475654626344
"S47",-1.22436052014383,-0.755846600733503,-0.437515592329865,0.040177056051246,-0.439223472597134
"S47",0.984022938428889,0.157472044988331,0.608169977850099,-0.146762412534957,0.786685743104414
"S47",-0.419819136163102,-0.896153608966788,-0.197683784857276,-1.13501993540362,-0.526313742544445
"S47",-1.2540538869225,-0.691619799009358,-0.385036934377336,-1.63092000527112,0.189999027695837
"S47",-1.74066301232125,-0.924624550351893,-1.00588402710025,-0.164562234961336,-1.05763373596795
"S47",0.451994907797708,-0.271357370464758,-0.292068697703028,1.11928423188212,-0.0103338440021144
"S48",-0.938738479008536,-1.12680751040988,0.521199893373181,0.052645601354169,-0.233464741296077
"S48",1.47635393300844,1.00498306724665,-0.621066068743901,0.90419262932798,1.47718566649597
"S48",-1.23613627385393,-0.27690790456219,-0.8095058444168,0.494579248864417,-1.31530626785189
"S48",-0.645514440909815,-0.883029421634743,0.158907240903277,0.882604096766475,-1.06170324874251
"S48",-0.84311072710592,0.453065795508881,-0.157428984763976,-0.624659901212817,0.103072182475666
"S48",-0.169588570576323,1.25954145823883,-0.740905863891244,-0.703316388997269,0.181597907220798
"S48",0.0737225580626757,0.0789585727221448,-0.323918530675559,0.686878527296952,0.461155801309516
"S48",-1.24139884149931,-0.0513986596198376,0.0957038328228724,-0.0633887501023855,0.119400928904893
"S48",-0.70454631097899,-0.160499003187337,0.455950053243747,0.293853102553505,-0.799897755353217
"S48",-0.488101381794995,-0.798185323708578,-0.175831680402823,0.540420946659859,-0.108986109536192
"S48",-1.34071784284753,1.83965531748038,-1.19942972067349,-0.636246998878673,-0.148622168303429
"S48",-1.37738027867528,-0.312972834873545,0.0056637191205357,-0.743114534431612,-0.784891321019437
"S48",0.318916193981329,0.775450791824999,-0.933347601057523,0.281290863033289,-0.647759007555487
"S48",0.256163824636119,-0.554998369298106,0.303727287398197,-0.71120037122037,1.38649083210573
"S48",0.00735056280494534,0.0190921797881486,-0.44319038435997,-1.25700733933881,0.914952103172046
"S48",-2.18315638392941,-0.244398374154888,-1.28225077505291,-1.40493938578739,-1.79815216765198
"S48",1.14023822950295,0.872184214414185,0.122874098273768,-0.0331748761105454,2.20805541015126
"S48",0.0298970584987104,1.45876731749344,0.594513785661787,-0.190031616505329,-0.321429830760676
"S48",-0.546635658800472,0.794595655716689,-0.0384986303301105,-0.216973805579357,-0.734823388025446
"S48",-0.369995778438666,1.39317529831097,-0.802965284805018,0.821345198659338,0.689394149743307
"S48",0.581305344166731,0.331323751117385,0.0689753859165644,0.410403842401887,0.0893387110569099
"S48",1.05285697497789,-0.885432882301723,0.403135368194907,0.0356155085219052,0.731541537240377
"S48",-0.23364040976152,1.43531689941277,-0.046079489724165,0.503936669607493,-0.351626572151176
"S48",-0.0542817813933685,-0.523531572452283,-0.351958124978194,0.953672710854471,0.560546636886319
"S48",-1.25323331407495,-1.13180459965699,0.288827132667848,0.211345177103668,-0.325625042831511
"S48",-0.457648296330873,-0.0110183058405699,0.226642816278152,0.126912854278085,-2.05066860982209
"S48",0.0445035980615234,-0.227103427346695,-0.393821340480513,-0.976041711876386,-0.0749473587715286
"S48",-0.773856074404364,-0.905026751893325,-1.26355140337638,0.442773100929153,1.04088210288653
"S48",-0.0253227615929844,1.58282791745816,1.45675802216739,0.795546136699392,-0.58681466142742
"S48",0.383107148434493,-0.869908249480523,-0.719201935918253,0.0368838382121901,0.199867102102742
"S48",-2.10655567688625,-0.930234214517574,-0.0422877422480795,-0.589438428077994,-0.994369944348965
"S48",-0.837845147284531,0.16638639318472,-0.174882283366835,-0.392998861620223,-1.2011026396285
"S48",0.0432469179298275,0.848959382840002,-0.159801897100698,-0.00367049818686745,0.292474112989296
"S48",0.670964665051932,0.789181189123099,0.314577708926573,0.607316553590932,-0.482624452069507
"S48",0.237274567717652,0.719880206299499,-0.102834227206157,-0.634033891383116,0.205346239858514
"S48",0.23415735573041,0.318198041545669,1.24443928336908,0.11734479699469,0.343372032850394
"S48",0.0804200361419204,0.79625444041634,0.486143538430079,1.02692001175408,0.733069486255973
"S48",-0.186358576381038,0.536363628109225,-0.531899110893521,-0.0908079873073446,0.450698957751535
"S48",-0.077670125086911,0.430617096348837,-0.622745113406476,0.554425266734301,0.349710041972719
"S48",0.552596052105414,0.980160426712302,-0.484385494736758,-0.503140497387789,2.8787636265611
"S48",0.939670745138564,-1.15823528285028,0.485979532983464,0.345091811165619,-0.0489288439698722
"S48",-0.266669254536225,0.63275421265761,0.0111690145953306,1.43861046949589,-0.162995755909547
"S48",-1.14919381595662,0.0428798201458041,-1.14752094542714,-0.593218802709652,-0.263472498988708
"S48",0.669697857207123,-0.951884846769179,1.16004482468074,0.336524467947876,-0.0757384053955076
"S48",1.70382079608622,0.117447628123387,0.221350561440141,-1.95166518883583,1.681404329845
"S48",0.35007555219791,-0.126484740170696,-0.152868537900648,0.133052470821631,1.08090658920823
"S48",-0.728957472580985,0.533272395604569,-0.335878585692902,-1.40673521646508,-0.59111129159049
"S48",-0.740853546408512,-1.61339929626039,-0.356815052487425,-0.0305812834915799,-0.649388985839608
"S48",0.19104979497723,1.06736353456304,-0.134158268532991,-1.32223272261853,1.15021931726439
"S48",0.707667137501543,-2.18487015043031,-1.11846231436411,-0.707944239560442,0.308723656202459
"S48",0.89821927904731,0.316533608412177,-0.526292964739069,1.31031477797242,0.220348803858758
"S48",0.663882082566608,1.7266197701915,0.202121617504719,0.0687778817351224,0.895872947679986
"S48",-0.892885282211005,-0.58574068475403,-0.479469553038502,-0.21808066678148,0.762947198748686
"S48",-1.28823939954722,-1.27242842866141,-0.856881224706262,-1.1257687741073,-1.26433375835462
"S48",0.00756905636355501,-0.978413859030058,0.077575299446716,-0.23703384730905,0.365836997642741
"S48",0.68955174098593,-0.975154904612452,1.18418959614892,0.621156759401426,-0.717485875036204
"S48",1.64233752084938,-1.24656998779574,1.46438169034053,-0.376285907153718,-0.187607412129917
"S48",-0.221322356579613,-0.649612570767688,-0.346900918916858,0.502498708762855,-0.401996821883714
"S48",-0.893012985479633,0.89707199059433,-0.161139479068086,0.419005705987031,-1.09251373711236
"S48",1.55334097452019,1.59318007765602,-0.386551021047283,0.435742188774596,2.18194694344245
"S48",-0.901928884326402,0.234072630521929,-0.536454167992779,-0.195398012482521,-0.18564859453857
"S48",-0.38516392437725,-1.57580277823155,-1.17863479559487,-0.058647465066956,-0.797083933007196
"S48",-0.123420382683245,1.18477658765845,1.14281662899409,0.390837102493801,0.3617946275777
"S48",0.939559001831098,-0.471472901319619,0.241548835057081,0.332722160296169,0.15863285912432
"S48",1.95698526150125,0.739210834570346,2.04273819912243,1.10764762045769,0.542212431112624
"S48",-0.0876569012172741,-0.916710151360578,-2.2695833910426,-0.679457670538063,-0.545921659105189
"S48",0.0744656287262574,0.270458459743801,0.644484848115405,0.252672576184486,-1.46115748234117
"S48",-0.155057266470669,-0.675969525453688,-0.916602766514002,-0.548195670894811,0.564799171631997
"S48",1.61422832360133,-1.01866553668248,0.977272996246941,0.342347565550053,0.982616928511259
"S48",1.01524013177524,-0.246228274749542,1.48269482324226,0.656714669326976,0.162611189655106
"S48",0.292943480225674,0.0777876225291413,1.02709033923418,0.60807321171994,0.762457630608162
"S48",0.269534028179099,0.75738337167348,0.170950744779864,-0.605031018805449,0.382579114929488
"S48",-0.405916629510112,1.2745930204243,0.121617076394833,-0.891884688270942,-0.523862639661215
"S48",-1.16220478366834,-1.94987743135241,-0.234357088987483,-0.206267344529167,-0.69915041694687
"S48",0.272375451703632,0.712704107259114,1.03581698679759,0.361426885289925,0.410960704813111
"S48",-0.880639339581514,-0.546277867785132,0.189339990093081,0.0809265894731536,0.558002731292622
"S48",-0.81893135451195,-0.215868393798323,-0.371161533339156,-0.0969157921968108,-0.851327744556185
"S48",0.323232774632386,-0.320150678419049,1.658391322436,-0.813316501138065,-1.6237572276599
"S48",0.782733376661452,-0.716782752883703,0.560662129782404,-0.339772154442492,-1.07619398288839
"S48",-1.56194931772992,-1.0809843083648,0.676523953086794,0.436270815226606,-1.82240425662978
"S48",-1.23201449505169,-0.390055679065035,0.0903354960580069,-0.671649560893235,-1.04376794188632
"S48",0.244773856853658,0.782915108157663,0.0663734925688791,1.16587053872365,0.0753155700794422
"S48",-0.00462310670218112,-0.260424224592006,0.0295244117054668,-0.238563269363908,0.1335927999872
"S48",-1.79360420968933,0.460818569863748,0.650501381397826,-0.275494047258625,-1.0334500584524
"S48",0.188590596660786,-1.85279889877919,-1.30023251303621,-1.79383116285585,-1.66170330267118
"S48",0.411416860074006,1.01017960387505,-0.734900711086078,-0.622233389267285,-0.811002329804
"S48",-0.68276084865343,0.423186753314735,-0.109031205774546,0.181509462158674,-0.0755504376255226
"S48",0.570367425548818,0.829260341753643,0.805767458679501,0.453747276946455,0.885578767666924
"S48",1.35064337043743,-0.119222020452786,0.158370976002638,-0.908686881047738,0.58766591880118
"S48",-0.242079970989317,-1.0354545726525,0.273120685693474,0.716191362164788,-1.66309570028008
"S48",0.0235764570797919,-0.816370991265597,-0.550565810949514,0.571397759177407,-0.330999228055882
"S48",-0.418636705060649,0.105921997167351,0.247532267912492,-0.300114893458598,-0.945690135429224
"S48",0.765592566718932,-0.702738466672609,0.706569290233068,-0.491157205172883,0.404744150226459
"S48",0.493333411722677,-0.510537259948092,-1.0538518104703,-1.39084818187101,1.99682620135046
"S48",-0.514965120719429,-0.0505401608687817,0.439239427951501,0.185435233369007,0.594454388743596
"S48",0.811831456759996,-1.43230439554377,0.163665493542996,-0.109467927868315,-0.239705564983441
"S48",0.071420875341396,-0.474617020056801,-0.825549201155984,-0.122408427742466,1.07996190111358
"S48",0.83271818603017,-0.0611938297800924,-0.691348390904352,-0.97798382036007,0.83171248252302
"S48",-0.666745624869358,-1.86196420804753,0.593790178342896,1.56649496650733,-0.126801354307161
"S48",-0.867143735174248,0.0215769115321541,-0.683033702103743,0.282533265698425,-0.926490941850481
"S48",0.323455635066615,-0.0732974439663905,0.216767081344921,-0.136705173727141,-0.765799908851712
"S48",-0.510730407116268,0.750244481135441,0.307158866186957,-0.329001456769162,0.377779093538279
"S48",-0.938634677123869,0.30457695949533,0.661339128565271,0.572029623114114,0.512412989049846
"S48",0.207953573327686,0.569845802390155,0.369585017132791,0.0189442494771877,1.32458905129548
"S48",0.756482437604024,-0.0786253968163207,-0.439110461107905,-0.26642404005771,0.219869335766607
"S48",-1.04791007897764,-0.926200678667893,-0.731196673826146,0.190771473632324,-0.547893031569428
"S48",1.05708538509968,-0.519497653245677,0.00267760416618998,1.83667336092613,1.04220288372847
"S48",-0.0287041712973619,0.255338406180222,0.718090997914645,0.751211649347423,0.470833328897273
"S48",0.857156533173279,2.32997627316488,0.623645561832125,0.903978379596385,0.376538580439717
"S48",0.506978317996421,-0.737243095054242,0.904738365497917,0.222776447422357,0.139952574501868
"S48",-0.605498116493754,0.333979336425409,0.328698106248615,0.406733885724139,0.820024047234695
"S48",1.54782957114285,0.156840133491503,0.306051402766739,-0.114673432967702,1.40819490419173
"S48",-0.67125289080198,-1.46013981597473,-0.518514990672587,-0.199162325664219,0.278632663635738
"S48",-0.313793549063147,0.745045660011101,-0.0963763942926667,-0.579915356632286,0.603193645382529
"S48",-1.87801132205228,0.25866036896296,-1.89267208687329,0.216465818786737,0.0295542517221016
"S48",1.2209399549663,0.117680484894551,-0.201558806724062,0.886644313506176,1.61744673054324
"S48",1.25124941107733,0.549300134845412,0.576329308228904,-0.349235749279614,0.468408973262638
"S48",0.693674555796049,-0.688517089343722,1.02035559485351,-0.239029583149767,-1.68268295421296
"S48",1.06736770426106,-0.504738949776803,-0.0928613617517797,0.0642580741302371,-0.628597034104129
"S48",1.15877429288936,0.871757421548871,-0.280680441402139,0.572208030861379,3.11301677711253
"S49",0.17393235490209,0.000114299603539689,-0.811297328752488,0.0508109928186109,-0.112130008477302
"S49",0.186250507420525,-0.990757494308357,0.117219226460871,0.752201488793675,0.0196424846618709
"S49",-0.687943304003515,0.128869819144003,0.209894780340239,-0.181048243252026,0.0890271242893028
"S49",-0.682593073483699,1.11970503313636,0.788073857591141,0.27119353516919,-0.195157051072645
"S49",-0.380869417222765,-0.295701129126601,0.331420609465576,1.58258774766148,0.583310436189132
"S49",-1.78217359905276,-0.163349580141206,0.26276682410364,0.892517452870172,-1.84586097520898
"S49",-0.864170809230462,-0.371780464673598,-0.702285764215622,-0.383824158313736,-1.10742965881575
"S49",0.422555363289318,-0.703739008915225,-0.281889411043262,0.950074027266722,-0.43992471606431
"S49",0.788522266289008,-1.78201435163016,-0.492924616486016,-0.378912852728143,0.260030958006158
"S49",0.0966062047877407,0.557397825055446,-0.507805095512909,1.12112699779671,-0.600133820927121
"S49",0.143460651172708,0.473859685330005,-0.305226473567958,-0.38396131185821,0.485927801451345
"S49",0.299941453952538,-0.0997305797142072,0.909180441305158,0.246423527088767,-0.800371884010904
"S49",-0.132100388720084,0.0776197690215305,-0.0343902239245286,0.417012479110138,-0.277398793605733
"S49",-0.497699626884356,0.826198840924816,-1.53587004191445,0.971928097249979,0.154880687283178
"S49",0.443506522915728,0.562394884719921,-0.987751901544701,-0.19868749960416,-0.379036474237864
"S49",-0.298154065230344,-0.116227688672437,0.533371414926628,-0.593547494558014,1.11457785146558
"S49",0.825309780565943,0.749964185457284,-0.6551563665727,0.0301221526912508,0.480817184758838
"S49",0.915311716325081,-0.40528975667333,0.610009478788824,-0.0966133361205212,-0.452164856010605
"S49",-0.247950809210956,-0.567144791131759,-0.500358231940923,0.266077377800672,0.0539810536819902
"S49",-0.456716519873736,1.20394690848115,-0.109507220065951,-0.473003086196555,0.453001607628064
"S49",-0.716384396894065,-0.543072984948459,-1.4029780638385,1.00065194963472,-0.700239408769137
"S49",0.0665882189692669,-0.212509100211936,0.431433559093049,-1.81004806683542,0.478765394101684
"S49",-0.640758816124476,-0.339935241186536,0.899525664744752,-0.690024212872686,-0.393677165912298
"S49",-0.713389976906714,0.302049503100223,-0.484959174091022,0.537885492540518,0.105429900372209
"S49",1.13703364564042,1.087993757207,0.673828275265894,1.10204424309772,-0.281280280600045
"S49",-0.268960101681005,0.760813527513217,0.387573882291227,-0.40180967679509,1.22357146569092
"S49",-0.12769522869118,-0.336409136377605,-0.896326241577912,-0.991377671476474,-0.392794347429691
"S49",0.14714514704216,-1.10199040448861,1.15085938415124,1.92448231169041,-0.523763536196109
"S49",0.0539051542079956,-0.909249324590545,-0.350089487588911,-0.171038344983037,1.00418273139108
"S49",0.775688688756774,-1.79312220651436,0.556650890334138,0.410041356466825,0.805530218217138
"S49",0.852634974897078,-0.573560443856296,0.353323860141378,0.399997096769378,0.876775577754084
"S49",-1.29645803599912,0.207679266073809,-0.443709360743317,-0.102705730376507,0.337764305705149
"S49",-0.665805744353147,0.987488614254737,0.0587268404238591,-0.146489066155934,1.44951825321671
"S49",1.3912600029982,-0.139591697621011,0.207871341551169,-0.57796990599069,0.889250881245996
"S49",-0.352160322834006,-1.52036842497522,-0.883619921311271,-1.11187589755798,0.482538865103198
"S49",0.596260749445845,0.138406612321784,1.65075760095688,0.162460183775164,0.405335567743699
"S49",-0.185916776090813,0.22709696769563,0.467828373309695,-0.348073810299715,-0.340784243500115
"S49",-0.462464729933604,-0.404026797192556,0.454111477803757,-0.513372224878779,0.161355282513628
"S49",-1.46528119665158,0.265502287479262,0.110847304960131,0.541354276765821,-0.362985224593574
"S49",-0.96916068838178,-0.284663200669659,-0.694683844041895,0.335648358357729,-0.546182992377986
"S49",-0.454023088590689,0.407344591316604,-0.866256864928673,-1.54071180334862,-0.255802134614184
"S49",-0.431657720160762,-1.46953315616744,-0.0273753489727771,-0.37156742819334,-0.402486008423074
"S49",-0.754800942328187,1.05026383483542,-0.0986818916420982,0.52491769757712,-0.0232349196691469
"S49",1.08373584525758,-0.059227005274623,0.458954321296037,0.0668166726881263,1.12315912606883
"S49",0.22827560130669,-0.385416496459454,0.994063610804649,-0.590931228156722,-0.468237273600903
"S49",0.870279510290591,0.0301578108114353,-0.0965577266861582,-0.545692824295008,-0.210051828202305
"S49",-0.318577232474301,-0.904219375779409,-0.888041989970609,-0.776609544788859,-1.29811853842583
"S49",0.594038678733391,-0.619059889339369,0.57317880094691,0.0653137631841398,-1.44573096345238
"S49",-0.793064012095233,-0.131135500246754,0.0757924870834065,-0.70971682761458,-0.349508606931527
"S49",0.78961276530326,-0.85875260180821,1.22523802463722,-0.236287491520279,0.536349929683486
"S49",-0.0889553437468983,-0.455974361911598,0.93380045915406,0.108678201111889,-0.51222815211467
"S49",-0.976153962378068,-0.0471157901371234,0.639067796740269,-1.40747432144114,-0.698662381366154
"S49",0.729656648252814,-0.203205574807174,-1.16532804414481,-0.221199540016324,-0.917368638407271
"S49",-1.36808458114086,0.143029336614917,-0.582478381735057,0.458428712524127,0.159692011914792
"S49",-0.396170868041025,1.05949516377329,-0.416867663961018,-1.16980078902327,-1.08604662820516
"S49",0.106550005383717,0.329352297421037,0.537296793008664,-0.860767070339485,0.0395957704752964
"S49",-0.257694950294064,0.608384055718003,1.13056656137494,-0.753528158868894,-0.00339031650410372
"S49",1.50350085243773,-0.739328017873223,-0.408955501835,-0.416458222832851,1.30488201468832
"S49",0.316309415539649,-1.25477878946273,0.648450200600145,0.00574834260263919,-2.0481620668335
"S49",-0.612698212444406,0.540575828281585,0.531488365031725,0.0213557926454483,0.524273944199726
"S49",0.138212278101707,0.31040467357634,0.0782504003784993,-0.477465708480714,0.424251588457441
"S49",0.73319336382692,0.342768036572339,0.537995505407646,0.777614015048654,0.317471523877185
"S49",-0.0846289497827328,-0.251738199508903,0.501467406760788,-0.34485649870251,1.00550879832104
"S49",0.639387969804068,-1.34668437765791,0.144490132318252,-0.297094030947079,0.431825574112094
"S49",0.81030994174418,1.39729521697307,1.47232088571584,-0.217220150244651,0.30869324146292
"S49",-0.184247704258438,0.675999055757885,-0.996075217608086,-0.824162962325158,0.406274537857606
"S49",1.14114033280814,0.708721810874027,1.55505333705821,1.1746641461511,0.630137326805584
"S49",-0.254049945015244,0.982162724982841,0.357439667850876,0.320598224108611,0.444469546543271
"S49",0.627737374913434,-1.17956419405578,-0.560118749061099,-0.41510833742191,0.439672698104375
"S49",0.214606852856368,0.581474691998681,0.00859586538907169,0.453369287359273,0.215482667894559
"S49",-0.362964802141294,0.451773240058197,-1.21584057093424,-1.5890456012431,0.331324815048746
"S49",-0.220146187694802,1.39293183215837,-0.0660295348564432,0.79039380918864,1.15661109251004
"S49",0.1244448863319,0.461518735551767,-0.971482537530286,0.254210790467726,-0.177023111912349
"S49",1.43011975562285,-0.253341517481903,0.695531355918487,0.483402471689573,0.271410831901196
"S49",1.49487371101906,-0.757692613131653,0.202441909320504,0.378417033093176,0.339223822359633
"S49",-0.0231147078895953,0.0832367435804073,0.264466472896261,-0.353947906162522,-0.715301396741205
"S49",0.279153604602214,-0.78745112771738,0.111566292861545,-0.121786394276581,-0.480773565693696
"S49",0.562591039048247,0.839101947412,0.100048411319293,1.0682277227254,1.25836149712849
"S49",0.143611215564562,-0.911319797348511,-0.076953591388471,0.278279981685097,-0.771718252330628
"S49",-0.455932144436095,-0.304702642797773,-0.0969198034868011,-0.243319115964092,-0.358166483886433
"S49",-0.223414694409288,-0.320750628282356,-0.474198325952482,-0.121010588282687,0.890414933159766
"S49",1.50591453425899,0.0749898774473789,0.134436279315193,-0.208863437117257,0.403860304729456
"S49",0.928556787659273,-0.387019201872837,0.246031337336701,0.486362671038801,0.277310413079041
"S49",1.25703687120777,1.35134039976039,0.325446331787944,0.577321880361241,1.18844141241873
"S49",0.405807469915245,-1.15493670425317,1.11486009859262,0.769758240322249,-1.11290346583411
"S49",0.74865125742797,0.223832251070721,1.54336047130869,0.518733600838199,-0.937855522093412
"S49",-0.0839886086563864,-1.17919409903826,-0.274300973843569,-0.34375272120131,-0.807229894304916
"S49",-1.59326892141118,-0.192173652247263,-0.932354581172147,-1.62269765801757,0.016318689101198
"S49",-0.301428271305206,0.965265117258141,0.835109003435186,1.27791804167799,0.850770169584297
"S49",0.036660796995329,0.81533984393889,0.896462480953116,0.486363131801856,-0.208172618493559
"S49",-0.90369372016862,-1.21103766579624,-0.39048299438376,-0.0381094311827178,-0.675783873220643
"S49",0.804620157189367,-0.380048071857209,0.765524141712708,1.39473743646745,-1.4233668999281
"S49",-0.413835386273057,-1.28998876343216,1.29662672776377,1.31145121598398,-1.96300508648931
"S49",0.321044057217523,-0.526806890893756,0.72779921711479,0.680395750138677,-1.06637934049531
"S49",-1.60910207892907,-0.625808726998239,-0.737852526293827,-0.782056993821384,-0.560888071563286
"S49",0.508058375292466,0.806442491541751,1.00221315932315,0.15164464742258,0.294656170366219
"S49",0.14526562312745,-0.0781729982856526,-0.606508285323477,-1.12433553699698,-0.107302101592025
"S49",0.158143496101628,-0.136930774073258,-0.217674895307746,-0.178202204915906,-0.982140950195205
"S49",0.157724697162689,-0.334275438101035,-0.38287964104346,0.863242505930881,0.458814090465343
"S49",-1.97751173108504,0.903998580073538,-2.76855741278751,-0.909484313356635,0.561975996314449
"S49",-0.0846256689921604,-0.402626052756926,0.600137044184655,-0.257717551483246,0.128897724418123
"S49",-0.321208364951566,0.30342773582001,0.0229774849327907,1.69901871297431,-0.0192128252346396
"S49",0.30183562793745,-0.67108481005992,-0.55153465436681,-1.40631673642863,1.00480413955734
"S49",-0.486521451343689,1.21666073293448,0.402883475725977,0.147925102418305,-0.350015775270712
"S49",-1.69569711170025,0.856705450270766,-0.545683014078487,-0.522597002216238,-0.523912325589348
"S49",-0.296272822509165,0.084730531336075,1.21555311843767,0.83815854619888,-0.981494938621315
"S49",-0.98391529735824,1.1233172919589,0.00570506993650237,-0.127393991452735,0.201631124080837
"S49",-0.696201599500685,-0.87063709622483,-1.76815035380518,-0.70023986735897,0.370879397105628
"S49",1.17657432212816,0.68947148255966,0.614352645234048,-0.209073916992847,0.301180226747211
"S49",0.10862374386578,-0.101758282736841,0.037415063293893,0.820883673585432,-1.58654899392473
"S49",-0.485467423550598,0.490696083890749,0.925441766595727,-0.353836661874108,0.781249113832225
"S49",-0.296180256600707,1.62673177658074,0.489390918145888,0.840301748287273,-4.16593660435421e-05
"S49",-0.299711673841724,-0.0722402121805906,1.0682223247417,0.76928131601073,0.658841247917611
"S49",-0.204477465119867,-0.799116719249052,0.860380823859444,0.243917031211869,-0.424202094285352
"S49",0.505050241393836,-1.28038627057702,0.403605154723028,1.13996269298176,-1.17379277680585
"S49",-2.01844756993599,0.431559498289256,-0.871545582353557,0.219379756235059,-1.23113753735363
"S49",-0.3632537703384,-0.0693176660724322,0.107886292120837,0.220686416441995,-0.544844815801003
"S49",0.153356988514713,-0.865756142461124,0.0828449626032303,-1.43482362129305,0.464040444640881
"S49",-0.278969248742251,0.556965855960152,0.418733674234996,-1.69763614343315,-0.0105537143903128
"S49",0.30480112742706,-0.527792007141666,-0.734746003605186,0.837235237444804,-0.698753641307524
"S50",0.559037459352399,-0.0884030242222555,-1.21524706882493,-0.68745916175084,0.269660300641234
"S50",0.493649709131156,0.141184617031693,-0.536719379967524,-1.00203328179906,-0.106487997443954
"S50",0.190845960001769,-0.276584364495376,-0.0215858815622868,0.676934733472871,0.139382293087421
"S50",0.936438231883418,-1.45644004417015,-1.41815507530983,-0.577001408595858,1.5063952426179
"S50",0.195183765333919,0.938553427383788,0.332243201493989,1.31771536742209,-1.37013196012489
"S50",-0.568212960980273,0.156202315611985,0.381241060467016,-0.151597241109714,0.344691718229146
"S50",-0.211465932123916,-0.746255514523216,0.0750755130176926,1.18807312075985,-0.0446633858305285
"S50",-0.961459965159841,1.94390207088995,0.272871607879282,-0.438392866150094,-0.364522316431134
"S50",-0.58894839957285,-0.120632035801133,-1.72129628502359,0.625896988397982,0.234243102556588
"S50",0.314641743267958,-0.0213549564731764,1.37858247410767,0.263693400037308,0.376777776089245
"S50",-0.374270857698964,0.56501193691475,0.34151865263683,-1.94608304317798,0.364292102053942
"S50",0.526203439617856,-0.0189349891484668,0.956607051748244,0.375617517426239,0.923567748429068
"S50",0.735315624481165,0.950362929369676,-1.33749263268305,-0.347894261811642,1.72712935396566
"S50",0.522704919914354,1.39099630511535,0.0836368443009105,-0.398370146782284,0.2934829212397
"S50",0.000431831443184136,0.28770895039234,0.351866992730684,0.0145999896068581,-0.0652558856490986
"S50",-0.648861542464987,-0.42665174379667,-0.00732588314795355,-0.550485339379501,-0.363237633680702
"S50",1.08946266248645,-1.75329494121847,-0.418352224466875,0.0405204310915352,0.0355760194532963
"S50",0.205261964916448,0.449656129108677,-0.648621418036437,-0.982430562311462,0.822810514171651
"S50",0.300990267839456,0.105028857573991,0.310455752815654,0.511878438755996,0.800627783844081
"S50",-0.470871815854045,0.114721066688345,0.879365803258996,0.341580076662414,-0.791088942958091
"S50",-0.109311439334283,0.703715279597856,-0.743790803590529,0.068533870402443,0.181326741418736
"S50",-0.404076089699991,-0.264612875828651,0.692543937020059,-0.128530559688501,-0.503958042309864
"S50",-1.05134901984509,0.600278105822777,-1.29177327818312,-0.18124641962128,-0.288905334869875
"S50",-0.412979054517169,1.27732088482372,1.18281640735606,0.166834092233813,0.508484693557736
"S50",-0.0504827566528409,-0.226753033685376,0.238637957166928,0.790970429100917,0.910230163233106
"S50",0.0346101241265005,0.37271340613622,-1.35313825517358,-0.596530423998903,0.864356445250298
"S50",-0.235648775447123,-0.136125861458298,-1.59105136791767,-0.0398047020242293,0.568451753978519
"S50",1.04712800826353,0.318722737814377,0.302256316484875,1.67777138109235,-1.04292943425289
"S50",0.470052456360586,-0.750466608018963,1.81645309849401,-0.128797343171646,-0.199507829292267
"S50",0.533048823082931,-1.49463638012721,-0.892432385719629,-0.901793145124487,-1.15831001975385
"S50",-0.125491273000048,0.311748537938332,0.589999256482724,-0.312438483144476,0.102167066763203
"S50",0.850845463930873,-0.62954649916341,0.0383786036644765,-0.0348154421027922,-0.806002802820452
"S50",1.37854466809451,-0.930155177485267,0.799945525652266,0.596122415847273,0.807827930434968
"S50",0.688727178831308,-2.3345241863793,-0.20532061363871,0.113379274041808,0.0518420443746315
"S50",0.0487773290421453,0.30160049276715,-0.383320737320322,-0.490521553639498,0.471498289604272
"S50",-0.305808994094347,-0.482075169903291,0.201833123551444,-0.291116993487232,-1.8764007038206
"S50",-0.261498559524318,0.0344490839629478,1.13576694094065,0.535802135901966,-1.11524070337771
"S50",0.211526301752605,-0.286123680710571,0.116339917830995,0.202214563877059,0.10803454717225
"S50",1.15805187487361,-0.329410944999651,0.116744355587887,-1.05360202663066,0.328854346627062
"S50",0.219548651426938,-0.839737100965146,1.33819226808365,0.577847152975311,-1.42847832001372
"S50",0.506007329863197,0.483594952608672,0.325890114655353,0.450555212889104,0.558092509409728
"S50",0.515313901931361,0.630912784115002,-0.180539981595426,-0.914345779911365,0.84354971565364
"S50",-0.654301133050369,-0.143467639207404,-0.425091777249613,-0.169808617909143,-0.40677928752895
"S50",0.796035892091796,-0.39672871467533,1.2491445255014,0.0297031704646116,0.932428360266722
"S50",0.864209985170856,0.580540079477934,0.254887188981743,-0.471884909566837,0.865740704175363
"S50",-2.07758702255774,1.31286407151451,-1.13086987565498,-0.18959072951515,-0.861406741155343
"S50",-1.11102971067991,-0.878701850597988,-0.651343883041233,-0.362819828607257,-0.462020415906329
"S50",1.07079574141299,-1.19671422211965,-0.871179068534212,-1.20099855074574,0.286943859957032
"S50",1.67702433165738,0.968540034361706,-0.0362120930507271,-0.00217167279637229,0.599328525807079
"S50",-0.138780716749013,-0.0602102968039024,-0.272280446710102,-0.428059032930934,-0.371569311954773
"S50",-0.673749413389859,-0.440144330835589,-1.02451116721048,-0.243024482526689,-0.985755386419288
"S50",-0.616678983827588,0.649443318681808,-0.424452552645244,-0.738418301077197,-0.070560044043238
"S50",1.02118290965267,-0.335565407114653,0.791418617362237,-0.386644783000435,0.760574184256499
"S50",0.513600752159652,-0.647422788242939,0.604716291199899,0.343388637199033,-0.225537203865463
"S50",0.35286436535071,0.00881084185511634,0.351926736090707,1.38374875273764,0.593174364966377
"S50",-1.32322683447024,0.29279828092679,-0.381341385260924,1.17064209964989,-0.494343749429874
"S50",0.264460902204987,0.428052676118477,-0.00695220087027864,0.38100296695025,-0.451435315758747
"S50",-1.46392117251361,-0.769278835789362,0.284621591013104,1.21041647376373,-0.11774080365156
"S50",-0.734835413204419,-0.480668058756552,-0.488285360036453,2.06471582696967,-0.518168996455319
"S50",-0.739369961305874,-0.373087501894577,-0.400286064031199,0.700035864414215,0.478380410558452
"S50",-0.577434796032764,0.24005178458942,-0.746800200281575,0.540771733540965,-0.174277172693
"S50",-1.03205966370155,0.526195520244748,0.0526145296488095,-0.920909464325379,1.24270887636606
"S50",0.854144682370724,1.67137419076513,0.152474005422126,-0.096961819070885,1.00578346362026
"S50",-0.147409635179464,-0.200010640443473,0.104787833006593,0.197145806972186,0.0884450831601673
"S50",0.907747838260636,1.01765183445327,0.333034475946629,0.630149082779742,0.467971749478941
"S50",0.99578348960182,0.0762590715598966,0.0535114724538579,-0.224455939223565,0.341009691850862
"S50",-0.229179063531438,-0.328435183242782,0.466904667305768,0.0657632638741717,-1.07096750319028
"S50",0.527416258212102,1.43537551100369,-0.0255953902360601,0.769834316385169,0.702392498908451
"S50",0.231052921640614,-0.102906885260356,-0.545758278326916,0.926566445733686,-0.569277595370554
"S50",-1.04855171706077,0.368599647257802,-0.0935368301580307,-0.454492079686872,-1.71721682366769
"S50",0.350549745201702,-0.243538036280449,-0.157903042012813,0.100591182091264,-0.576634262012628
"S50",0.00782600073692497,1.40775452717054,0.255561712257415,-0.166884821678813,1.85031936828891
"S50",-0.941036534750425,0.587672162291161,-0.582691114313626,0.380588098260783,-0.87978830925038
"S50",0.112891113399299,-0.310884564573438,0.472241571582642,-0.24727234026685,-0.0606310639255281
"S50",-0.415593338891467,0.143845666415179,0.389365006280651,0.207740023543199,-1.17616917469329
"S50",-0.645878978629912,1.72802727004268,1.24465049133627,1.22410891519963,-0.0366188911094952
"S50",0.997206830476181,0.393291102244132,0.556675798403197,-2.03125391109186,0.407921356198831
"S50",0.933299993865213,-0.377513084337981,0.56571732640224,-1.04347889338707,-0.0546482082571143
"S50",0.531300453942838,0.228022025539207,-0.408052987168458,-0.43359747597465,1.24085883001718
"S50",-1.09505806843739,0.660567928129836,-1.1013969309103,-1.11738574955922,0.851067201947011
"S50",0.91217031230994,-1.13440054074617,-0.432374971959453,-1.44918057465851,-0.0426664115447514
"S50",0.6584462129477,1.79712233413061,0.00518553310970622,0.420247603497791,1.6905474078171
"S50",0.405906649191215,1.33139616626314,0.311370220806987,-0.699722442889067,1.71939506116755
"S50",-0.647291189930066,0.644349843966607,-0.499250828490286,0.232913362623378,1.13844893409522
"S50",0.783004342756373,1.51267384815346,1.60933661482855,0.379576411763006,0.311937605184353
"S50",-0.322127495505747,0.115257457829566,-0.647072430459399,0.694017367241865,0.288779916927989
"S50",-0.0655176561038606,0.547194718157957,-0.423054661139379,-0.487419556716277,0.795691868579154
"S50",1.00501090107559,-0.489870916776843,0.398274414432388,0.685268164084854,0.159267350148334
"S50",1.11137198065307,0.044143157336117,0.727978706087813,0.884273438594892,-1.14264711718454
"S50",-0.78914652063979,-1.53209144808505,-1.29618317814895,0.411901626176467,-1.35677024443153
"S50",-0.224782260952728,-0.547501893915415,-0.710486920973015,-1.41020663812398,1.61847998677828
"S50",-0.666552529117996,0.571491749520972,1.35370414770438,0.424308542296842,-0.491431795144264
"S50",-0.105427397353881,-1.57011777020742,0.169652423216322,-0.587232321199783,-0.748913998519376
"S50",-0.75210200362082,-0.496875394480411,0.207556228226999,0.418814350919063,-0.488552657817122
"S50",-0.180249310893177,-1.85869432927613,-0.556032744242181,-0.486442630484901,0.0676710482449314
"S50",-1.32474950839697,0.320052729178631,-0.631527380823865,0.58195448481821,0.0955205345431762
"S50",-0.277004943622586,-0.0359443418253179,-0.421591761424215,-0.239591815691014,-0.394181368998953
"S50",-0.708123161241289,-0.936267839427102,0.451580613219904,0.675084842970988,-0.184622244705555
"S50",-0.48285024807342,1.38548854165701,-0.0500800478947274,0.241475231247179,0.658853470669826
"S50",-0.27533972465373,0.419390472933405,-0.458044654679812,0.077291483658855,-0.131761853945828
"S50",-0.527005386047011,0.0685663043172558,-0.0720133577523311,-0.885947451207385,0.698610173530414
"S50",-0.713379416409319,-0.505008303758571,-0.10798804601491,0.127998923195785,-0.673886502103456
"S50",0.0421928799583508,-0.247315010851221,-0.69290338026261,0.295682293761724,0.046320474799303
"S50",-0.859605187028328,-0.996536221282488,0.0453218560482391,-0.669297018401262,-0.315688355870208
"S50",-0.121132113874103,-0.52380269460492,-0.026888249723176,-1.63017470468326,-0.931011841359328
"S50",1.75874549458084,-0.286634799683254,2.19426754364628,0.961704735285791,0.10615972938052
"S50",-0.682948962451548,-0.195986096467239,-0.13075994747894,-0.454885293833735,-0.517908648987349
"S50",-0.245238895487435,-0.74585472046686,0.96613315852638,-0.434588667962822,-0.470304670101511
"S50",-1.12188297982646,0.614506678526262,0.211374519318793,-0.787375615293733,-0.938118124338119
"S50",-2.12917229559505,-0.445235451932224,-0.269413056487713,0.406830338672492,-1.55928189460756
"S50",0.848195301717311,-0.508950407770433,0.270081848193683,0.798262978843684,-0.29355833740297
"S50",-0.275093464450195,-0.700589699333158,-0.836268354743212,-0.812440888524728,-0.348801693183508
"S50",1.50829640497349,2.43682138022738,0.922866271809283,0.439776720510523,1.50494967103588
"S50",0.808916629357393,-0.181278275885584,0.110965298265666,1.37304918657206,-0.0717503294260008
"S50",0.172900189349685,0.3371997635202,0.715232880176888,-0.0997188959743915,-0.0220154981906849
"S50",0.523014842325519,-0.0811139094907152,0.144688017669213,-0.462741972299692,-0.420334602733325
"S50",0.634340927191204,0.251313288210649,1.61086654809072,-0.234990327407426,-0.556348774629781
"S50",0.480954764901881,1.07847237330394,1.78134678510226,-0.235649198664186,0.268230621313422
"S50",-0.228960668452572,-0.772797646752999,-0.935495347735004,0.454665470180188,-0.571763686423295
"S50",0.709773989346773,-0.107602890088851,0.82106455010287,-0.0139518104179499,1.05395363183304
"S51",1.3827858134515,0.407332634034234,-0.672189558496495,0.0805037150377063,0.693546022179146
"S51",0.0932492474572434,0.7737258489352,-0.677131688970371,-0.432229532604518,0.679014504618525
"S51",-0.153680046116844,-0.393363812296567,0.619763972394143,-0.40625939386924,0.134477306923394
"S51",2.03690997091367,1.33118759296484,0.854983811754898,0.315322669677186,0.907652986095326
"S51",1.39547234503188,0.177226112564363,0.614326606915209,1.07526611774406,0.625073337893267
"S51",0.827887427482183,1.39210704174445,-0.0647216875177583,0.484682771763584,-0.59956607852356
"S51",-0.767849790172226,-1.06296059040388,-1.57772784740463,-0.310419039165255,-0.302949749444346
"S51",0.333044968052553,-0.0444991462016696,-0.961099217057869,-1.78801786052036,0.0337945632308141
"S51",0.532315284923396,1.6146112753801,1.1866619454364,-0.125666052384663,0.766449515813032
"S51",0.0183296284630924,-0.0760104883113048,-0.0617312022594443,0.339076530551502,1.30150968627774
"S51",1.54778486220081,0.0748368914734842,1.27832684866823,0.0639885183487055,-0.68830503147495
"S51",0.400159367409389,0.596809991250752,-0.388590986917803,-0.797822394716989,0.994027046387971
"S51",-0.705912320841618,-1.13336943581665,-0.674947251510549,-0.10440772161685,-0.225573936067267
"S51",0.0947965796784251,-0.795021652484679,1.11060279315405,-0.496678908074575,-0.0663619681106971
"S51",0.840926931289758,-0.433037938396776,0.459627041645062,0.597238588861936,0.203588112009708
"S51",0.797610302806636,0.534000226021227,-0.0262310338487231,0.626501242769221,0.822542026230785
"S51",-1.09785208336227,-0.145737172477584,0.00234043235487102,-0.403561353573407,-0.531520033436978
"S51",1.26654241797224,0.231409916238835,0.273505581822138,0.468377964987774,1.71152943178529
"S51",1.24065804698406,-0.0167562598159117,0.031279897989938,0.900475043268765,-0.510594363682656
"S51",2.04692727429997,-0.0656167346655814,0.0974567454549323,0.43158280083582,1.03441167779533
"S51",-0.902076050061269,0.598647441553593,-0.200250359026206,-0.831993715516172,-0.00461777525585014
"S51",-0.22531584225288,-0.00522858268633188,0.285306608906157,-0.0780147070812552,-0.734153052025413
"S51",0.642159484455966,-0.113751747593275,-0.0760675243177802,-0.237787561290483,-0.446284661222173
"S51",0.692220411912952,-0.617008618996058,0.447809078794653,-0.00809135973153401,-1.19524692005039
"S51",-0.347773355063905,0.311126640648477,0.356855127364153,0.974646382597424,0.0154538506067635
"S51",0.783665210828387,-0.306995908949315,-0.729175774119087,-0.458924135139103,1.30223176277966
"S51",0.191924056761939,-1.22748610913548,-0.285183428721026,0.451728862817288,-1.00789927635555
"S51",-0.320488352803132,-1.09117265951755,-0.394360744939292,0.392854954690769,-1.50364074387479
"S51",-1.32765935451052,-0.754748776535155,-0.161322329104758,-0.105289185913777,-1.54728584133238
"S51",1.74307898123089,0.72581412782966,0.833201748474843,-0.892211613761724,0.00759179580228131
"S51",-1.16083425860806,-0.146697761445695,-0.383372593679129,0.0417868609952877,-1.66888832302116
"S51",0.491095180270842,-1.14623329100219,0.466187099231747,-0.0458868748883643,0.21046090803394
"S51",-1.17073278590327,-0.363410070426742,-0.608750252011013,-0.721580026898578,0.480849300765359
"S51",-1.04263376566422,-0.477512603506791,-0.9921362499781,0.0162878635678926,-0.859163472720439
"S51",-0.29379353010592,-0.164978096480434,-0.286111901657173,0.564172397736743,-0.224095585226691
"S51",0.973111468158297,0.107237349671653,0.225442800665886,-0.450336930591478,0.42648506071699
"S51",0.20284444230502,1.42687401259971,1.38093363228404,0.539533265089952,-0.230662230017231
"S51",0.0410729207658956,1.22021687011649,-0.697290787486996,-0.53304359770502,0.635635140209546
"S51",-0.476720881628589,0.490011235139672,-0.652028040316467,-0.761732841454854,-0.481922518892345
"S51",-0.451711671702082,0.754500172897567,0.724393309329546,-0.00822569301174669,-1.5065382181833
"S51",-0.644787787934966,-1.88942432062049,-0.837875272082534,0.327788311227525,-0.759350133245946
"S51",1.13696457259169,-1.01361046663082,0.0646320286037053,1.5569534169628,0.958375690902765
"S51",0.0386491394240081,-0.64499129517314,-0.315711273410672,-0.366039686461881,-0.514572883025742
"S51",0.0132592330813264,-0.00301950875602775,0.706446326721492,0.432120025734488,-0.210022537393666
"S51",-0.0496347564702649,0.124983053083082,0.818859003240366,0.55326983993681,-0.915064892838875
"S51",0.404341772825301,0.891172580327041,0.849010048638485,0.418407557331981,0.488993598120229
"S51",-0.101901784545124,-0.905814788188115,0.0834672291438766,0.182987180632497,-0.205027591333265
"S51",0.408428315849469,1.25957351570605,0.109982102493354,0.55077976073165,-1.55871981266178
"S51",-0.931443611969801,-0.926121253213376,0.366682791598306,-0.493836017135132,-0.535706807716226
"S51",-0.603992113018173,-0.627930311646289,0.947870408950811,-1.05407596480355,-0.108529265614492
"S51",0.423965663253522,1.15905875058091,-0.230241396478897,-1.02251770970055,0.823335568755291
"S51",0.510922557526365,-1.35665852870941,0.0265538583636829,-0.0465824415247681,-0.171459442510636
"S51",-0.95612999262545,0.213445171506127,0.370086914584136,-0.153056117164201,-1.97740040429742
"S51",1.60657469122294,0.0936507343915298,0.621361544178779,1.07410004761677,0.312994900487296
"S51",0.0174588739569546,-0.0787305407748421,-1.01033077639633,-0.492560815856003,0.217820360675934
"S51",-0.123202180802936,-0.464124900445067,0.17458286253563,0.0105837804266345,0.676446222446216
"S51",0.152957934401204,-0.0754576379630158,0.066725586933867,0.539065174813945,-0.949732817582269
"S51",0.235701524729975,1.05025484161978,-0.233692375217055,-0.728615798089539,0.894056769388021
"S51",-1.60562434401824,-0.0862260196929172,0.0500844217693986,-0.435069016340535,-0.799643025902791
"S51",0.455533699374771,-1.61683693404854,-0.721546238499927,-0.654711375733327,-0.289001719718928
"S51",-0.0973467906495217,-0.411563680359744,0.285083626269129,1.63112453088762,0.557157108188944
"S51",0.183788319229305,2.44042208176868,-0.987733829417066,-0.689724576753115,1.32614564828261
"S51",0.947171276810779,0.304617560145034,0.272447331717521,0.808685701849424,0.882505274909498
"S51",0.861363492786598,-0.0641228756853664,-0.0811398254152097,0.717000295449332,-0.429173071770379
"S51",0.734098908810967,1.07460785880526,0.0689976056483403,-0.574845147797881,1.90401571318693
"S51",-0.683604052979588,0.65505606683367,-0.315146426998738,0.856400580833584,0.0713536250086935
"S51",0.833397421455143,-0.0114798180476059,0.551894240548892,-0.767310105667056,-0.126656787713186
"S51",0.767802172661708,0.520352195708714,0.375886879308168,1.11112008848864,0.459848708857839
"S51",-0.902401056010211,-0.0126457925415914,0.242115513599526,-0.134702840873217,-0.909679252393069
"S51",0.881651637439578,-0.272295408249188,0.419284135087413,-0.606797620845299,0.937600513835866
"S51",-0.525019970377719,1.07241743857612,0.282599220426091,-0.318072028369866,-0.425476050545169
"S51",0.252798838628629,-0.245726593019797,-0.0556522878978475,-0.150205591525894,0.553397416548903
"S51",0.592518600726506,-1.15709882019698,0.191276308815687,0.329646287493501,-0.409662837891472
"S51",-0.172438375918136,-0.348862093202653,-1.02813713353743,0.468226729086262,-0.53298991615782
"S51",1.05308947261588,-1.57720725265628,0.458825090369747,-0.195103705269616,0.362308547072469
"S51",2.49077696432773,-0.245172266982915,1.46063460315227,0.10487293701382,1.74753355743442
"S51",0.7929277505582,-1.39257465665551,0.579847217808288,0.236426168169078,-0.217709869552053
"S51",0.28710162668318,-0.353027934815589,0.99938762401395,-1.00124316208375,-1.64742002665993
"S51",-0.132384225177534,0.255342077804029,0.0423163772918947,-0.88204349989876,1.31726746624361
"S51",-0.77149435589367,0.945933245083696,0.824033536132433,0.0598824759729391,-0.331112397248999
"S51",0.549682371545461,1.13409295480267,0.285283399748586,0.931339825747921,0.238969030487097
"S51",0.0826545859809934,-0.41002123900319,-1.24182056263054,-0.090169040274381,1.00783360862153
"S51",0.144655952758046,0.80209681822282,0.659203860840664,0.142654445482744,0.454286820592494
"S51",0.0390136401342177,1.07982227039134,0.991379361508857,0.78689297858749,-1.36668974222745
"S51",0.887834510481747,0.183752504925655,-0.347165893373345,0.898441509518021,0.205183379016997
"S51",0.720624872890743,-0.711964548887799,0.877581049185874,1.08810177293872,-0.0122912037613159
"S51",-0.559025924952093,0.413464039432177,-0.33025101074925,-0.280103942650786,0.298279630923542
"S51",0.717211584403433,-1.21964241910267,-0.920287579026616,-0.283430119703132,0.834677114171026
"S51",-0.281247028091436,0.679297363601311,-0.15715569275537,0.340841999441068,-0.899301475307202
"S51",-0.628131586759566,2.06202491825983,-0.287583704477644,0.428877681548964,0.539567230184237
"S51",-0.676703257544844,0.47180671153202,0.923593685831163,0.56992223914315,1.02122064814967
"S51",-0.200262616949127,0.407993664437383,-0.0723113232535511,-0.197481231606353,0.569285884711644
"S51",-0.338458686929063,-0.0426577642573696,-0.700712870203388,-0.758132021053393,-0.249250436013184
"S51",1.04528817492427,-0.22268313967735,0.277153726837849,1.2774856597788,1.18734984239685
"S51",0.298974969382102,1.38440846337639,1.49293368647974,-0.858194783536511,0.684319631792374
"S51",0.302971420818613,0.266078241703949,0.858731269884254,0.77821143157884,0.180900420661939
"S51",-1.73235899310622,-0.212548613070729,-0.684619660624306,0.301610293458279,0.397742107786049
"S51",0.82948819214807,-0.534112802292488,1.31313444626352,0.250975308660376,-0.08684693539218
"S51",1.24518942031162,1.43394018569401,0.853659190563615,0.208368841958667,2.23566920549375
"S51",-0.264034950120248,-0.758196262076474,-0.574288892710162,-0.267712063209802,-0.693145240730284
"S51",-1.26451500384702,-0.254427504385955,0.0326106211543099,0.452191404668474,-0.906898706920957
"S51",-0.17187642603411,-1.54960904621325,0.897408273961566,-0.945280662038844,-0.948197247611737
"S51",0.562503665561947,0.568259225347103,-0.466486531225645,0.76230545859121,-0.46822206458624
"S51",-0.761684727120771,-0.827055477197649,-0.206817772622981,0.585191680096919,0.390365215347891
"S51",1.17985436942908,-0.184408500205763,-0.752800035980009,-1.7751552315837,0.701670504416671
"S51",0.0914739132097434,-1.30623232429725,-0.198328139348337,0.531079299317777,-1.47284593728113
"S51",0.319465847062146,0.319183164442264,0.223661136613753,-0.092315885748923,1.11746936508388
"S51",-0.140222685084171,0.549058360695553,-0.206634070667658,0.487076875205252,-0.0837542635356601
"S51",-0.4273724873167,0.549773552028842,0.863957776969487,0.446583226119011,-1.42300863317582
"S51",2.21734070854628,0.85353324930495,0.393374056725411,-0.475018625699363,1.37297561710436
"S51",-0.0386503054838174,-0.0841774193631329,1.74219622237346,-0.261925836701487,-1.84911821936133
"S51",-1.06561825205849,0.473417384252341,-1.26525890980494,1.21491284359129,0.914764783531764
"S51",-0.609873211890931,-1.71790293894323,-1.51503821468511,0.748841224827929,-0.0008646979886755
"S51",-0.0403833551805107,0.850461756633907,0.437169041997028,0.123210327844377,-0.806237665827632
"S51",0.414256233407381,-0.383087187855842,-0.636728633457601,-0.0737990680638447,0.109707966972888
"S51",-0.45819201084067,-0.112142702603166,-0.883662479559966,0.59489150946841,0.160826039061451
"S51",-1.27567541756937,-1.27610551364875,-0.752121930594259,-0.113082414657542,0.303003518091325
"S51",-0.257245479152784,1.45510762164523,-0.0278369299729731,0.0191175603957302,-0.271057716187313
"S51",-0.785267057282429,-0.600122024719048,-0.67536597855642,0.383686635704088,-1.21006117255105
"S51",0.567612354218297,0.955373241525245,1.35675376769576,-0.238397453916239,0.638259536466537
"S52",-1.47185807725764,-0.654735277856269,-0.0994073063093559,-0.202712769239579,-0.695984022926034
"S52",1.28417829995665,1.53314355526684,0.407403624942816,-0.0673368980153286,3.69820646430771
"S52",0.780519917419527,-0.928823135813331,1.02068306079787,0.165137479804011,1.79453965870822
"S52",-1.18045490878809,-1.21819399262258,0.777567447113914,-0.720533866460647,-1.97313549695927
"S52",3.02284858237994,1.87306622656603,0.411964318414859,0.586403561099199,2.77719774399488
"S52",-1.27512883586688,0.488842019496915,-1.01502234348471,0.430151500110447,0.141221679311156
"S52",-0.623709999995734,-0.183429137664222,0.149769002119531,-0.508462279775411,-0.614526668793078
"S52",-0.0522112508198043,-0.474693240489588,0.233214394549114,-0.887575739666652,0.819111515349014
"S52",-1.61017804189366,-0.571787074816414,-1.49432848345049,-0.727582760520111,-0.774462937690833
"S52",-0.0377580415188716,-2.05685086197108,0.92236330831019,0.284233507854395,0.169425276009355
"S52",-0.516980711413127,-1.49745447436324,0.166101643111433,-0.44707541373553,-0.74118115703719
"S52",-1.20415307326593,-0.957187380894461,0.260828775636871,-0.518784758712387,-0.844040571869255
"S52",-1.23731041039833,0.333140145000353,-0.193566945356305,-0.173122335887492,-0.293283967919883
"S52",0.56640822687821,2.18088037523382,-0.193798081060777,0.349307863906475,0.644993175182657
"S52",0.0707890536917837,0.922049507659905,0.0603286578370521,-0.302814761543451,0.898530328221353
"S52",1.75831736788432,1.01047202488151,0.813736112484371,1.57616691043775,1.77427429588397
"S52",-0.838761838963453,-1.77605787049147,-0.998858337056651,-0.279647064592067,-1.3028134431088
"S52",0.134139627225674,1.30231157021835,0.352374421768492,0.0210680631315122,1.2458760836324
"S52",-1.56132796132338,-0.826482297792471,-1.16714213252263,0.221620177361223,0.788071935246193
"S52",0.899352172821993,-0.19600817036773,0.165333497012146,-0.287117861248468,-0.555741081666872
"S52",-0.316075965178463,-1.05768187850107,-0.0882869810660239,-0.308402807345513,-0.190812622844708
"S52",0.324179613348742,1.15473772293693,0.630800598128584,-0.327871839837942,-0.225839483191248
"S52",-1.02668915659101,-0.0442823743922545,-1.1738959103713,-0.0240915284441092,-0.00909889851035339
"S52",-0.732206897716635,0.183448863084456,-0.19463692055618,0.147486256216202,-1.32339419048964
"S52",1.0855821118627,-0.987980851709891,0.49289434985947,0.876982246357075,0.945521668567195
"S52",-0.694688308825349,-0.162119434779522,-0.493259851692609,-1.01563041645382,-0.326031076746777
"S52",0.159936799955015,0.0531039965910957,0.0963966569052517,-0.185801577815281,-0.925825698434366
"S52",2.41126279311262,-1.7313562541554,1.43483465576272,0.776327792606686,0.0437210907042886
"S52",0.605355801068859,0.367549418065464,0.0916071983800215,-0.795941932301946,1.67042002250371
"S52",3.14312271543967,2.81653094043827,-0.516117115094511,-0.595664641323649,2.98325207411358
"S52",-1.86554293199871,-1.55404638844935,-0.923154714383643,-0.431798142507001,-1.44657248116889
"S52",2.37998019000661,-0.294674247127727,0.0470196574580323,0.594578871425727,1.34863285486288
"S52",1.78202557096548,1.69535507400893,-0.0342090509290914,0.0877436190408839,2.56636659956069
"S52",1.35625311408031,0.0778605178757908,-0.496544263770665,0.902302229775757,0.716116873785617
"S52",0.15316196216906,0.371436905113779,-0.277073168414237,-0.743774051336791,-0.344804366637812
"S52",-2.07595437615824,-1.78254903669734,0.175027599807905,-0.212609435570957,-1.49087525670025
"S52",0.164684663640172,1.47336473065315,0.353988543790968,0.169545830799639,0.507478155752333
"S52",0.814779627689307,0.550286652649742,0.726428751135159,-0.108582169698557,0.982442672032688
"S52",0.502685848400462,0.82535251912898,-0.171761626549327,-0.0155115399168957,1.85295433002408
"S52",0.739088743727777,1.04210548353618,0.923385299528006,-0.522698234955631,1.38277953591814
"S52",-0.719304546301642,-0.487173442913846,-0.548391289677739,-0.110145958040721,-0.778274662699362
"S52",0.294041166104297,-3.00604155123789,-0.446687016636396,0.61229959328948,-1.21779392409704
"S52",-1.06317268118485,-0.721207101094147,-1.33357021247322,-0.829851971134685,-1.03682190555814
"S52",1.4027969000462,-0.256677035945192,1.07677648531059,-0.169105612043534,1.4143613210679
"S52",0.337603105830945,0.718558380615337,-0.745134033640564,0.0352157615809439,0.76023401559025
"S52",1.02524907955997,0.369604466618281,0.576963350269559,-0.0781889117251502,0.719596882412574
"S52",1.88797920482517,0.129093247581553,0.976930397366658,-0.595678056074113,0.806806619213163
"S52",0.192990893461992,0.521268434451147,-0.952429617843148,-0.239725006014562,-0.0196931491786691
"S52",0.0758177578509855,0.147589849889706,-0.562370026101926,0.952580010770261,-2.27748583088329
"S52",0.420338710418743,-1.40751237830911,-0.138061550268655,-0.334742216334906,0.463218441127645
"S52",0.55200096881628,-1.29594803777891,-0.0155385562304254,0.956552164954523,-2.47464462567651
"S52",1.25409497674652,0.191068007381559,0.744293240128986,-0.311906448052431,-1.05086761226192
"S52",1.71483956585993,0.401513816756913,1.098813457031,0.70333264921755,0.558120180832357
"S52",1.19251354683047,0.723696930474224,1.0292266189413,0.814353619412513,0.615816993893305
"S52",0.563675271352847,0.463407853707644,-0.163630226338899,-0.415260453070329,2.18256722463991
"S52",-0.748536050149517,0.606746700416893,-0.082712179120653,0.156521788914228,0.251106521981886
"S52",0.585388376213582,-0.36374321779327,0.182159281057344,-0.557280516604091,0.0748422544715581
"S52",1.06062713248255,0.745584112756484,0.272417352913918,-0.550005212594579,0.654235810849664
"S52",-0.150201707227601,0.684389518131757,-0.575700497092739,-0.86057856052676,0.721670716926431
"S52",-0.844701123067015,-1.47964985646188,-1.00596788264717,-1.89528351759943,0.61752270538188
"S52",0.295624288993729,0.0526059471765797,0.0101760495870225,-1.26690137550816,-1.15589094631829
"S52",0.0261861118748196,0.922075759963111,-0.323314210730626,-0.167384563136722,0.907224324846544
"S52",-0.427249650625903,0.480698933991558,-0.981523837768149,-0.155998589889027,-0.518549007943738
"S52",0.968675278407431,1.47449114739306,0.249530439122243,-1.19762361659605,1.73957250411354
"S52",0.68339289238887,2.13707738543119,0.0148382657620156,0.238738326724758,2.10984936205018
"S52",-1.61777697352401,0.531977019952274,0.478860198838041,0.504276018876759,-1.38154038454648
"S52",-1.96447480224328,0.736659202719423,-1.43489336000706,0.0259149669266035,-0.961347672555868
"S52",-1.22717713075708,0.286212879646685,0.147099772683022,-0.0932819823373057,-0.572600118652314
"S52",0.712313796514383,0.534590714302938,2.08134581371859,0.0901635443855052,-1.06287109411212
"S52",-0.937913653741165,-0.843966153585338,-0.335811418532596,0.969521421949104,-1.92947009885366
"S52",-1.00462363245275,-0.581130483243239,-0.501359349339645,0.733956691934461,-1.25224919910267
"S52",-1.16526536985622,-1.45077746395866,-0.035095455391459,-0.486115123528963,-3.10448291507771
"S52",0.151674360846216,0.53071229180777,0.641929419430025,-0.582490713408302,-0.798532016906065
"S52",2.49306670496483,0.964636222870741,1.12307816513478,0.365628813982897,3.17331835793683
"S52",-0.909024525497644,-0.353787531613458,-0.102714721095982,0.52108689786508,-2.03203421632048
"S52",0.599372909334612,-1.24078475924293,0.563526559678371,1.23260546904491,-0.129225418359474
"S52",0.0699678545254676,-1.28393580865038,-0.277630045874634,0.472750469738439,-0.276388792135818
"S52",-1.93603329601062,-2.44721119951554,-1.30348925932771,-0.310534153728874,-2.68251243395882
"S52",-3.36923980883306,-1.99917627015156,-2.4042051136691,-0.670546824416651,-1.64512715418034
"S52",-2.07450709193916,0.865357821132986,-1.00902552411346,0.572634496908022,-2.11679703787957
"S52",-0.318332519443008,-0.978081866096133,1.02832066489945,0.41837013009181,-1.34178668442564
"S52",1.00033770056728,0.180572065805633,-0.557075085105999,-0.510379495297088,0.19528505328297
"S52",-0.786032085830814,-1.30527268079948,-0.662546470027621,-0.360042101788769,-0.371575003972943
"S52",0.594175922891455,1.7206489223166,0.781657719606876,-0.709526580007416,-0.637842470198331
"S52",0.520393922976712,0.470294649673195,-0.365912137301815,0.302618228747779,-0.762137602707693
"S52",-0.390405951174896,-0.778545492391053,-0.723469263770096,-0.693796242309173,0.524324067195372
"S52",1.71389710855676,-0.563081712919259,1.15150254531984,-0.52538912940743,0.469449124877799
"S52",0.162346868883035,0.705813210815813,-0.703429661743666,0.0659163863694207,1.80764539328094
"S52",-0.990530304537072,-0.797455291371675,-0.446793055006621,-0.570501349660546,-0.287515116093612
"S52",-2.02513138958451,-1.04279844170116,-0.146688623811785,0.0379788317350907,-1.19776284526534
"S52",0.745959849936338,0.498455377352938,-1.77578610325241,0.0163445220337931,0.484190747474187
"S52",2.9909196501174,1.19930783779,-0.195020136539627,0.270952591501318,0.77564042263187
"S52",0.0848187935783101,-1.16205085375446,-0.547388092955059,-0.044896999003687,-0.119355442441282
"S52",0.159041373098592,0.759458060660043,1.59497078241466,-0.00227323044108688,-0.116259313393288
"S52",1.28362151756868,1.23098876535408,1.82782396061769,-0.0713196295892246,0.897357315153487
"S52",-2.31271418844299,-0.413160972606182,-1.76140884097215,-0.0079740354850492,-1.60028177489348
"S52",-0.743008760814414,0.617110561556474,-0.0918732452067855,-0.338434163912958,0.213082752181908
"S52",-0.80203407795478,-0.941545976453123,-0.869409984428511,-1.40989668696978,-0.441224530385324
"S52",0.822826193484207,-1.51482354094257,0.826154825231913,-0.240474036784778,-0.652360695806686
"S52",-1.06411363888031,-1.60086123146798,-0.635509519418968,0.380441895368861,-2.02710083308534
"S52",0.867961347781263,-0.0181492411211445,-0.0444279320122677,-0.0406305462166334,0.0495582551839489
"S52",0.755808995401206,-1.55002506821578,0.0932070614988968,1.10804923809632,-0.870721663735371
"S52",-0.35215356874384,1.27142828203586,-0.072919742788818,-0.315957511893729,0.285338575147569
"S52",0.55172748447494,-0.320432646597716,0.0879391898413735,1.18075750341026,-0.455931336253846
"S52",1.66098450955925,0.897002788435946,1.30122649239341,0.966304089591025,1.01330262989476
"S52",-2.43219369386239,-1.40218174472282,-0.273741407690285,-0.243124909786377,-3.50234058094569
"S52",2.02628529642005,1.66504769225099,-0.68532956663206,0.477149715618402,2.40036405631795
"S52",-0.600415799864485,-0.0632246089757278,0.0316654049016909,0.60111805295519,-0.231947950132458
"S52",1.24799762900364,-0.895296485181738,-0.0818332760952427,-0.679102470272103,-0.80524243375143
"S52",0.293998144125891,-0.420271235108542,-0.0085093232979236,0.249861544961086,1.59413199752952
"S52",-1.89137192279728,-0.843856466877215,0.24459799520203,-0.616323260576864,-1.8360640532825
"S52",-0.329596262069037,0.159899272872373,0.797154653389052,-0.667227548243944,-1.47498019872459
"S52",-1.58083959473351,-1.47659274962083,-0.0785059285161002,-0.0492680779903099,-1.21477656904167
"S52",-1.43997724380757,-1.32374085871332,1.00372623060295,1.1810894502356,-2.8073545893109
"S52",1.22767814774998,0.419421115634309,-0.0834039814840521,0.314360136615982,0.789097738158116
"S52",0.899281553246697,0.967965686366067,0.0180261521185447,0.417500669595842,0.717388167771052
"S52",0.485666963943305,0.721555077841056,-0.703267148253177,1.06858906159817,0.739722208042504
"S52",-0.429377998062749,1.03789240966054,0.0893789000165985,0.541006702960212,0.622904567567489
"S52",-1.18650606992039,-1.06833757365701,-0.392549954684963,0.475214622272959,-1.72456494641083
"S52",-0.331851907347113,-0.481632716645078,-0.0900049942210646,-0.141467850497998,-1.53512599613988
"S53",0.443694650559039,-1.96391448371313,-0.183777915003502,-0.208712673045841,-0.639848032576566
"S53",-1.24570485415532,1.09015487749548,-0.998631887329144,-1.0378619214601,-0.288559138383746
"S53",0.320729481072464,-0.038863263735719,-0.704267277668928,0.182098406922677,-1.02968287249534
"S53",1.21420849622784,0.564054966596918,0.298412558548132,0.237208220309977,1.50572364192683
"S53",0.0797080961331688,-0.401515150961793,-0.415503311627876,1.13351232070823,0.883404724694553
"S53",-1.28051811132297,0.595660675251066,-1.23303013846711,0.338431161125503,0.364046628013749
"S53",1.11433659551894,0.983253477198513,1.07039588294035,0.343650660022569,1.16225532091486
"S53",-0.484057565660355,-1.14445141327626,-1.59579811140855,-0.71908663052685,-0.531376621553776
"S53",0.678187274199711,-0.235120409899603,0.903876141726559,0.177755553610089,0.391980898925771
"S53",-0.106310305625989,-0.804459747033705,-0.672594865621073,-0.635854475561047,0.443655940000199
"S53",-0.533109648546949,-0.309441774005084,-0.856759571118703,0.843788285789327,-0.0679603906633724
"S53",-0.306116065407991,-0.439484151348356,0.0242641961589644,-0.241396888401595,-0.120261402991024
"S53",-0.43864773724223,-0.588108048300793,-0.0666244248616835,0.768048991476602,-1.09327734937255
"S53",0.0504264423639311,-1.66154688397543,0.818373225964341,0.0139359160177994,-1.66980889609275
"S53",0.625575098893916,1.48862428835077,-0.165031569943763,-1.0075490128579,1.62433485103269
"S53",-1.20789029867433,-1.57677585482232,-0.362703332261299,-1.57693342187427,-0.75672120058801
"S53",-0.277650869763621,0.291542071605781,-0.230177049868435,0.283912732855531,-0.381193674804328
"S53",-0.349195353943284,2.13657014913866,0.0185913634491095,-0.219696023594031,2.1161318096905
"S53",-0.417501631389359,-0.146905496124292,0.0133728404954917,-0.546080301348379,-0.0898367894423518
"S53",0.942635384898669,0.377143545023146,-0.236992988742341,-0.522128326870876,1.19424558106646
"S53",-0.459951561182048,0.794097508045825,-0.854635287060582,0.227574936785816,-0.00189657247034036
"S53",-1.11797780799462,-0.439769897613546,0.168326873395118,-1.44422859752302,-1.10362363123326
"S53",0.960316888793899,1.67048407769685,1.79174579311257,0.631710385923782,0.385721429453377
"S53",-0.182916741906303,0.956782466752165,-0.0716646788050838,1.05845283621288,0.452264301957945
"S53",0.113026620306508,-0.465161104665024,0.0973556114480194,-0.351213112147274,0.113408018044237
"S53",0.893944622643735,-0.636311226487502,0.399717502037767,1.02318319602837,-0.440302032584722
"S53",-0.875608794641106,-1.12503020917121,1.11488960969454,-1.17022120671206,-0.770967322603604
"S53",-1.09598661999284,-0.944081178073904,-0.726108338432221,-0.236560945039873,-0.944246747176777
"S53",1.04383722360842,-0.515239916435204,-0.124094061783752,1.01191434903615,0.0222760914544304
"S53",-0.875986342017953,0.0458279020548352,-0.399995951404086,0.395191558384282,-0.970362875340999
"S53",-0.438192023090168,1.32288401390121,-0.35436916823464,-0.0418652188282644,0.883783046620685
"S53",-0.251209624260246,-1.823997213322,0.558510507857021,-0.766522461146794,-1.04538557644156
"S53",-2.02465111694681,0.113331945712248,0.322483722698872,-0.190452976307212,-2.39749038429011
"S53",-1.41367020250102,1.15196816395833,0.675196527387087,0.030132217717138,-1.00083973595017
"S53",0.320378431079719,-2.12555971236895,-0.139826622872394,-0.117457950884099,-0.708075718009648
"S53",-0.24944680615773,1.00138853490748,1.1653394458317,0.913586779410437,-0.296630845218526
"S53",-0.223321135746271,0.479844287763652,-0.831837134989434,-0.176882065715364,-0.522703009696437
"S53",-1.34426212726312,0.554803510882201,-0.984468908063116,0.804318092789495,-0.984214135952687
"S53",0.346271575465653,-1.13377509135827,-0.183299675842549,0.99620359574058,-0.339683427154224
"S53",0.0634767348541678,0.721530015978594,-0.978414072187144,-0.265706847027459,0.791603292001566
"S53",0.215349836617331,-0.409571374659164,0.353456627191508,-0.140149197855015,-0.169524510042861
"S53",1.41780123583558,0.435970783698433,0.155114556143812,0.00873592337832157,0.100281378389446
"S53",-0.3495703806482,-0.515174160095708,-0.680207497638582,0.559191561807031,-1.0588676559511
"S53",0.265933117781773,0.237618486970471,0.81974133954658,-0.364641891587607,-0.549800096587328
"S53",0.227085378365402,0.768256210725063,0.341351043613968,0.575318927420226,0.738367602198065
"S53",-0.0107327592983101,-0.343721099759795,0.355393416403681,0.910409025004087,0.4614643361108
"S53",-0.285168892774393,0.792750632130287,0.618739173780263,0.527878137281592,0.640606916282746
"S53",-1.36832059272079,0.812220169881633,-0.0792830186340969,-0.884969026263595,0.270214955037905
"S53",0.948264630189663,-0.217052433372245,0.530548672723423,0.504033197557404,0.492602969653757
"S53",0.466150815610601,-0.711277636431763,1.01564540119235,-0.169521270249144,-0.947465107952223
"S53",0.965960670868271,0.0128730048646244,0.308433711796821,-1.32053284843464,0.888829640853163
"S53",1.13518516197412,0.64524987502221,0.567114648080854,-0.742979001460719,0.245058272466824
"S53",0.346981368929052,-0.906001521762377,0.626450614285409,-0.0958955086303605,-0.387418753750724
"S53",-1.32176685226384,0.688082036347925,-0.0404820743640467,0.648378218208136,-0.63752966412576
"S53",1.67059989914217,0.721044344697391,-0.642635833629807,-0.190830311736836,-0.0448537023932937
"S53",-0.0302442405211225,0.700936327861075,0.825978054630511,1.22494423593925,0.159774389063976
"S53",-1.88317731800195,0.291342215078351,-1.45304850377271,-0.363400331802201,0.0726172662514571
"S53",-1.81541909322207,0.257414448596273,-0.391940855255347,-0.337283038412277,-0.118143843821901
"S53",1.17285930919516,1.43950755381629,0.924778087923287,-0.240591883780052,0.275148947617537
"S53",-0.859874999806543,0.875623960879199,-0.345041461279846,0.802748245893991,-0.459903098078258
"S53",-0.333104348332675,-0.590200829092078,-1.09920623253409,0.0751047830831021,-0.0989129785642457
"S53",-0.608912666162494,0.274905122284418,-1.22129861317867,-0.363240734480985,0.593949790461696
"S53",-1.16239350694898,0.831732480073017,-0.101559367317552,0.124506981277925,-0.62736677423133
"S53",1.95594937834694,-0.348551946451017,0.685148233377667,0.49361745831039,0.882077650722732
"S53",1.24452740779353,0.249460020395428,1.52798433145853,-0.574123801279978,0.0291566352982278
"S53",0.696195191799632,1.89453609740175,-0.338303899487749,-1.58596371875495,1.67762762024781
"S53",-2.13004931081448,1.53179888153341,-1.26705965879466,-0.843793938376459,0.251781168224372
"S53",-0.0786280395611,-0.762326782701334,-0.233893376566421,-0.199478410636846,0.242967151285554
"S53",1.48350813506552,0.876698715609014,-1.15389260185808,0.703393639433459,1.29078288038273
"S53",0.934568685462793,-1.2056731974428,1.38907877499683,-0.514079334000586,-0.156481173645619
"S53",0.162592056255583,1.01403045426846,0.545663604984327,0.356409677387527,0.853976109583668
"S53",-1.11483162456653,-1.36205298098176,0.873167464382033,-0.238023711613705,0.86637319227836
"S53",0.642012262807614,-0.106168978168297,0.0137934469230666,0.0339971586291772,0.944503800400539
"S53",0.155793646224404,1.31517072849564,-0.526090395675022,1.1443074076342,2.22984019315881
"S53",-1.15030248982103,0.0113910355313523,0.0753807554548283,-0.890231045743054,0.600661290754658
"S53",-0.27127572495526,-0.646987615786225,-1.25843389677305,0.209798716930131,-1.41273830958265
"S53",0.855874012236716,1.4597493450023,-0.775435294338422,0.132292216666533,1.82140733121552
"S53",0.380231803589438,-0.128399714538541,-0.536603922743626,0.0262533992997385,0.86771626533524
"S53",-0.313404909113109,0.444766128055519,0.505340148570775,0.234860436518558,0.535442938488971
"S53",-0.591244912652441,0.25900015506923,1.10549743660553,0.793054998602228,-0.0921179277457737
"S53",0.785932339758737,-0.44222987340105,-0.29768253560016,-0.258607168978269,1.66366766616595
"S53",-0.918879489632399,-0.555317728435512,-0.233784496131618,-0.177152876585044,-0.854106511646328
"S53",0.162939234281373,1.02614951064417,0.323134419683658,0.24335717787419,1.26322732441197
"S53",0.851633559237834,-0.197517537228217,1.03018644521159,-0.307141621424232,0.0830121097745994
"S53",0.461287477006421,0.26132571497284,0.265062225713154,-0.326661132950207,1.12729682952745
"S53",1.23642707419804,0.791838746952735,-0.424534425890621,0.209706043776543,1.12550864742741
"S53",1.03339847241929,-0.423654955677431,-0.037227957008264,-0.906056659063878,0.746084200257498
"S53",-0.255745784218412,0.612602163282305,-1.82529040456109,0.888923135931341,0.344836139908534
"S53",-1.1721987549379,-0.540768048326874,-0.805722228017392,-0.772049379700561,-1.05934372913839
"S53",0.261654188863597,-0.871472699838209,0.128205516711416,0.0157262929443431,0.710924044149981
"S53",-0.135700588554987,-0.0919025997397566,-0.00335675152658253,-0.0212929641511851,0.327456992835943
"S53",-0.504051796475409,-1.42616851395725,-0.588731619037238,0.379042247145586,-1.27014714347684
"S53",-0.406724634705496,0.0432503571941213,0.375454142006613,1.09589718963802,0.0467625272487291
"S53",0.573991693252414,1.19565391942263,-0.0176889517450752,-0.0566978128485626,2.63151119670806
"S53",-0.464786262401683,1.17277444257849,-0.326712995353065,-0.258838598683743,0.316846984514736
"S53",0.456369615685354,0.988888389392722,-0.706232544467971,-0.579416679201897,1.64585271769686
"S53",-1.58421847435852,-0.0111504691782603,-1.00743551923309,-1.02042068288219,-1.55252286594819
"S53",0.219163310835483,-0.798518052653699,-0.87381783359618,-0.35418615104563,0.0785702603413561
"S53",-0.940426408451162,1.17713557078603,0.4455370162242,-0.69723257603815,-1.26415349588537
"S53",0.0734526673163113,-0.144801303784924,0.347657914837996,-0.113779440301937,-0.295042073892889
"S53",-0.353388819358387,1.84001324150744,0.848386435934218,0.420833019205429,0.844380789901826
"S53",1.85035257597744,-0.87419690445372,1.64521482962531,0.139881114759922,0.0937220898720232
"S53",0.159702926564983,0.403002527127589,0.273165057290964,0.360215789876797,-0.973345952384838
"S53",-0.772656794557494,-0.0999532209799849,0.426902417398839,-0.188933112398746,-0.285727071565854
"S53",0.0822122928956805,0.321868990017536,-0.173025245369312,-0.286084235736962,0.46451402349277
"S53",0.104862585659011,-0.276726998249639,-0.469565228600475,-0.4147715745038,1.65073978729137
"S53",0.968630932117106,0.59282988990577,0.546456945304792,-0.450906409902281,1.16604682347526
"S53",0.934971227639751,-0.399514423569715,1.36304539855915,-0.562507414783907,1.46266027767999
"S53",-1.08877658416382,1.05991343563384,2.39029541136983,0.306209709365778,-0.499112671298502
"S53",0.803328252716658,-0.673819829242152,0.165979290570061,0.65118807595601,-0.242691505411207
"S53",-0.738022013944994,1.18976793302828,-0.101044829512263,0.10648927613347,0.533785279344625
"S53",-0.0455732719840446,0.117015690144881,1.07215718802724,0.98584668021099,-1.02163921668482
"S53",-0.28415151482753,-0.975641058449338,1.28627323090579,-0.149399155440475,-1.7922073009765
"S53",-1.41919719097971,-1.52558887318376,-1.32412745840149,-0.652249533579213,-1.77576273163401
"S53",0.134824321548605,-0.469554517664223,-0.934660977158013,-1.06028344701422,-1.30624098893746
"S53",0.0670430221730165,-0.340528699472039,-0.190981473413526,-0.369991214908287,0.611418407798941
"S53",0.365489676318531,-0.130959174019779,0.86561857851244,0.327295523838796,-0.335727286770173
"S53",0.536539593255785,0.906932723106875,0.562584733489872,0.270971995904411,0.226120543038269
"S53",0.731133853884746,-0.557173941705717,0.663687802099158,-0.201061410824625,0.445719215112576
"S53",0.596044945329495,1.32821592300589,0.850867096775257,0.725248309023737,-0.341815883519325
"S54",-1.04593498572373,-0.326809534607804,-0.24787895291128,-0.578070938896848,-1.19126982152588
"S54",-0.577606696668446,1.09501154069651,0.956896490706212,0.180204333908881,0.066117784270616
"S54",0.485385332444593,1.45934239693917,0.121506557576032,0.448462439206486,0.633375966740523
"S54",-1.4753009754952,-1.03709572031206,-0.517463555674809,-0.726936116193193,-0.490748048676637
"S54",2.3073895191367,0.557513708674521,1.70993966672826,-0.388208152397792,2.35256532244694
"S54",-0.30816089636777,0.283272187851605,-0.348417641841111,0.284485562760266,-0.42342766426499
"S54",1.04331093051356,0.54093153241516,0.114673371595733,-0.167942438517268,1.09483924240763
"S54",0.972424586672185,2.13615161031381,1.08215082636098,0.167449051230937,1.28849002805664
"S54",-2.34403992314904,-1.9991195559484,-1.26845411280495,-0.0904992116960651,-2.16118447064196
"S54",-0.24989826760019,-0.608633580152549,-0.785916501280401,-0.202999242028996,-0.781475557919997
"S54",1.15895607333092,0.903335474101012,0.919421151930324,0.0210396990974986,1.00776462355332
"S54",0.25380768368047,0.251365444292479,0.232793863724215,1.30506266350412,-0.483702869464235
"S54",-1.32145012754649,-1.20515536494305,-0.522889625342135,0.587449647105149,-1.7690390172495
"S54",0.768667675717752,0.545700682341286,0.992177945433548,-0.566065277648519,0.690498848341598
"S54",-2.41971330369006,-1.28707557611867,-1.85861660471563,-0.857732565191037,-1.89530214449354
"S54",-0.0548373068389591,0.9401436877449,0.102395761540356,0.0856949914362235,-0.0697077341179839
"S54",-0.261915683444004,1.41891781741384,-0.424986473819631,0.0819552360084678,-0.051920340157891
"S54",-1.13441749582136,-0.595057209830455,-1.04580469019637,-0.0431038076797285,-1.25266130812052
"S54",1.54821415081183,-0.813748510261082,0.72824330177057,-0.129578493903331,0.0670036481916513
"S54",-0.582725751520532,1.31667404201835,-0.615144032457523,-0.637437880556746,0.0116248851797737
"S54",0.297521159307719,0.147813796140926,0.715636625326336,0.378242168037178,-0.929586838189388
"S54",0.0141248975266161,-1.44448797498875,1.01256157394291,-0.448413435160129,-1.25920187726275
"S54",-1.42432635686809,-0.485962901904014,-0.130490084861311,0.706995780565851,-1.68331381608152
"S54",-0.243532885187988,-1.38299643584061,0.167795743161373,-0.527747835980378,-1.65442867994535
"S54",-0.73141432632739,0.235226099239502,0.334078375840343,0.272770653457519,-1.32922539646428
"S54",0.471013741841096,-1.01841077483422,0.446783739742442,0.59544455481543,-2.64606221210865
"S54",-0.791028057061873,0.900734450628469,-1.21442880683861,-1.06390658210007,0.340133108693095
"S54",0.933455363710188,0.251537675052296,0.152742775323737,-1.47517017618155,0.996267032159517
"S54",1.49661859843552,-0.0966461611895453,0.880708281820395,-0.30751203038817,0.673742269791844
"S54",0.209297535664327,-0.271227054805397,0.842886702152717,0.665706031315365,-0.631138112168888
"S54",4.21886283823812,1.61369328076611,1.18897919594538,0.610435530841397,3.35924614108357
"S54",-0.202562318677865,-0.243612746156575,0.472946701230381,-0.381978263224281,-0.594739407806372
"S54",0.266592697654037,0.179661111185603,0.0320829135191204,-1.24399240922729,0.120257135017186
"S54",-0.483178695098065,-1.48560977751417,-0.581430525988945,-0.304565428200425,-1.12689668418378
"S54",-1.31698087132243,-0.858189293083597,-0.371542023318265,-0.670931803808412,-1.61890934455933
"S54",-0.397350993430114,1.18776816765246,-1.69954467306412,0.287202795935361,-0.0789251530528952
"S54",0.593099847872768,-1.57333818822265,0.859001088334863,1.24877113566673,0.126351315985334
"S54",0.766635835706264,-0.214755738935007,0.788510413555611,0.634252393293498,1.16287416319874
"S54",-1.68074742498085,-0.608180000306135,-0.542271645126333,-0.93891324672248,-0.132561670803884
"S54",-2.1969503544846,-0.0829512492930644,-1.16418084068594,0.206334781732926,-2.19182676427592
"S54",-0.233445483780166,-0.485671988813524,1.08545196184566,-0.530952707290115,-0.113471383765357
"S54",1.38553950949071,1.82360376349719,0.663958045939876,0.514695776862881,0.677414919207721
"S54",0.740702654011693,0.890937030728492,0.240279809261928,-0.680460760716689,0.476840462989735
"S54",0.112586375628393,-0.125384790682851,-0.181362906433701,-0.899002556776846,0.0920612680651352
"S54",-0.410377642178802,0.00850663025726223,0.34375154740615,0.576012110602782,-0.276612718189809
"S54",0.0491641282071482,1.85880330071486,-1.1875608957877,-0.339885334245428,2.10506711699733
"S54",-0.0224677156682477,0.0212777149559876,0.444050957277689,0.949217887655869,-0.274619104198361
"S54",0.910818837860357,0.422403290403327,-0.751483001419326,0.53661357385266,0.33830940264105
"S54",-0.559594127372064,-0.304818431850996,-0.271435048931988,-0.706584017200743,-0.829379566485315
"S54",-1.46592913975846,1.12223337720921,-1.11034704803299,-0.54805452206215,-0.460222749729067
"S54",0.889915299778839,-0.0809837472922753,-0.368225376811937,-0.478296688569945,2.19220294724859
"S54",-1.26969787766028,-0.39191551072125,0.206276102265344,-0.289532019029306,0.0734443466113017
"S54",-0.343354943289017,-0.0526853652099006,-0.873916970380535,-0.0877008898048368,-0.238118651572004
"S54",0.118454847386239,1.17499034755513,-0.498934997013738,-0.414281997218235,0.530492823657993
"S54",0.647152732955232,1.00230120131672,0.954282389446738,0.0971347911064763,1.4296275636414
"S54",0.304212948667099,1.00904647758645,-0.216821652811507,-0.321783069976779,1.37095474577323
"S54",2.45109816565496,-0.443735152452505,0.512953536226782,0.609951408628412,2.08178961987063
"S54",-0.428107519357392,-0.379099163046526,1.08427981637712,0.955482236832806,-1.34744860909571
"S54",-2.50197260184146,-0.707980004980221,-0.270377166661341,0.194398874411444,-1.64665024906476
"S54",0.472986502287584,-0.0200176409671312,0.753587025114278,-0.234559207606787,-0.453858493696072
"S54",2.38847437702224,0.165602652585863,1.71177215747185,-1.63715445568607,1.45205578408251
"S54",1.28126945256671,-0.618271546720071,2.01831499515178,1.75530229434891,-0.248831938011058
"S54",0.469374254382916,1.50751686630703,0.369327951780226,0.288306409354278,0.987476403757235
"S54",0.401579942397095,0.470070050155733,-1.4655651590393,-0.854517425235943,1.49975360160105
"S54",0.990737092824748,0.0865603250425936,-0.403622768434115,0.408696439530793,1.0141439146054
"S54",-1.68156995943266,-0.594111203889445,-0.0306422332341625,0.43297529369233,-0.940631982520321
"S54",-2.8499112695461,-1.10205475449009,-0.849038909701978,0.860380485403911,-1.78445580250352
"S54",1.87345892936054,0.227829826758184,0.717430047265958,0.355323609588408,0.643228885465969
"S54",-0.794383537965452,0.265206797981061,-0.428682430390408,0.395300087038213,-0.40893358000181
"S54",-0.342254234987436,-0.556062168890085,-0.0587211707090648,-0.509475552365222,-0.605270644099588
"S54",0.890044678518867,0.304289887636086,-0.238092840956807,-0.868322476935186,0.0762046164595613
"S54",-1.88977075607016,-1.17467656154851,0.0385908136656325,0.538453700083343,-1.98884907306859
"S54",-1.16134265647099,1.44922064920237,0.284158072228276,-0.550541195017944,0.0195033610037068
"S54",-0.946502365195065,-0.413255094431169,-0.575632198840405,0.656952647481124,-0.507909452322307
"S54",0.962784243773138,1.93331763741185,0.312800735850403,0.621904685926733,1.28789972710914
"S54",-0.446662155048748,-0.491771781344633,-0.503052175654433,-0.166258598522754,-0.267188226028962
"S54",-0.439777885333212,-0.875778732961854,-0.0252644407265057,0.432686480608741,-0.565647590448585
"S54",-0.306648430145125,-1.44326533917161,-0.326498486996594,-0.838658685193735,-0.893299907850996
"S54",-1.5362013119156,-0.510357332069163,-0.617732043149587,-0.198022191794088,-2.45872590289091
"S54",0.00837048220715786,0.23433375147194,0.485593936833871,0.0289191387797689,-0.176759417269422
"S54",-0.98135821679015,0.156680126955219,-1.77370400480626,-1.00801927280671,0.544501006760828
"S54",-2.00806567634836,-1.20022298506079,0.282160940446944,-0.848316875920552,-2.24872945255616
"S54",0.82244242257213,-0.656872415219369,-0.164906069663038,-0.497374609574883,0.0755066030110959
"S54",-0.270588321633222,-0.560457711777535,-0.747763840340892,0.91716388165958,0.72882610950518
"S54",0.861163315825026,-0.937447004501908,0.153494887646575,0.833432057247344,-0.777541163507891
"S54",0.448728845114184,-0.37443781534588,-0.671722291337224,-0.210196525670675,0.541517404933309
"S54",0.817785511924787,0.406518238846547,0.632100153278615,-1.01104406557393,-0.593945835510602
"S54",-2.05715032679102,-0.620480040404533,-1.26383365050475,-0.420871811669734,-1.5948197731297
"S54",2.72732424635528,-0.78387051204106,1.22011287129313,2.05218645195573,0.265280567847647
"S54",0.609215514423984,0.073366436417316,0.25461506909566,-0.129501044772347,1.03736182525612
"S54",-0.578332409184861,2.48221219238196,0.105755882205643,0.263442968032171,0.761699760857362
"S54",2.42823455370294,1.02235362160068,0.857965003098961,0.614317874882824,0.115197487838456
"S54",0.380515521715816,0.337065743714955,0.561944230726841,-1.07101720735696,1.18706645318506
"S54",0.989465488778849,-0.693792219293955,-0.512042868553644,0.342765196823958,2.11327802495843
"S54",0.917912668024139,1.39784154818211,-0.368143712008088,-0.219304255325281,1.59413697573579
"S54",-1.46340208103765,-1.1086558275838,-0.588501765982831,-0.0745359468140494,-0.915609556466365
"S54",1.6344882305665,1.66940220599976,0.752328259154116,-0.235705290909119,1.71409142021711
"S54",-0.415848163221501,1.60899989946382,-1.07776147085713,0.837846355954081,-0.617076818731064
"S54",0.663281014172367,1.05267852236835,2.02036746786482,-0.481715769594126,-0.789592415060787
"S54",-0.479646851964878,-1.09801351726424,1.00838855152147,-0.404473522097297,-0.345557388460706
"S54",-1.35357746298131,1.16454020888568,-0.139666592516172,-0.337848958026196,-1.42764194574825
"S54",0.297604748582824,-1.23007340249481,0.407382325796689,0.707490636263045,-0.280339731982938
"S54",-0.372220828195262,-0.411193236147018,-0.197438801267276,0.513489835308061,0.129444895259825
"S54",-0.255605169491488,-1.18632194660598,0.169093736687199,-0.394608694672345,0.525806724310739
"S54",-0.806792605179326,-1.19936901881623,-0.973004764672733,-0.439969389836317,0.0187589798279855
"S54",-2.22256198580402,-1.29319562582903,-0.821428295737277,0.312258357951213,-1.21802827675413
"S54",0.721044513291849,0.862498168513713,1.71654725249683,0.552981208796551,0.0618652039971046
"S54",-1.65466637819482,1.96574152769668,-0.883933659653351,0.711461212433793,-0.288728884731546
"S54",1.81688933977284,0.378897204180864,-0.131203147329534,1.1259318782327,1.92449364936908
"S54",-1.57544672985745,0.139451241923235,0.162515312201173,-0.118908756220219,-2.04434054052178
"S54",1.75166461910725,-0.124920406958929,0.730975381254437,-1.35369682001476,0.930860911698719
"S54",-1.51816201949706,0.935971416950979,-0.0787421732959492,0.0655618873636848,-1.66679473577793
"S54",0.302880321772268,0.185624504483958,0.71168019521872,0.011477151702892,0.515316616891445
"S54",-0.860246282600328,-1.86264100924158,-1.37921459549712,-0.583736909631269,-0.923969775738231
"S54",0.132674791496744,-2.0524863612764,0.428032551480832,0.921766450827803,-1.79304604034272
"S54",-2.30596782712742,-0.880630072638405,-1.38771549323301,-0.417604222723876,-0.543720043028318
"S54",-2.86317694809593,0.851725567041973,0.254820069375793,0.241054801600155,-0.57778398005777
"S54",-1.95849368842986,0.57159811837013,-1.37811207224941,-0.55009674048556,-0.00584829689489719
"S54",-1.16617783511175,0.713592280383252,-1.19442986340489,-1.18369060742572,0.595738800302944
"S54",1.72095403153575,-1.26782191198496,-0.0211814492205559,-0.69999313768166,2.0991276462293
"S55",0.0313950741796059,-0.500252841147256,-1.25967842402055,0.0374474414689626,0.560851610750533
"S55",-0.787064816791815,0.203771246236356,-0.934464956914291,-0.566884286845675,0.7806088007737
"S55",0.961610748083615,-0.677839662366751,0.00725199417623656,-0.220391588380305,0.651743724567023
"S55",-0.809621372290557,-1.48556155254691,1.06486225697009,1.50497202876406,-0.936469524803494
"S55",0.806440597199796,0.627013543503077,1.67259328301581,0.506678096402059,-0.42012228147851
"S55",0.157851276332603,-0.802470506610174,-0.103904725123705,-0.855645931830136,-0.276027715321323
"S55",-0.841212122307126,-0.948534959446087,-0.492139602458028,-0.545559902836345,-0.388733184519794
"S55",0.502928581670294,0.724781520697783,-1.12411696232009,0.633513410513012,1.03897053078092
"S55",0.866314991385022,0.637769185942188,0.0858500880861256,0.777846153222368,0.317890953801688
"S55",0.582876457299348,-0.0247514873425436,-0.211277336372306,-0.591095098581929,1.12678853916576
"S55",-0.786904935008459,-0.663332835048127,1.14677843110764,-0.828061403376362,0.00879284887127318
"S55",0.918897837960456,1.22995064534774,0.790717847286022,0.419122038920155,1.11564635681884
"S55",0.201647039304486,-0.141919636398289,-0.536249730542957,0.504591154811062,1.02249238931852
"S55",0.695742385062305,-0.0394459839190558,-0.22473846257397,-0.0469442290600763,-0.774643550532711
"S55",0.393035570524227,-1.36596792388232,-0.520054123781366,0.168394678449658,-1.07135263933396
"S55",1.60297092658676,0.880358309605103,-0.39562378314464,-0.122528171594048,1.30693003800596
"S55",-0.413835512529462,1.52206956194564,-0.352752979449879,-0.0323361503320989,0.886149056917238
"S55",1.16840068011221,-0.363177686855543,-0.220386561994776,-0.990817633245982,0.685487942374829
"S55",0.614335566590202,-0.572569946712825,0.563847024427946,0.0849760307091988,-0.0615636188999156
"S55",0.85542609345391,-0.0822006982839812,0.827627894712375,0.51439356536087,0.9708679930231
"S55",-1.44750518355371,-1.6746279667237,0.50506108936959,-0.201742284531509,-1.05803710676169
"S55",-0.728650344683148,0.418476371168278,0.362117126904051,-1.92805199323834,2.01479074933068
"S55",0.0221973812050913,0.442239948035847,0.778964991908245,0.636163916607841,-0.701427528495808
"S55",0.762476299987249,0.384673791193998,0.409072813727988,0.324953341576875,1.78745862296368
"S55",1.51113006412082,0.772613633593318,0.447192017839809,0.897467122604985,2.36625557570838
"S55",-0.34012383221964,-0.0656095705092926,0.142419387233538,0.939445394333385,-0.967566397295627
"S55",-0.33009357849448,-0.197595122048775,0.271765390955537,0.190398686993169,-1.10411157408979
"S55",-0.0488494594544256,0.615974814986665,1.12904019673175,-0.857260586029729,0.339724521734678
"S55",-0.775274161988586,0.466331716052645,0.471245842033994,-0.295665618068006,-0.924253748316338
"S55",-0.438611264678849,-0.356257377969504,-0.985562382303113,0.695906376107133,-0.346249224245695
"S55",-0.707879284913723,1.29092111710653,-1.2212612511641,1.00209781271417,-0.283904692035785
"S55",-0.0101907368644196,-0.0918356648896651,-0.147203969524403,-0.43927880500558,0.949476969960403
"S55",0.770651364668461,-0.432732106111628,0.437901939887652,-0.0366658162263459,0.00284474992732422
"S55",0.538182540482527,-0.410041463200677,0.0259934020395867,-1.48983792630979,0.692729551902667
"S55",-1.9880000437929,-0.648360504940157,-0.947473421683502,-0.642442599007797,-0.191824408243101
"S55",-0.274075697678367,0.00529860941069033,-0.362480629985369,-0.484500772692309,-0.132720636929439
"S55",0.785399668269544,-0.914331436386547,-0.204419344330764,-0.679074837495012,-1.35373438534642
"S55",-1.79265956388971,-0.541477024751774,-0.433558588501054,-0.157465779456099,-1.83009700029157
"S55",0.448039846272996,-1.73366606926306,-0.931560440012683,-0.968184043221926,0.505541579050311
"S55",1.55743647834211,-0.0828592402592763,0.338763553989557,0.0764383036576105,1.78670124222973
"S55",0.154864600622856,1.0013119518135,0.834967467368654,-0.130825576464475,0.214432052341206
"S55",1.37669229835927,-0.600045319702927,0.923422157416014,-0.0743635857018283,0.845031785324283
"S55",1.27802017528086,1.79424455484417,0.783017558358912,-0.0480286501888735,1.30762162915685
"S55",-0.667421369402983,-0.656328236478349,-0.487160956322058,0.741894717853691,-0.707730136001195
"S55",-0.566011551081382,0.307551326579694,-0.504453905599293,0.140465357600843,-0.211041772524259
"S55",0.499060025398834,-0.620350875006522,0.906116332203817,1.11261329187735,-0.93137694922677
"S55",0.570486007895554,0.508053751946363,0.123813855030663,0.0424523681756329,-1.34192019775
"S55",-0.544902844130311,-0.388916761227496,0.833890123563559,0.100630244555006,-0.602166819439582
"S55",0.326562558568874,-0.525389585414852,-0.227506918538658,-0.508832620688549,-0.851924728931918
"S55",-0.0847616260407956,-0.79347056077547,0.767161744691292,0.451091998705873,0.014105013354462
"S55",0.0507985591378975,0.122632614250659,-0.560833287447276,-0.435316395504661,-0.649809338701279
"S55",0.167344058708984,-1.05385329909936,0.602257574287009,-0.805586778622033,-0.200951594337438
"S55",0.196828078640464,0.264394202534789,0.114051665816554,0.20485064643228,-0.708847375546984
"S55",-0.198767983514558,-0.504249463274307,-0.685063015257859,0.0725503815820282,0.352973789244168
"S55",-0.124168130267303,-0.229435428584107,-0.483783199796847,0.608158008546378,-0.190222001045002
"S55",0.0199732606147096,-0.301870967892775,-0.284887635333458,-0.0262327654478082,-0.723650702058102
"S55",-2.51151613188602,0.68963024423569,-1.12295459173413,-0.201427949900907,-0.763170231124117
"S55",-1.30487540881736,-1.68284013295457,-0.151947551559563,0.9207717033389,-2.03741676288476
"S55",-0.0501677044982298,-1.28589170230325,-0.654850538039925,0.742015386397983,-0.184698240345679
"S55",0.572629423491973,0.483418670842626,-0.220024849935148,-0.0648055290423616,-0.309367072998878
"S55",-0.464772497247419,0.783264073567806,-0.692621390928604,-0.984337402553544,0.729385020723461
"S55",2.27321999878313,1.19877401320045,0.593942697954832,0.232385114406007,2.01235619661208
"S55",1.02778895961671,0.373169377666103,2.07719284944904,-0.319919071935044,-0.249534888243152
"S55",0.697079129479515,1.51818913216864,0.271133054290329,-0.362936621023575,0.831706884908084
"S55",0.359852505101878,-0.619569666435425,-0.509844652212079,0.682865429702333,-0.714132789945798
"S55",0.0278045622997384,0.0221109063117008,0.260145267533978,0.439985503822478,0.338525834110578
"S55",-0.0588946992162628,0.170950483868812,0.688696245154206,1.21748557705664,-0.899111398027655
"S55",-0.343632746292356,-0.889395990498483,0.383510007560092,-0.4557232332908,-1.51465399924767
"S55",1.08663400435539,-1.22318095006766,0.454057679955033,0.022362044525978,-0.606551880441198
"S55",1.5729163803484,-0.0546631684644536,-0.456433552718435,0.957667771978496,0.0106185136808887
"S55",0.847707509212458,-0.45639220954757,0.0323270123914356,-0.480093485942395,1.46716426010724
"S55",-0.2805933826262,-1.45501514776559,1.44985010069886,0.487792775790211,-0.557837522895014
"S55",0.438632319989473,0.0960603171295476,-0.734901930269155,0.36977129839763,0.817371898134861
"S55",1.35658761609257,1.8406599031847,-0.208295743542998,-0.655696665071749,0.771535551617506
"S55",0.0472909225200159,-1.16775194179748,-0.169655916883215,-0.439786993871184,0.975947078089453
"S55",-0.494151945150885,-0.315591026582974,-1.54265786686745,0.17760797069535,0.341549522162369
"S55",-0.167143688826354,0.394300219039087,-1.13121213955695,-1.40696147275878,0.402057221965339
"S55",0.662688229386354,-0.21626128322429,0.317569254725336,-0.348963717676591,-0.96636376279393
"S55",-2.04611962886256,0.616421912350868,-0.415898590772294,-0.612889503686635,-0.538900930415506
"S55",-0.123141866016644,-0.143495365149084,0.207297326860269,0.321955751004314,1.01344325189173
"S55",-0.67964125631046,-0.0341486277312192,-0.342804910726212,0.146384910603395,-0.0852349117593682
"S55",-0.133404255251904,0.615171483115371,-0.116724180852552,-0.637911951610784,-0.731041146802124
"S55",1.51257953356623,-0.955879968480776,0.51282109351176,0.519479120029034,0.791631326654743
"S55",1.44761569672567,-0.738563958021355,0.111410713680205,-0.0646797652708372,-0.768566727947127
"S55",-0.601164701954776,-0.359153496520432,0.878878889974352,-0.342218796914464,-0.369886764275243
"S55",0.601349999147122,0.69944362953598,0.134840938077593,-0.291818058381955,0.566142575530856
"S55",0.19265793753426,-1.62244264938539,0.309756792636004,-0.387033645706792,-1.12977760539836
"S55",-1.35250825604202,-0.513864589276414,0.331319672751034,1.06468428970469,-1.50292638903575
"S55",0.336687175939217,-0.246389188578897,1.16887765880727,-0.696859049999883,-1.0815049432779
"S55",-0.780038740614303,-0.141060503285477,0.0906409518499518,-1.8996894083272,-1.2492200469747
"S55",-1.2954304272644,0.457060293556833,0.274116745286626,0.709975695698834,0.915427716209115
"S55",2.01557466320176,-0.929036374399519,0.930585162170114,-0.36760770280737,1.19041847858743
"S55",-0.567478405549439,-0.0863265821237977,-0.172045928637354,-0.253870641567686,0.760691362127767
"S55",-0.229044888813649,0.224585173827141,0.0607603819241248,0.0530720824991686,-0.15953256694248
"S55",-0.716219703437258,-0.670544945152577,-1.06650302873665,0.734344766547075,0.219749004187874
"S55",-0.796132564591417,-0.746032575574469,0.795996626297626,1.62999945029335,-0.105589785055254
"S55",-1.06285367052395,-0.696777691157448,-0.859456319833346,-1.01981124068344,0.520174901077732
"S55",0.078294155046882,2.36041132409462,0.352334401914521,-0.145303673136636,1.31938763065715
"S55",0.198044431055607,-0.832575820534967,1.24630160026216,-0.293733049935512,-0.200783499023879
"S55",3.36302736405992,0.20745247166443,0.7077158396865,0.22476906101333,0.984764271723207
"S55",1.12662015026491,-1.32831617517749,-0.0290776799293084,-0.347392793012494,0.0767268271799049
"S55",0.612585443961294,0.790242215180996,1.56770149932833,0.560203966389795,0.483780570916896
"S55",2.32046749057994,1.2713790144769,0.485177149780198,-0.888117820183896,1.36980584115646
"S55",-0.0540875764308107,1.22104878115198,-0.585110061770815,0.681529461938128,1.22897613100307
"S55",1.93043386112193,-0.570344951497777,0.498507047724708,0.117338750888543,0.352256216383888
"S55",-0.112073337616873,-0.302621640289657,-0.412555416030191,-0.18589976947071,0.118613495853695
"S55",0.14772024817358,-0.217183822940116,0.398709475516852,0.310321697538495,0.286753907628347
"S55",-0.87045635767655,0.860143149760219,-0.661677604754161,-0.495637833110845,-0.646038513845611
"S55",0.518396756514662,1.56382055350379,-0.287273094561955,-0.113488619649898,3.46353992760308
"S55",0.752578925062178,0.459049586316431,0.44454842186516,-1.4181617883641,0.304684416513485
"S55",0.615869299180033,1.32947501524856,-0.934826729372304,-0.886990250228465,1.93261314081047
"S55",-0.221897694651075,-0.744310945010323,-0.15635970657775,-0.454537571288507,-0.187709071337375
"S55",-0.327036803749923,-0.293558491947186,0.139603642136971,-0.628208175646292,0.0402587372287603
"S55",0.710511210162033,0.645472770542954,0.477405428548844,0.0541774014196777,2.64509893283244
"S55",-0.549122271459059,-0.0904593950941374,-0.151462988220233,0.0948942323512275,-1.5041745027678
"S55",-0.96032247257479,0.216206246090848,-0.284249681007159,-0.18617775896651,0.665638565256118
"S55",0.0571667310967323,-0.621005575322097,0.17949682075019,-0.53391079668369,-0.614083068959277
"S55",-0.268668538481279,-0.861425999449701,-0.589885887702079,0.475570127856647,-0.496500671351792
"S55",1.10305343296037,-0.435288188859153,0.163387456920608,0.252540907028748,1.19382021751418
"S55",0.390369073121414,0.477946145177155,-0.344630790580281,-0.607718847437587,1.31804121716468
"S56",-1.61816745610592,-1.03843716836886,-0.507393528159116,-0.264281695480187,-1.99911061110811
"S56",2.15528182517352,1.98744998481108,0.0875433535564548,-0.252491853287265,2.99457916906157
"S56",2.31859684084149,2.16042270386131,-0.729179075373235,0.791631483440456,2.01672435253846
"S56",-1.04324399013297,-0.594797566692302,0.674182464187406,0.435445467262556,-1.64865186102424
"S56",-1.14175908383993,1.15396692786282,0.605372141784743,-0.287110002872341,-0.0557377676483923
"S56",-1.0184597199207,-0.812630233307692,0.136126588591268,0.611504368741914,-0.261957777914433
"S56",3.6513736999733,1.35670894012432,2.38484035483723,-0.50865206712292,2.8954899562712
"S56",-0.488029104349257,-0.271446553278542,-0.569737562886298,0.99742197488008,-0.424039167251694
"S56",-1.20867015119008,-0.0432224573419335,-0.929611183342338,-0.431267229317004,-1.67210183701798
"S56",-1.42554120422359,-0.949981761242411,0.22865546872337,0.387130982972564,-2.74432617632574
"S56",-1.51437434457178,0.428281310209213,-1.0435291698939,-1.14161509495852,-0.637215308891836
"S56",1.46768223452974,0.819342944868531,-0.420395020153497,0.491811497647028,2.28043104966429
"S56",1.54914195511427,0.380180987241666,0.825191611387812,-0.30864062974842,0.992035685065073
"S56",-0.481417229781881,0.1979014537455,-0.174501790433948,2.05099897451644,-0.189150114084505
"S56",-2.16438020973443,0.242312658545713,-0.174524999904651,-0.935592371429682,-0.67605787872444
"S56",-1.49103880875014,-0.042054147677485,0.0632818151148282,-0.986333275158149,-0.283919903277086
"S56",0.282128099956963,2.12071191317076,0.183065074972009,-0.852182467898752,0.663974114847473
"S56",-0.46067052642773,0.370511704143608,0.661984057362875,1.37652779086508,-1.07240259928896
"S56",-2.56952724680969,1.42629283151259,0.123034039039156,0.513701480902245,-2.20295041869135
"S56",1.53125778830609,0.18359084196548,0.738380371712393,-0.403790111538774,1.51035180531499
"S56",0.736685842712762,0.422681208198624,0.862048672095357,0.450368751245338,-0.805230642274413
"S56",-1.41231660867324,-0.843904386408132,-0.591009909863841,0.142334817370845,-1.49089087128091
"S56",-1.4185520010764,-0.296838411784536,-0.498564307503548,0.167274385183723,-0.0499604037504821
"S56",-1.12630260099834,0.2721164421045,-0.70098381877782,-0.0496012149478102,-0.774707668659364
"S56",-0.264341596679167,-0.497794394767913,0.44409948104457,-0.0471265646757666,0.0426743104480481
"S56",-0.429539909015365,0.340695797282519,-0.241673081638194,-0.739066881503967,-0.185197352530598
"S56",0.734893917382447,-0.233200083789536,-0.269301772763904,0.221199143299354,1.72062287919853
"S56",0.0764746278092511,-0.122321202703861,0.181007617033121,0.121649482846353,0.0511373450017011
"S56",2.37172081822531,1.76254289461108,0.604119165184559,0.614929216686367,3.09449453532782
"S56",1.59642401796331,0.04452013669259,0.940223532175611,-0.163333848380373,0.248799270511064
"S56",-0.797731225196458,-1.12396823823145,-0.108163944987634,-0.0288654414340299,-1.09895477972514
"S56",-2.9115528335803,-2.08080366879511,-1.42631258539984,-1.44973560206991,-1.31398231080223
"S56",0.128679871029609,0.930928616735926,0.252645386316071,-0.226763772313193,0.0851884828769074
"S56",-0.67193989494967,-0.931706267008363,-0.203650732054913,-0.014074322768379,-1.53707774627941
"S56",-1.24773431681526,-0.766456741027052,0.733341249180067,1.07874424352606,-2.23311339860015
"S56",-1.64074921701568,0.0263816751454687,1.52296361435042,-0.120711238474511,-2.61998485506717
"S56",-2.59063845892693,1.40235614770809,0.0196065472794744,-0.0360928282973598,-2.30199881836461
"S56",-1.99005415159555,-0.45829733098423,-1.22459354084102,-0.485815434397713,-0.919030156765737
"S56",-0.0792012737532255,-1.51210644328107,0.511995492956312,-0.170669896327684,-2.02223092090171
"S56",0.17689239454821,0.119144866079566,0.467057832416423,0.895151965012363,-0.45309236530809
"S56",-2.48157638807889,-0.0175694748027777,-0.127819676262394,-0.789248957869389,-1.65869906760088
"S56",0.324064575364696,-0.376009387844584,-0.92754503599394,-0.63768205550091,0.138735536977444
"S56",-0.863029649345668,-1.04262905718951,-0.957650969343355,-0.903210255306225,-1.65039108457698
"S56",-0.521451080828191,-1.53443349831185,-0.614760539682145,0.247720658516712,-1.60653299112371
"S56",1.72453447550467,2.16080402024357,0.895643348300987,1.14042171964301,1.21160682318608
"S56",-0.506362954197899,-0.192470807521939,0.0162371714605891,-0.198028931583448,-0.319499729946638
"S56",1.51172969263037,1.71663404354378,0.385047279772953,0.150315951386289,1.83984469707746
"S56",1.00583146123044,1.07268868472884,0.358023650139413,0.179989408261081,-0.272147849532563
"S56",-1.88691171990301,-0.138636896876929,-2.33441673557677,-0.363188363374748,0.0673922378433398
"S56",0.106579934498185,1.7945849561815,-0.0843911281353704,-0.437570363085926,0.747067594402496
"S56",1.7271194905562,-0.619353477529811,0.158022162909938,0.0908572733238221,1.81968207617362
"S56",0.602615540210961,0.589869917302308,0.0409167518587814,0.67070958368236,1.47454570597546
"S56",2.89214322882898,1.16461674424601,0.304309407805462,1.06826048378845,3.17655692926959
"S56",0.156906777780598,-1.02114055547257,-0.249813560160053,-1.36024798019328,-0.456784605492607
"S56",1.24507788720998,3.29136618100004,-0.210928047984509,1.69106378005678,3.07268455665816
"S56",2.24184172171121,-0.562348046333173,1.41375845194113,0.290827650018271,1.27425736442527
"S56",2.66062143049345,0.850227342344898,1.27020967519703,0.888514669885184,2.17336075252571
"S56",2.07821675204478,-0.600540232374154,-0.241934808737681,1.44734263693039,0.0671868796156814
"S56",-1.51940166454175,-2.38407640043445,-1.29207188440766,-0.687757113622018,-1.67883778538053
"S56",-4.06311023685215,-0.525622183934113,-1.53693318655443,-0.0765052653627554,-2.72527980452772
"S56",1.16335685336211,1.26063699650675,-0.676046416341698,-0.795022135846982,1.7385706442202
"S56",1.03168023293357,0.956897386553421,-0.0948474425390164,-0.205457800293807,2.11759446371053
"S56",-0.174137254636917,0.765690966368715,-1.36705324507811,0.795368838113541,0.58083377722079
"S56",-2.35001947894752,-1.56897258895517,-0.497683897375679,-0.803535211531175,-2.05032446898116
"S56",-0.887912234575277,-0.903679042707626,-0.145067248255198,-0.255442997213665,-0.107748419817823
"S56",1.7391754795897,1.15344250300732,1.06850173678233,0.0181584786402608,1.49660322457109
"S56",-0.0802967340155982,-1.02455246798912,0.127338371987121,-0.445834684346316,1.1312362998377
"S56",-0.433553661464472,-0.202599449607247,-0.268652200413062,0.146976707798324,-0.0573666740162672
"S56",0.196022699388207,-1.59867055876971,-0.697677812904997,0.336880993781855,-1.24755511814743
"S56",-0.628012512682188,1.03445813763073,0.528986489764462,0.0454600490251997,-0.572735418558508
"S56",0.55005857742589,0.798368154075247,0.29444305399362,0.685805948377317,0.450896755307795
"S56",-2.47452310135273,-2.00200660074681,-1.95144956652469,0.292456916623918,-2.00201600229729
"S56",4.71322194729932,1.53881726157721,2.58224913583387,-0.172356569299098,2.17131115721067
"S56",0.182664554289263,-1.39749955009052,-0.153759667626241,-0.465559191760053,0.235770725848259
"S56",-4.05070350873024,0.351463207525775,-0.661370741977538,0.22598402957426,-2.13041331515915
"S56",1.73633549589505,0.9839839148642,0.442955624911141,-0.707083416100432,1.235549931839
"S56",-2.59622534807627,-2.09445915951443,-1.63849858706775,-0.716236023407538,-1.21506585581862
"S56",0.788267126828542,-0.359653901504131,-0.55847845350025,0.173416467588603,0.524164069524977
"S56",2.27834913064994,1.25705211725611,-0.0854271370782261,0.701874319378039,3.48555905807967
"S56",-5.14889727560542,-0.951006438303528,-1.38532933201017,0.101102595387293,-3.77161851596178
"S56",1.47128051338998,1.21777868116426,0.795569686566418,-0.818669926722297,2.70427095098737
"S56",0.524357241606875,0.0308884682890779,0.273946770418823,-0.598073724803446,0.701699672792194
"S56",-1.87906799657599,-1.2701873825334,-0.871722384772728,0.726605776008829,-2.28996014539786
"S56",-2.56831506154945,-0.507433480470681,-1.50278371790258,-0.108943515160113,-0.551132161597509
"S56",0.435053977261936,0.520358081229688,-0.531079814983381,-0.151403447627764,0.807608097050884
"S56",-0.790765472956225,-0.352110766398302,0.435688612743745,0.235592857918916,-0.209002873188127
"S56",-1.14049914432055,-0.0989735978616834,-0.525057551804186,0.0651518484075215,-0.97825993306877
"S56",-1.05701120361171,1.38244297658811,-0.281554428485694,0.495027132170694,-0.362207595626377
"S56",-1.48191273373767,-1.00406749606173,0.982981472343571,-0.362424245534242,-1.12149293185385
"S56",-0.446158083508243,-1.11364186852167,0.460400821444091,-0.0419081766679267,-0.709853818874422
"S56",0.272495601133309,0.872023064910621,0.742538028366179,-0.295633109976037,-0.837606906717311
"S56",-1.21739977133882,0.945795965126425,-0.389052970429355,0.233295703338252,0.722735574336081
"S56",-0.0688429133824726,0.95459268599646,0.318081529470558,-0.0688751220918491,1.68690271864387
"S56",1.18493642446454,0.185840301634211,2.09749601373052,-0.379228765285299,-0.788312158275844
"S56",1.40623809134703,-0.173571040965689,-0.104060577271411,0.0679409879875162,0.280520298451889
"S56",0.626409572484198,2.66561687077997,0.590972599731998,-0.580019922765684,1.74897631743265
"S56",1.1777478910732,1.18536769417939,0.222461152085428,-0.186735726605381,0.302048982502365
"S56",-1.46927401428735,1.31367797574061,-0.869597016868536,-0.159228959296429,0.227982818913907
"S56",1.09887493668567,0.344979188086644,1.21386786883328,0.762967680857688,1.90734009650828
"S56",0.846888712273784,0.170876106745053,0.117264790816767,0.0624323189279261,-0.422454492450539
"S56",2.8181864612315,0.179320159472887,1.61250552953779,0.597472155273369,1.173725016628
"S56",0.0317714225294562,0.141995677626488,0.301114201883388,0.244431417419555,0.215793564533696
"S56",-1.09212880015839,-1.27622341550302,-0.578022324065443,-0.23579834363578,-2.31426683192244
"S56",-1.24779522223368,-0.736536426005069,-1.02683372025457,-0.161485961969245,-0.853142995594075
"S56",-0.140550571488989,-0.517818608723955,-0.270007864991322,-0.469195023023698,-0.672059804924542
"S56",2.71806498350297,-0.284952177653005,0.755735776485122,1.23722275364513,1.60617120451976
"S56",0.631352843958231,-0.731592721002028,-0.547304107526459,0.277894994642565,1.4033329559825
"S56",0.447799535568339,-1.31898288837487,-0.510628968757257,-1.27843934291661,-0.571195111052642
"S56",-2.02383463152308,-1.18163695912566,-0.0906651153350661,-0.799920001418386,-1.36129176220616
"S56",-0.756631895616542,-1.11376365168416,-0.938921730159606,-0.50205894330327,-0.665159696890411
"S56",1.78319388770527,0.236581586188303,0.386510791445646,-2.19361486233342,1.81199374838368
"S56",1.06326956632168,1.40942996061495,0.422100241015772,1.3026315727973,1.60387745872034
"S56",-1.41718858032159,-1.16603082514584,-0.894036995497955,0.0709617286898897,-1.83015834812242
"S56",-0.259100159468082,-1.03838439102369,0.0477443178891767,-0.496093857564725,-1.41677783808275
"S56",-3.15566704645276,-0.0802478611571135,-1.46442041709366,-1.06060940725483,-1.79638553663614
"S56",-2.7944692499269,-2.3489131105548,-2.17843465798871,-0.63552688607493,-3.01937182243347
"S56",0.521693408285183,0.611857344566515,0.105158298503139,-0.021819890750933,0.755576393419465
"S56",2.04722122727842,0.572978331161882,0.774600613846054,0.346755800518176,0.504530862530105
"S56",-1.18998528017618,-1.85237770888143,-0.674982616668703,0.171068707397313,-0.658065188286443
"S56",1.79707118438614,1.74229740875231,0.282820728518448,-0.505519143388577,2.58690522007117
"S57",0.329921210038801,0.197890102270535,-0.190949115679498,0.0882654052624501,0.772371249956473
"S57",-1.32406698278974,0.361981542527005,-0.452471814643578,-0.778369815486808,-0.0511965390977598
"S57",0.544702834919062,0.796836808143101,0.741738112626998,-0.347051357705216,0.937767913644557
"S57",0.696758405340875,-0.53899050903476,0.199020883257021,0.91502332906866,0.462824264607226
"S57",-0.608457649020249,1.02332690802795,0.270615493225472,-0.0285820402226067,-1.08736787537948
"S57",-1.31066561053986,0.58902662295366,0.728249957729179,0.736316352259447,-0.721758039410945
"S57",-0.366992219075948,-1.13469282897119,-1.00609401309749,0.16370616604324,-1.74239156326088
"S57",-0.940862568500348,-0.304778788197023,-0.411790106199858,0.701305102294169,-0.649326414423301
"S57",-0.188443102352611,-0.144944612160974,1.19929237752952,0.757628227872396,-0.56857303995589
"S57",-0.23470733386138,1.00031002060503,-0.467119846327916,0.19144446048779,0.482478636614296
"S57",0.0635410771046526,-0.537427108910314,0.5349780595388,0.671192573962563,0.71984377657783
"S57",0.931338348347837,-0.933634613036674,-0.567493718341636,0.932592456575503,-1.78298018944145
"S57",0.241681512970397,-0.225224703582925,-0.70604190538116,-0.553533096959456,-0.273133364914911
"S57",1.30997131008164,-0.182846901222698,-0.209523327391555,-0.266050335137287,-0.957703919365327
"S57",0.0891354953521623,-1.29625402582076,-0.062547850787435,0.241150250868321,-0.535887244787311
"S57",-0.506083899370489,0.0777184574178071,-0.636859579515906,-0.910205993029127,-0.104641219868431
"S57",0.719130458604859,1.06337677081922,0.341156371559717,0.0946762521903891,-0.0732944450071599
"S57",-0.304159089452328,0.843742979171445,0.688840589652008,-0.44995762072523,0.193002239505598
"S57",0.239978243895771,1.77479653658714,0.797643066466838,-0.0604703339292674,0.66624419675627
"S57",-0.522725042588226,-0.0675387720934271,-0.218853971936339,-1.01625566524626,0.676982980710943
"S57",-0.57398335358424,1.23078529820841,0.827961256747496,1.07060505728558,-1.22028273406918
"S57",-0.00214808579359832,0.758038320013317,-0.522437025108549,0.348198359072365,1.18684294841607
"S57",0.677515300636043,-0.135494880226971,0.726411840857539,-0.468080100825737,-0.215294993041033
"S57",-0.0352031401947741,0.178001639809228,-0.438077648391329,0.775155983678129,1.31168656610414
"S57",0.246050203438179,-0.864891236749869,0.805809747635817,1.07866638062727,0.764276125516611
"S57",0.715364029854483,-1.03419738602831,0.297617887324271,1.17250880251613,-0.0753093875546475
"S57",-1.13438041298775,1.4714493641203,-0.777377540275129,0.57142283589516,-1.25016481406824
"S57",-0.239714199525317,0.771831164032957,0.0144567467178601,0.531205231359032,0.658520231727743
"S57",0.561247225336526,0.408588092688761,1.28126970064199,1.19042272562158,-0.387519490770092
"S57",-0.202873005531291,0.109013843720615,-0.735200340943356,0.0581296831230978,0.409055177344049
"S57",1.90456770280793,0.881396714753067,-0.0112707957280254,1.04858411987829,2.10383028346871
"S57",-0.677709702325169,0.916203352586751,-0.986741778499362,-0.414805921862609,-0.329540801273651
"S57",0.312646431159213,-0.132821842933494,-1.05935952225388,-0.938930439570947,0.621516546052233
"S57",-0.107174695083247,0.671336629160991,-0.122165032961364,0.210858844137062,-0.38749421340194
"S57",-0.0487900279635608,-0.700036417665709,-0.34816992676751,-1.2293313466355,0.499199833663397
"S57",-0.741713698822365,-1.84996097195251,-1.50168528867972,0.315271652770177,0.52642171941549
"S57",-1.03106434843827,0.161534491045345,-0.176250633725895,-0.139145764078523,-0.00403241634025762
"S57",-0.360626327140134,0.242557371892321,0.741871629115358,0.527879313451631,-0.326247993067463
"S57",-0.514475135871528,-0.386270119019061,-0.0711132025137869,0.174170569888279,-0.601987377087666
"S57",0.62178113816953,0.0523706414891508,0.65865939552323,-0.259165327267539,1.3417968524967
"S57",0.163094956520595,0.034357794341763,-1.05086416452746,0.971625201136445,-0.765864165098453
"S57",-0.67530821740172,-0.503164946115691,-1.3726995271721,0.368921136628374,0.106485501698303
"S57",-0.512180413649151,1.05364584211323,-1.78386462820294,0.0779597269476247,1.6085579445155
"S57",-0.633345442271654,1.3402957525332,-0.282453286170323,0.510834183811043,0.90703179273608
"S57",0.289919828346794,0.358823474886365,0.245394168526693,0.361686467998321,-0.327951010859162
"S57",0.0185989490411843,1.88387930296279,-0.729245680457945,-0.128048762294776,0.445920663967868
"S57",1.39928447542809,-0.37848130867587,-0.438126770736747,-0.595519840662099,1.21358289817863
"S57",-0.428896575730967,1.4873839916988,0.2806598937287,-0.0994290092382192,-0.744689880388208
"S57",0.220183069251387,-2.29018435266655,0.10510186123365,0.977486466781889,0.284510876123315
"S57",0.692509226285689,0.876859715134529,0.103153390198722,0.402862978007923,0.563261065775095
"S57",-0.334662733009804,-0.0708248487556358,0.0868820948590625,-0.478969753783989,-0.17694556216599
"S57",-1.0719763304893,-0.0277775324770858,-0.373793402116363,-0.228457967152961,-1.19943255834765
"S57",-0.0611686017098678,-0.498553789308011,0.0128234172239395,1.04719454804215,-0.226072175018698
"S57",-0.158757192032438,0.143010964330989,1.27055694966343,0.135509911179941,-0.491302427228121
"S57",1.51622170138373,-1.26165141722256,-0.485671359470897,0.0527602697299186,-0.505651908817796
"S57",-0.733434676949403,-0.744810919886083,-0.477248372428802,0.613624019877084,-0.404060083260677
"S57",0.00982522018219292,1.76853976816278,-0.398468793654947,0.0679380874833553,1.02039543014858
"S57",1.19822334996115,0.44906639502905,0.959367532027304,1.16682421101386,2.15124156300752
"S57",-0.263520844440755,-0.205165488060629,-0.555462577816099,0.908670020780195,-0.654769040474923
"S57",0.0920271189794176,-0.858948118049483,1.5962746091022,0.831124246883407,-1.23375562860337
"S57",0.400214838192603,-0.3528128694542,0.71983790929737,0.409441876353986,0.185677750712177
"S57",0.931705241380151,-0.334364191633008,0.414076073372023,-0.032565149276348,-0.355313644364201
"S57",-1.08272536113302,-0.183099403191166,-0.505468992737088,0.660579488371172,-0.533098718033464
"S57",1.26882836604964,0.63769600059507,0.315280721352598,0.177754857551747,0.188121382631152
"S57",0.48895035881161,-0.690616469209769,-0.303548205472172,-0.253445400609731,-0.143664706351597
"S57",-0.443111591466827,1.50748701953172,0.00920440353625821,-0.571934310410424,0.0299934225129762
"S57",-0.104101017226453,1.55678309969898,0.572160565609312,-0.461999136706529,0.737714847036585
"S57",0.814967610046224,0.475790548774128,0.225655482434788,-0.0316731433112239,1.52243791835725
"S57",0.613347493818112,-0.137923302926053,0.564148653543924,-0.416088194332457,-0.736255922901243
"S57",1.08964215921768,-0.456819867732369,-1.24033588998129,0.0380543533582901,0.986263806809709
"S57",-0.233373217628385,-0.160571661131023,-0.479125885853399,-0.223912870293683,-0.286092818154804
"S57",1.0074203198763,1.35194349024126,1.14352468386055,-0.165511855608149,0.472824710376222
"S57",-0.693393583793179,0.381342172636643,-0.303659704456178,0.138506792151025,-0.673479985116347
"S57",-0.661125439720414,-0.0972342913002746,0.317865730990199,1.37352649634603,0.632963914805903
"S57",-1.7192572513175,-0.103035061032606,-0.939752272120967,-0.340054974674787,0.40013752954497
"S57",-0.107811290073217,0.446497245808682,-0.190547661201699,0.389017905871773,-0.610364863875405
"S57",0.0375289081408876,0.405234771241405,0.641635405914242,0.332847899836741,-0.0189794848059389
"S57",0.0806486816277993,-0.0209977792785831,1.028654271829,-0.378384374934052,0.118377859168293
"S57",1.03936489333279,1.12460613386897,0.107339374611738,0.51462433735505,0.417352794700018
"S57",0.197315836585883,-0.116993242614697,0.546113900266744,1.46131984537495,-0.953219825794469
"S57",-0.843440413599959,0.580260750125478,-0.192182681945523,-1.18778053513222,-0.455377911979796
"S57",-1.23581227549313,0.982208401547346,-0.677721757889757,-0.426118384708018,1.29237909626733
"S57",-0.0812900939397595,0.25403274632279,-0.476435539255493,-0.280764454901182,-0.782151126693052
"S57",-0.182224394540603,0.401277194351785,0.155397677786626,-0.285515022805237,-0.587415266967594
"S57",-0.351822970108303,0.566048715152581,0.239522775799901,-0.673556118516339,-0.0522233601997096
"S57",-0.0182488617496854,0.334287810946428,-0.600774418154434,0.401886086444855,-0.290291230882498
"S57",1.14007269198609,0.531322709195408,1.55789332701197,-0.699434837069332,0.53938086261658
"S57",0.181535373553989,0.988837495765791,0.872399180653399,0.427436738332791,-0.593795757109675
"S57",0.8574209790062,0.575389733636272,0.281667387116751,-0.335506378736236,0.992735058731487
"S57",-0.35713493705303,2.30374124782836,0.502750876757345,0.160454600852089,-0.223264348892073
"S57",-1.35736771943538,0.429869414387537,-0.0817905559264163,-0.308887450192967,0.278287750916465
"S57",1.14968698775982,-0.31009720314653,0.225754327930457,-0.598636310670986,0.713235160023675
"S57",0.582259117831777,-0.287277604943948,-0.407981737016684,-0.328188591540316,0.246534143603781
"S57",-0.596022645774211,1.45369145919459,-0.879220848549631,-0.935610116546646,1.31997900835534
"S57",-1.17534020281742,-0.543537177373031,-0.848370872690127,0.082993555131719,-0.220597710317073
"S57",0.851030943965531,0.500901702106469,-0.695473520477552,0.0014582403159526,0.276108602334167
"S57",1.60590375173606,-0.00603176410262865,-0.605461946260981,0.54106634483174,0.265762255986947
"S57",-1.51534641234787,1.85094548993796,-0.248190458975394,-0.323621187918517,0.598337565027366
"S57",0.575230131408274,-0.898838738775372,0.222175336817369,0.757608277077024,0.093361736110279
"S57",-0.334989035369746,-0.946393869462198,0.779864210779854,-0.300643262877462,-1.69095254947664
"S57",0.202370759560558,0.646109737020975,-0.156489740558456,0.745238591293484,-0.573586188869285
"S57",1.73265585940956,0.724713060208548,0.732075488743386,-0.188078925384825,0.616675823983032
"S57",0.212311537201675,-0.270604467516803,-0.543241366508547,1.25777851044769,1.15502850762368
"S57",-0.617549400283895,0.362044789585588,-0.242730244907642,-0.718917520992191,0.085716876380072
"S57",1.63441453898236,-2.12100247260571,-0.49324670377923,0.784703940830918,1.03833074313293
"S57",0.141673310872444,0.337100838331545,0.942144749862739,-0.185159832302437,0.73474852761234
"S57",0.497940911099709,0.00258821244347594,0.765393938014942,-0.0203892528556843,0.188704190299578
"S57",-0.9473953279809,-0.927119398098575,-1.15212223724295,-0.105649663922203,-0.0883441072046676
"S57",-0.383230821561179,-1.38634720926984,-0.590820960705353,-0.127623472090124,-0.756151901266221
"S57",0.124911524975991,0.701519296082193,-0.257175272602451,-0.20639980318783,-0.598619944563831
"S57",0.473545427199133,0.462351021143855,1.15202544174589,0.152286145882293,-0.255586459741043
"S57",-0.786151387258478,0.0248184736609727,-0.755155040581203,-0.0731503584127835,0.830097398526232
"S57",-0.790011827028056,0.603554038029011,-0.794357101836127,-1.18038720751507,0.366003081362148
"S57",0.000330704166998114,0.736251710742125,-0.215159978554481,0.700282151460988,-0.193056583295032
"S57",-0.254882581792579,-0.0386694272492703,-0.124099338841883,0.413322392358033,-0.421965247618187
"S57",-0.695783292370419,1.24703711350668,-0.50340517341247,-0.00267421354967955,1.24031220115274
"S57",0.214985176464932,0.271912919509015,0.25691417227994,-0.118665261733261,1.33049776173839
"S57",-0.701954032783962,0.599839321467542,0.186838628855977,-0.0663319841629343,-1.56388524748175
"S57",0.209343341475692,-0.193153660442029,1.14060004758645,1.23910132150053,-0.21837185983596
"S57",0.205427744602792,0.585692237732578,0.219229964165368,-0.685158985123792,0.613254569132718
"S58",-0.547413142098677,-0.745340379391781,-0.695551057674902,-0.0369003338254163,0.0121192336386591
"S58",-0.187167698672703,-1.07984837699963,0.629297338008665,-1.30750741704889,-0.16848305797682
"S58",1.25818903970853,0.374754477975167,-0.746707594408618,0.216948332325612,0.755331895092672
"S58",0.430046427025705,-0.977078573641494,0.63894246021354,0.114236521399209,-0.0186281086408289
"S58",0.409122258566141,-0.672315523805852,1.44121928108113,1.39029190507188,-1.12473006341616
"S58",1.22478612920172,0.547622047360981,1.67334196991676,0.620623035941848,-0.409118281650781
"S58",0.872494643611414,0.242289242396143,0.305909488730913,0.652884982733186,0.078299944077808
"S58",-0.529315624740539,-1.00065418847594,0.204171105077562,-0.217445443810669,-1.7442962745238
"S58",0.269002607090587,0.56484699984232,-0.529917811667506,0.0367564092260994,0.809941137649074
"S58",0.181489575187698,-0.715627818214362,0.733026452687863,-0.119011803038305,0.815788349754438
"S58",1.15742567706951,0.183547084806268,1.01221349335936,0.411599706019478,0.432220017852849
"S58",-1.19768364598105,0.775447224115355,-0.284492453737409,-0.981480505350839,0.0293724995220964
"S58",-0.184670205391047,0.387555785326476,-0.068085841515858,-0.796928546898288,0.845666464157268
"S58",-1.7354028089795,1.16175134933582,0.0962708761737574,0.271194117142285,-1.74656776736609
"S58",-1.65036732465257,-2.40645802094191,0.144500706120645,0.486141061768198,-1.63220625479352
"S58",1.75641878438039,0.983216548661026,1.57066680988883,0.34346370097323,1.78367077965176
"S58",0.289493662665914,-0.719755893034846,0.371066001731943,0.378730068435085,-0.651989920659329
"S58",1.1949727072489,0.838685171976313,-0.189155336548274,-1.49369947189631,1.36315598258928
"S58",-0.444769608609705,-1.05913751405595,0.40007820418525,-0.601893039288267,-0.531859549987253
"S58",0.235148938937245,-0.738370604486481,0.220171506813591,0.118329869947543,0.700878331953972
"S58",-0.524811224925451,-0.899236919325506,-0.29304710601596,-1.62195210470195,-0.890338267813484
"S58",0.20057850642287,-0.123519941979525,0.132652107750261,0.471264244868015,-0.250175678171813
"S58",-0.0495352511044004,-0.280690249580771,0.141192333331589,0.466910030279496,0.316106225391949
"S58",-2.38144632286543,0.107018133229726,-0.901797217241324,-0.923231223251863,-2.6156154884853
"S58",0.94933594709565,-1.04203098803797,-0.44214796572429,0.801676124255896,0.534983800699729
"S58",1.13250560793728,0.410772843635494,-0.108876445334265,-0.462859694572284,2.02475244258233
"S58",0.546447396442093,0.101436966777276,0.0237126447141594,1.25946273173007,-0.22092970433636
"S58",0.352700286701015,0.575219257505705,0.4328400539117,-1.14990647417135,1.06752516218852
"S58",-1.01791657260467,0.490929799160602,-0.19051713655861,0.372069466418016,-1.22083656645993
"S58",-1.19864615042009,-0.811815034324127,0.227226046301578,1.31481735876087,-0.277666933100875
"S58",1.02777823192309,-0.445084359494117,0.462514194251684,0.448854844536786,-0.0428716112054057
"S58",-1.26136327643081,0.0467549943575908,-2.0412270935031,-0.832559626827604,-1.04645789109611
"S58",-0.502678393407602,-0.61426460578832,0.328743913784649,-0.163692960924348,-1.66086675421438
"S58",-0.572546654792546,1.83352640917418,-0.70846055585635,-0.0923643325493888,-0.953431565227657
"S58",0.549025347233082,0.941724092816784,1.31389320655277,0.411204321730524,0.295392759566747
"S58",0.357690846947248,0.562413907496727,-0.529894927340045,0.218663278717903,0.236008938853508
"S58",-1.36094251424915,-0.250509403129717,1.20163216274745,1.07253714840796,-1.51570066766454
"S58",1.94700670240213,-1.23050035924321,0.281575056387953,0.558284694490628,1.99154878992612
"S58",1.32793490517332,0.281129011605195,-0.1340552047591,0.513848785905576,2.23640811488045
"S58",1.19314822696444,1.73954236431408,0.289902594905192,0.43542916526081,1.39306625393875
"S58",0.214659964194832,-1.18643998093219,-0.368445573850961,0.264075223145501,-0.972707725701785
"S58",-0.0305218577652163,0.728966008517908,0.448488561722149,-1.1646080775629,0.599218210874451
"S58",0.312505214293599,-0.241964782220984,-1.01590979051363,1.08382141811471,1.02202669003326
"S58",1.31274969715026,0.357252090323494,-0.0116986254538791,-0.613511012330635,0.887444320537746
"S58",0.350653026134918,-1.07710397923639,-0.506090444300019,-1.38205342834909,0.76453809667662
"S58",-2.89852089211915,-0.433283010761152,-1.79738161913187,0.744710396476009,-3.44193919080904
"S58",-0.857658848212567,0.202937292347663,-1.25971391321287,0.221621628747552,1.13974130153979
"S58",0.662835715065549,1.69087227038824,0.122042924615613,0.815872552636042,2.3987418717543
"S58",-0.321219624320142,0.0232925370215482,-0.183644733367284,0.356306268463389,-0.115476729321894
"S58",1.02956897251182,-0.371126050609275,1.97368588981474,0.622360477725589,2.06814486818673
"S58",0.1696241752079,-0.0337370232857766,0.230541774914571,0.294686348822867,-0.201380170514984
"S58",0.0687283745685587,0.26959159116915,-0.516253676272975,0.755739518004326,2.10230919291426
"S58",-0.690154540228963,0.0765769974708775,0.895652873544343,-0.832283184747316,-0.813684604570842
"S58",-0.0795601142463743,-0.726549747897752,0.211722179410546,0.630750467572936,-1.34648098031322
"S58",1.21118734617098,0.907703782973328,0.545210106921244,0.760165414564053,-0.244289278429703
"S58",1.16814064767042,1.80393466843721,1.64376057751169,0.880229423663462,1.93925214660114
"S58",0.406974895265534,0.0891077684715836,1.16845459312276,-0.22000458449375,0.311392016961535
"S58",1.12033394340576,0.85049058790801,0.391820341014425,-0.181696072777342,1.24231660528016
"S58",0.590761269283308,0.402837984070832,-1.35614111103001,-0.869401902666489,-0.103051204406509
"S58",1.08601812532161,1.23116106370315,0.22451444972402,0.931067937125872,0.703656691905497
"S58",-0.711498183469223,-0.796116757184981,-0.330278628430636,-0.215505640888653,-1.06906876969147
"S58",-1.06005564639391,-0.645202620601944,0.11509440814797,-0.430338522465193,-0.295876367345691
"S58",-0.0594043185696171,0.377733619825656,0.602139864534032,0.704356258293232,-0.126873989085078
"S58",-1.11804909891643,-0.373915317049374,-1.28682249391156,0.00688665991437204,-1.20223836730741
"S58",0.637577888648533,0.174225060566961,0.888314724624524,0.512235180996036,0.210563257582991
"S58",-0.581097812641654,0.490199748472445,-0.222275738842446,0.268236415071775,-0.0218467095674645
"S58",1.89305332250858,1.21947132825079,0.29164185805037,0.159549236068139,1.27755933579912
"S58",-1.05206427073549,0.158770253475558,0.486912570979938,0.116625628493114,0.875544683139858
"S58",1.98782165729335,1.46244183257241,-0.380543929022166,0.0545260487153276,1.84250023536057
"S58",-0.650891854816672,-0.49757671274059,0.14581776111866,0.28770760605002,-1.60339383357642
"S58",-0.353916702199831,-0.0713996315174245,1.04259103626143,-0.370044144308387,-0.485948957825735
"S58",2.31516566466392,0.159444703161473,1.21566451584974,0.980995443329551,0.864611866878304
"S58",-1.08242271352567,-0.898579938614915,0.014669699047334,-1.04431108038927,-0.79411525742504
"S58",0.129745612073178,-0.29609096709685,-0.850223995755226,-0.917696012071695,0.149012226621526
"S58",0.442656883253172,0.833634961503184,0.067852016449802,-0.0165167206259803,1.40701893222475
"S58",1.30318914322948,0.0501484651924808,0.711220775857056,0.551624731277291,0.393771314368728
"S58",0.569880573551547,1.22072523418648,-0.316145477231436,-0.491871596113683,0.50099925601632
"S58",1.39105533973636,0.036086004074172,0.727310188279437,1.23373847128426,1.27044213670781
"S58",-2.03846892669218,0.236614646401653,-0.134688999152838,0.100782295463438,0.136450449613224
"S58",1.00279957404809,-1.39430864237726,0.373814441476459,-0.0492182811738957,-0.372970424514648
"S58",-2.38455837240667,-1.09679854910009,0.49200215901316,-0.318308152618811,-2.137750995046
"S58",0.902209707704629,0.196373345607071,-0.0750484998947337,-1.36479356882339,0.778781090711354
"S58",0.502033348808405,0.463893321541849,0.366129296051489,0.493900537962772,0.329933333510578
"S58",-0.313334064289131,-0.401545886033036,-0.207305107821384,0.20391316062195,-0.563073532456468
"S58",0.756378413535646,0.348596232783286,-0.436400058937664,0.831564253166782,0.0482598208701167
"S58",-1.3892174113787,-0.608404896373182,-0.821105404388312,-0.0743232728804857,-1.86531437619452
"S58",0.250036337750556,0.445785575018318,-0.0130534008177999,-0.687096586229481,0.862769456022213
"S58",0.0188112467482866,-0.238662375069749,1.22748821748164,0.341594082440392,-0.829087986676222
"S58",0.273780582031518,-0.0301976380785001,-0.107020218033353,0.823223860582681,1.16531094516725
"S58",1.93411772841309,1.35105883914755,0.342373557679412,0.847340069003283,1.31563415042387
"S58",-0.757570789854676,-1.24636567662209,-0.00226497891182837,-0.161299529879695,-0.420885375275414
"S58",-1.32478743952777,-0.361380743285055,-0.946179575400056,0.0440683836721943,-0.742549844865739
"S58",0.596730198488691,-0.00470555763274133,1.14426962535196,1.09312652566846,1.12272208200069
"S58",1.04927508377457,0.265015309828579,0.689057662210414,0.390328791565388,0.466906758921876
"S58",1.05070542641197,0.485065204412118,0.0226756390655988,-0.410405972420259,0.0242879923451633
"S58",-0.0104699313778202,-0.168089612714123,-0.601816112973184,-0.905997997089594,0.780732340411155
"S58",1.55046238859658,2.07634643213913,0.958731510353735,-0.472655864341914,1.16976129733475
"S58",1.09672925250405,1.72683352744894,0.73008418556512,-0.306230056499222,1.45454469129812
"S58",-0.285069013272543,0.525405897669917,0.647598479096991,0.178674799259374,0.18145775157562
"S58",0.970885448763097,-0.429609430701798,0.970180905542967,-0.711504211845897,-0.149621866917673
"S58",-0.631566236036321,0.875193815667696,0.950957928867624,-0.35052092794457,-1.05688350478978
"S58",1.36695146026658,-0.764982944841974,0.143675575073392,0.435647403938755,0.938521554372557
"S58",0.2718217096445,-0.156413825839339,-0.0135307749515468,-1.30448519943959,0.310091448943074
"S58",2.50840299362783,0.500288953396757,-0.148481617525423,0.755075104602962,1.56918631373197
"S58",-1.35493788232251,-0.841999882037119,-0.0412317210219232,-1.3304920001567,-1.8790076128439
"S58",-0.827326866951405,0.0267048918040706,-1.59133746139522,-0.486157609607294,0.234056560520004
"S58",1.26800371885493,-1.17715556571578,-0.638976570272725,0.171784595943197,1.13418482656186
"S58",0.023838399608664,-0.39904588618908,-1.26036554006865,-0.780212027709373,0.58507055929959
"S58",0.524050575633507,0.866075230761059,0.217510167543742,0.850063275719952,0.193208748051294
"S58",-0.755764712740753,0.733288764322783,0.657357521553744,0.0317700713283996,0.705504185044112
"S58",0.020140877768238,-0.345433047392435,0.7132858901933,0.799224737308787,-0.721229477381705
"S58",-1.63376819921336,-2.40327689855761,-0.691997631901291,0.283131300184096,-1.51561772704672
"S58",0.381880885832222,-2.417362260113,0.212029741664681,0.334290629691062,-1.09253637208144
"S58",2.50682839811987,-1.05112375428636,-0.464556946611324,-0.306829076828799,1.32151771706577
"S58",0.799672902436897,-1.55393931718917,0.62500507514058,-0.163479521829132,0.00868966484409048
"S58",-1.14998035884264,-0.206437310286114,-0.066231918046398,0.0630699245034445,-0.137724197795966
"S58",-0.687906747666744,-0.0721292998037632,-0.560529724005263,-0.632383110776189,-0.602631529972666
"S58",-0.78239381545312,0.0463198542761432,1.34635757388397,-0.637032491996601,-0.560038246548362
"S58",-0.45086603777122,-1.77510377517659,-0.0138898012317938,-0.324844309031861,-0.465746377164358
"S58",-3.18377111984046,0.0363864571994361,-0.83798762843437,-0.356899193120412,-2.87970048955715
"S59",0.261186373500003,-0.455253037291691,-1.38576457029709,-0.650171716461798,1.67100891730228
"S59",-0.931904249578493,-0.359218969475272,-0.627109274858735,0.557884401406107,-0.653553046619625
"S59",-0.564282099744711,0.536900647935494,-1.28583066337393,-0.757080403658381,-0.481856058684805
"S59",-0.662053555575555,-0.636675580986532,0.0978423221388869,-0.873481691698065,0.642520263858982
"S59",0.390822498406043,-0.401406831568346,0.330979759337442,1.19845378905275,0.387013269267594
"S59",0.816856627326289,0.223859671333926,0.16209812286334,0.0857992579004473,0.992398462673599
"S59",-0.00615504943519024,1.11093943555676,0.111338864443021,-0.710449511154403,-0.459494498571889
"S59",-0.640866092517691,-0.614834158221981,-0.381958747053257,0.527309934809916,0.464559424098298
"S59",0.132988753422098,-0.741710898081037,0.257796721006755,-0.672406015612213,-0.533918440155407
"S59",-0.372254189685075,0.72736286322592,-0.817903383779172,0.187891070584558,0.246120988280777
"S59",-0.280954481697042,1.18791673476809,0.342250094314692,0.53824944779848,0.43061567263192
"S59",0.774241914886059,-0.892826917918499,0.0600069454398472,0.405862685306059,-0.423434930289706
"S59",-0.382531598571886,0.0256808535535405,-0.567942260614854,0.596370691638968,1.59230858502836
"S59",0.242957995859028,-0.254790683752426,-1.62669588467371,0.795551200100083,1.19805706838391
"S59",1.74104333503484,-0.712287490184313,-0.179087091801333,1.48541734695441,0.81694784888142
"S59",-1.09104226188848,0.180847322938355,1.10047508139628,0.425871255120167,-1.19467697789368
"S59",-0.174054421316102,0.489714243255323,0.611256501307776,0.00286698806491605,-0.831684915043306
"S59",-0.377784852611289,1.49430140228535,-0.106896000647323,0.190062719300465,0.348234615570904
"S59",1.20106936476945,0.0511904712076386,-0.37466184819478,0.827570362553262,1.18307910838354
"S59",-0.205766989929371,1.32523191406136,0.202538510403288,0.125421625032792,0.635897878391803
"S59",-0.134713667991268,-1.19102308215622,-1.07751764098059,-0.110417882807665,0.592915955069929
"S59",0.0522910208370679,-0.680452981973037,0.44050081930178,-0.237334084905112,-0.397158955269186
"S59",0.837635599949167,0.710818565788144,0.1556650668617,-0.692171907976958,0.924049519062397
"S59",0.00860806340061811,-0.621024572240333,0.253350196423719,0.873467740495589,0.218514472469618
"S59",1.52482652911131,0.446091564063455,0.587928307815749,0.196201394417903,0.800703897639315
"S59",0.010842221673081,-0.0107492443781229,-0.601168065984258,-0.302994116878105,0.88534966162329
"S59",0.809724179932957,0.223422228612157,0.284300140334537,0.282194588736095,-0.220610281236892
"S59",-1.03480348572273,-0.425348420624417,-2.13041557691434,0.0343598912367637,-0.473136225253996
"S59",0.936801001579673,-1.35652133365656,0.405708185387023,0.405640564444681,0.266098551203349
"S59",1.31043405168016,0.188663219383935,0.353299533593199,0.584293469080851,-0.25340454173399
"S59",0.0202915497067336,0.400541432275494,1.1051079678538,0.864281645936669,-0.0756315800700529
"S59",-0.0440642774004932,1.04670919166583,0.180129378510612,-0.931661325203843,0.886026663134196
"S59",1.90666806470364,-0.807984806605705,-0.348074291841785,0.0498795548591521,-0.550041966900461
"S59",-0.859813248635648,1.34556800123024,0.717343836394393,-0.0182785318601096,0.23398744099001
"S59",-0.600354141713508,-1.18683373670989,-0.242756693770055,0.679328921259092,-0.83622362500944
"S59",0.200391434945171,0.215946176084305,1.06463390179423,0.0417375754397061,-1.63590950348067
"S59",-0.572860235150206,-0.386209311678025,0.113276626165629,0.521893901538919,-0.533345371750761
"S59",0.60430095609255,0.301740935576991,1.2793932421215,-0.572737056891044,-1.17541188676112
"S59",-0.313734675409888,-0.841003893625189,0.35864540033617,-0.194857080363379,0.409298131833506
"S59",1.50536950710954,0.12457340730822,-0.543502019097339,-0.73125081902497,0.578792470438207
"S59",0.277422004819192,1.35981939424575,-1.67405428574154,-1.24673859098361,1.1716137915932
"S59",0.221676992064388,0.459807387401323,-0.553717071193294,1.37905256763903,-0.129091313600486
"S59",1.89346738319437,-1.10431213175751,-0.12194419315025,0.798520043635915,0.168663897061731
"S59",-1.24485047215119,0.766667288964328,-0.923010101025408,-1.06153342601315,0.756484184874414
"S59",0.197182080067108,-0.156175568077937,-0.629728969443077,-1.78150129316423,0.0162525953439036
"S59",0.0718504671883975,-0.0267515828715081,-0.414813470884802,0.261179889837573,-1.23013550992513
"S59",0.200802971274486,0.0817855540936559,-0.153137448228313,0.0422225153740115,0.543503333055621
"S59",0.437727622337469,0.0737974399747845,-0.588470979187719,-1.49832131811851,0.342317968825908
"S59",-0.461844311758658,-0.290338434204154,-0.0135230159696665,0.589734045060543,-0.211218247664374
"S59",1.1502815118844,-0.425963247628359,0.43176299092225,-0.905146406980376,-0.362122704869148
"S59",-1.15066483172273,-0.662033815901789,0.0161847071469032,0.0807421504276212,-0.580437121562787
"S59",1.00567093401943,0.159350648856932,0.768702747584167,-0.345182316165785,0.542938496756223
"S59",-0.0905710983230334,0.879537771852685,-0.279071716436991,-0.00931963241266177,0.40041562789138
"S59",1.57451495472289,-0.734424527925445,0.0157077767624947,0.527670038792391,2.31135596683663
"S59",-0.492266030605909,0.418161018169011,0.757160277733269,-0.760914035224823,0.772031525764042
"S59",-0.126204028582757,0.0145824905591879,0.0390595444974272,0.239926724579159,-0.274374369521201
"S59",1.32731112370494,-0.604984798687606,0.794353277386626,-1.06425991132712,1.08449233635825
"S59",-0.650990339543678,0.822791317408369,-0.200961386511837,0.524809335498989,0.612493258296342
"S59",1.06087619461727,1.14602017111755,0.376196683395298,-0.44995642885306,0.871240304873159
"S59",-0.0152346719677052,0.665499091277284,0.625924866005363,0.113674956290954,-0.869890075754882
"S59",0.43173421567839,1.1890891839755,0.0225618335172926,-0.819920854979037,-0.228025295468058
"S59",-0.189132714308523,0.259554909203947,-0.53237737963152,0.602630948821337,-1.09634257269628
"S59",0.19939977169006,1.42315715171583,-1.21558410287269,0.243399959812888,1.32262542534252
"S59",-0.577662283378827,-1.53420875678424,-0.586596512549667,-1.34471176565295,-0.399647102229632
"S59",0.360296617078885,-1.30249364592781,0.707813740722345,0.310414491430279,-1.08702261976607
"S59",-1.99682737961609,1.02863001423632,0.314574364759988,0.0292608436995852,-1.18866310523623
"S59",0.975441038792363,-0.0275532366610584,0.943915733001039,0.131303114370862,-0.973513724315139
"S59",0.880310833519442,-0.581421988916615,0.477319156206477,0.303131010314045,0.969369713297278
"S59",-0.543247590506775,0.448147518331433,0.054585092371809,1.18912274041424,-0.610747852649354
"S59",-0.436931574265089,-0.913776520877807,-0.816539396006501,-0.235606465089865,-0.787152658668993
"S59",-0.842498302257507,-1.48569068898312,-0.884809241152185,-0.785342408985839,-1.04210006057659
"S59",-0.306672514422974,0.437902420012138,-0.381799258472761,0.44839252941727,0.686792869046174
"S59",0.219419622043337,-0.59086385941543,1.44801845244609,0.421047386007308,-1.20813463220891
"S59",0.08928611344293,0.0133780707473068,0.996933577287771,0.771293180420256,0.552534973102564
"S59",0.251950047418851,0.833729159609487,-0.587899702489916,-1.14189678564032,0.43498518497551
"S59",0.240979182801333,0.349414544793535,1.03626820238254,1.17070172837624,-1.36749475246316
"S59",0.123486873437357,0.851513191767197,0.0927404669461622,-0.398083095673921,0.638732318463915
"S59",0.393787074837741,1.99785181842297,-1.05052690622058,0.256178091130314,0.349607221591135
"S59",0.373023573478252,0.0581680397655548,0.107262365828377,0.635747160407287,-0.598547741787063
"S59",-0.104946346212231,-0.334970914734138,0.396586888521803,-0.209616487449706,0.932128705358596
"S59",0.207054587799133,0.863545387818477,-0.863034705809375,0.157636917563721,-0.125935010602949
"S59",0.000693959477484227,-0.598660165835421,-0.306478696874247,0.0705756043213077,-1.01882086187419
"S59",-0.436270885708174,1.03843889141414,-0.398144575013348,-0.510945446097973,0.709946728101297
"S59",0.732933137499104,0.863686505767613,0.56405005663311,-0.365135549232084,0.689943927110869
"S59",0.939929534505402,0.05533256159429,0.358114848266861,0.379766037277088,1.02786838534452
"S59",0.103352437680294,-0.146908413733967,-0.387945097996422,0.303125739420948,0.329642076537511
"S59",-0.893891548315082,1.86265878796102,-0.42352291890023,0.161556265327184,0.386164698839136
"S59",-0.680210008928168,1.03875978749525,-0.923533333463112,-0.910945327147523,0.390585405646092
"S59",-1.16192808925899,-0.325162771261457,-1.74004099487504,-0.741593709529725,0.411758859491719
"S59",-0.386714779693764,-0.53809978161432,0.914607041387923,-0.541078527089135,0.0295198528566534
"S59",-0.301085574859508,0.25492824485628,-0.0966954095235102,0.529924064983972,-1.19322983037965
"S59",0.00675728005363158,-0.60499082188986,0.400828971077307,-0.00155319339813965,0.403711540847919
"S59",0.0585385716140001,-0.507767910117856,-0.0237766243642673,0.0259287527958624,-0.280833294028872
"S59",0.402834690248341,-1.18090209582067,0.0998944443579237,0.372983022837439,-0.610446375727621
"S59",-0.261193498648015,-0.944088007396594,-0.0781094192155505,0.810777048751654,-0.748378932103574
"S59",-0.747159109797198,0.261307533108854,-0.750414966037257,0.346316459111195,-0.208421679202619
"S59",0.419767078147846,0.0902365500064657,0.331667786423194,-0.218071984580464,-0.0978657751939596
"S59",0.931266060216528,-0.206998111656769,0.093472446228323,0.193901396983148,0.68357953519347
"S59",0.266598504378778,-0.0673142166951193,0.291849558709208,-0.969073683860243,0.426461150784622
"S59",0.305745308820578,-1.38596064213866,0.307863899034181,0.0570197048836404,0.100148977936413
"S59",0.684257048562692,0.0421046734379409,0.43616640474356,1.3048618362331,1.06287329350463
"S59",-0.436488474808086,0.953171561865999,0.365972695505641,-1.2250630938805,-0.464433560769452
"S59",-0.0381924930645594,-1.48037443224377,-0.0376378820434497,0.20270181342431,0.325494623428631
"S59",0.464358722853379,-0.97935519119889,0.105639412431626,0.510900626084093,-0.243385219220406
"S59",0.112283825927335,-0.955669651116401,-1.23839780559348,-0.709507198376234,0.257993996414559
"S59",-1.10041343644886,0.912972022422633,-0.295608452407226,-0.356603212956074,0.0144000268428091
"S59",0.123678802081877,-0.385969004360219,-0.10030913852555,-0.758525666648862,-0.731728688301396
"S59",0.499057163830218,-1.89094706391262,-0.301930998938738,0.178952704899787,-0.108122094636811
"S59",0.985073365332001,-0.926438960193907,-0.540619925911487,-0.469585319667712,0.449919762617416
"S59",-0.130791440523328,-0.737009074986225,-0.00991676112082437,0.139247242513311,0.186955471628734
"S59",-0.612104257452861,1.14698213025873,-0.939325058740798,-0.0181623372881882,1.24715389103274
"S59",0.614286832143633,-0.208027971873717,0.0413983909984471,0.277691302752782,0.169104192510321
"S59",-1.00841024937133,0.292041426835601,-0.738217705025533,-0.0133787153466153,0.863804213190108
"S59",0.0195530000294205,0.156942581829338,-0.760677816880318,-0.0491880748775359,0.838191380173909
"S59",-0.767751793553605,0.492951303064814,-0.532182791528409,1.45785967974078,-0.624043261966501
"S59",-0.30487547477186,0.668074873433698,0.151327041696672,-0.0908837670355352,1.47839498923273
"S59",-0.643096758850775,0.20252879016747,0.63274888016005,-0.313609279294377,-0.2710655459293
"S59",-1.08414117880777,0.0774470517365997,-0.597271858837701,0.619157856478476,-0.152386325834485
"S59",0.829318382515353,-0.171252996464242,0.304816224468642,-0.424770726288209,-0.760928991674318
"S59",-0.683423179928373,-0.717046505471537,-0.335638446359099,0.284277902247045,-0.483656155060692
"S60",0.639526501317115,1.71290395933104,1.33894916922802,1.23382425656723,-0.29485670993066
"S60",0.259718989094719,1.11334183621769,1.04736042127289,0.556496171963455,0.728886313160625
"S60",-0.950121675155499,-1.00761138394789,-0.133301352069955,1.25928304320697,-0.850015242071727
"S60",1.30020040881654,-0.404037069755509,0.516883927995634,-0.0360257118253653,0.554064046127812
"S60",-0.332995821053341,-0.643342662258453,-0.131233387213689,-1.92381591763848,1.13055488148111
"S60",0.401510907230523,1.41372067267382,-0.370887970709736,-0.847085305946513,1.30573180555337
"S60",2.34833197071394,0.555108506346731,0.574361475024508,0.267151550174296,1.852622723262
"S60",0.16152730844916,0.0707912234943593,0.323725183674073,0.155998449665644,0.128621340877732
"S60",-0.0896649397306222,-1.25540043794113,-0.225475489279208,-0.134768022522501,-0.554512387090748
"S60",-0.439971710465815,-0.842994325510861,-0.665782315276508,1.30336868633973,-2.33956909567599
"S60",-0.504678602485321,-0.21486428533236,1.2264192627839,-0.115111814613298,-0.705280967844826
"S60",-1.12891119819849,-0.185809797453134,-0.622221981142257,0.609924635105761,0.193967190673728
"S60",0.662771058846354,-0.040254691873752,0.208453353382075,0.0384354184795623,1.42424962743954
"S60",0.701261364062497,0.0921448722418198,0.154983947087404,-0.348371946507158,-0.0311245086578042
"S60",-1.8721005335655,-0.209108479172904,-0.221581682496309,0.793854145311552,-0.19172029755779
"S60",0.796138716980799,0.340744344168659,0.785720729688378,-0.517112248243062,-0.745950637000659
"S60",-0.156145139110847,-0.573312504468644,0.137509588007701,0.191397883641471,0.271674549182564
"S60",-0.29848696426742,0.0833671102596907,0.572148712157583,0.112187833708206,0.100584538679395
"S60",0.0833213598019267,0.0131440796239017,0.345393135611352,-0.724801530466647,-0.13766329306176
"S60",0.313082585501036,-0.982394949769892,-1.36182436892234,-0.317864746765191,0.833669197775944
"S60",0.879183186502804,-0.297982522646256,0.727358862502802,0.542478038028249,0.93875666978694
"S60",0.82202146906451,1.26061284717776,0.700704944144836,-0.889738284975985,1.15977186996309
"S60",-0.92713167596582,0.0359755414083912,-0.774459078021484,-0.117603614951749,0.982347042800215
"S60",0.0667917073628118,-0.799127578099242,-1.18453219702645,-0.0604178962401104,0.846226331252347
"S60",0.219331130911609,-0.778089087644017,-0.142686975885906,0.832092808734081,-0.113404830445231
"S60",0.456608769699832,-0.272101683974186,1.00887270919881,0.409419729854887,0.567033473394184
"S60",-1.46780151873491,-0.560331662588212,-2.07385839079497,-0.0168377733084073,-0.279121599841189
"S60",-0.0881035259588319,-0.342487842751644,-0.183555610093261,-0.541231763183568,-0.121598362414911
"S60",0.748090409211992,-0.0961368834227628,-1.31423012047744,0.660320533693909,-0.0973785705841499
"S60",0.15939159932977,0.0765928324437953,-1.14682577344257,-0.51341843628716,0.65510271455588
"S60",-2.3891233286198,-1.59619783858954,-0.151191454312062,-0.721388770032122,-1.57094224666924
"S60",2.03463887518831,1.40052024273928,0.404605871699713,0.0338505337304138,1.66344915856008
"S60",0.963551508741922,-0.534359252349644,1.43337047093312,0.431821325536367,0.122693590294327
"S60",0.499775125557525,0.769954766121396,0.233170254687198,1.16377380119086,0.137224526804758
"S60",-0.846646802628734,-0.612119100750733,-0.15136242819881,-0.331611708724357,0.867665808137217
"S60",-0.879516439510565,-1.3261456577927,-0.207984340011496,-0.870320920892201,-0.471331927050608
"S60",-0.0393843123975761,0.395181610988975,-0.0379762970809599,1.01918681975772,2.43321285263502
"S60",1.46492423302598,-0.397685680894898,0.129450988600285,-0.0675041275501644,0.708147695042175
"S60",-1.82282962304712,0.155659858731515,-0.0324120606915873,-0.864585951475532,-0.846531197768185
"S60",-0.876896679299206,-1.34360011892272,0.0652676673831215,-0.53122181350512,-1.5585379815191
"S60",-0.33794864452475,-0.534275176939461,-1.06981578130638,-1.08051068932107,-0.318991364994707
"S60",0.372017174790146,0.0919403176725614,0.628609997045341,-0.517986234952929,0.505612997083294
"S60",-0.9153056116835,-0.342053495668882,-1.67464956540144,0.223822267086344,-0.474707346428679
"S60",0.00566511308938927,-1.33994175522976,0.156682632946816,0.352927830209813,-0.837744276851537
"S60",-1.19687917436377,-0.832022746406081,-0.462181520000835,-0.853885390561222,-1.23073938007577
"S60",-0.00799895043060031,0.373606196508639,-1.0599997654417,-0.57753159214677,-0.264374528670697
"S60",-0.612272092757699,0.963111414667412,0.442859351214823,0.568937335574132,-0.447074357431428
"S60",-1.246691539109,0.172469311401114,0.688399337863432,-0.871691736305196,-1.13464017569934
"S60",2.45861454174534,0.389563251082326,0.769521588924204,-0.18964594367603,1.64325879288554
"S60",1.41115580728208,-0.431661910826494,-0.28844556524635,-0.43500786800185,0.666387672395271
"S60",0.245222032846491,0.423434682719652,0.0808994174175252,0.588873740874874,-0.0558789371456732
"S60",-0.962719830761446,0.549571363653527,0.530037282375148,-0.141809735666027,-0.54312992058148
"S60",-0.783230709839282,-0.911272206159617,-0.234644653908845,0.206628481919337,-0.938515554436991
"S60",-1.65936961972531,-0.974207808083039,-2.22330147937822,1.07131311023787,-1.51900217935898
"S60",0.899601555468963,0.97583535769784,0.578160918550806,0.616852579168883,1.01216247618592
"S60",0.789036115263436,-0.368349529511374,0.976703697154556,0.467707376479818,0.382338400433003
"S60",1.76729491902539,1.44551183748882,-0.207258080467251,-0.815686824942067,2.39615703951434
"S60",-1.1135437013154,0.4195045856856,0.0832127485683112,-0.00315936023722798,0.536714946525008
"S60",-2.4490836078363,-1.59730599145433,-0.269535506911229,0.429553586112552,-2.26905538927733
"S60",0.85766900608242,0.237211140329536,-0.346954312486829,-0.448972931608893,1.66330243172273
"S60",1.56797594539415,2.00946840147054,0.532398797945925,-0.0200270398985384,2.52525536906295
"S60",-0.276815674152437,-0.912090761290705,0.553983076316968,0.34822252886954,-0.6049555988067
"S60",1.51362195683452,0.529900859296659,1.66072006054846,0.530928884430385,0.924360396727183
"S60",0.50063277534082,-1.75054347996589,0.968151876001999,-0.832335300580837,0.152304932027515
"S60",-0.939668266677976,-1.0222293545485,0.275506075414877,-0.59201674300219,-1.59889559369207
"S60",0.684405338350426,-0.651828387322016,-0.229448964809495,-0.325459989086345,0.0598836683440085
"S60",-0.39633634121182,0.230726279896426,0.207548001841637,0.135810105799895,-0.139238071584308
"S60",-0.114245827706265,0.447014863265065,0.011497906452495,-0.174117735258607,0.304427793333239
"S60",-0.311267374772312,-0.322929632408291,-0.674442766539873,-0.870809718569899,0.473917847442891
"S60",0.0332830326835542,-0.108866536227995,-0.724609518366015,-1.31439553548364,0.528279413486527
"S60",-1.084883603756,-0.047168886588092,-0.737189739340753,0.131091842824075,0.274559367491525
"S60",0.190128493016893,-0.486383935950307,0.233561274331378,0.819258129076279,-0.550652569258485
"S60",-0.399913141264565,-0.540917338004545,0.29013743706433,-0.18947458533816,-0.81283518463269
"S60",-1.89915059594529,0.980304066940593,-0.274748373458051,0.397500550228252,-1.00832430406506
"S60",0.686743195098645,-0.716664983800388,0.629289643237947,-0.0820046757612487,-0.0335784524178927
"S60",3.15038803920353,0.304743667099808,0.210851564386366,-0.0371239261431834,3.70025341214738
"S60",-1.41841150306785,0.189823273995884,-0.386876482305145,-1.34321939726231,-1.86620183317143
"S60",-0.31794336820314,-0.628732148675978,0.586023572971642,-0.352586960938097,-0.763964459811882
"S60",1.94445391465149,0.311035905519461,-0.00171688629228871,0.298721326273188,0.832785023933405
"S60",-1.47856001615514,0.22352481284827,0.875839549641881,0.92550648137713,-0.421857356267486
"S60",1.0951710384314,0.188459564287691,1.04183320275134,0.445027672585152,-0.280063107507029
"S60",1.01212378776966,-0.622480940412758,0.438106749061771,-0.100106693871515,0.938899844207089
"S60",-0.0461063357440169,-0.0754748132415534,1.18129171890853,0.0149524269259315,-0.643884651828645
"S60",0.305868490217048,0.549725490954658,-0.42971233263379,-0.0426702844563692,1.89533530764401
"S60",0.563556542098548,-0.641478792901254,-2.06453902515313,0.34187836301447,0.348704252952495
"S60",-1.64366075596797,-0.36750885439894,0.0416437937680009,-0.278197093512782,-0.969019308309949
"S60",0.919882776743736,0.783261199560504,0.139206462430035,0.385183650362217,-0.166515636243
"S60",1.00496904584991,1.51706023525487,0.00973007587365882,-0.105924982574874,0.850138929580313
"S60",0.711330128713557,1.68860093230296,0.0425426042995762,0.425926709691408,1.10235657278888
"S60",-1.01189629025021,0.0516802443494173,-0.259586918836251,0.30137634260481,0.783321288397316
"S60",0.0279225077876449,0.981674926874413,-0.391032668783233,-0.55836206712963,1.47211743373829
"S60",-0.193638292969938,-0.454235456575993,1.97993413823805,1.48671189579972,-2.47908961139342
"S60",0.0592649272915188,-0.256589560132862,-0.0285565467965206,0.67499428004856,-1.39594499009009
"S60",-1.83639381207422,0.188829083532646,-0.768994721591815,0.645596835405871,1.30629304734208
"S60",0.65812262108953,0.572761949058339,1.60079879553051,0.0237825163998029,-1.14045579848302
"S60",-1.31983533093413,-0.124326408079679,0.256833837288719,0.508286303250599,-1.74861505010703
"S60",0.0932683794439885,0.0533434774065542,0.55353242232253,-0.423318219076163,-0.790010107546802
"S60",-1.29633011294979,-2.43127272359397,-0.574365944468315,-0.415001718307518,-2.35659388792263
"S60",0.606528154564673,-0.0870343451035181,-0.647297565461797,-0.809213219621594,1.07548608389958
"S60",0.242956500757157,0.813713205799869,1.08314434622848,-0.482296890054122,1.50895904579299
"S60",-0.934204527430156,-0.403910418475074,-0.760719971092377,-0.306191009651729,-0.365356895748164
"S60",-0.56711130335724,-1.63335529862055,1.38223212868051,0.00905596030692424,-1.45197624368883
"S60",0.952517802804378,0.734700692811871,0.172907584753885,-0.714122339601256,0.615570195835493
"S60",0.156290506494057,-0.266327428311521,-0.566081796455033,0.676543488035664,-1.20111597673152
"S60",-0.133570704181694,0.016004012585739,1.00263419325326,0.168821002559496,0.520552027811286
"S60",2.6321512177241,1.29834722970423,1.03421045458134,0.0947022275071539,2.19034054995133
"S60",0.112477638980562,0.391599133580752,-0.275713087579512,0.969907142022483,0.179464050498977
"S60",0.58676385419732,-0.628605520468915,0.690181767357304,0.632947540696882,-1.21549540317115
"S60",-0.315723078101717,-0.883432253357886,-0.719362294727742,0.936940939673907,-0.133563075338151
"S60",1.45825635493086,-0.0104403790540844,0.958860487212399,0.928678898443066,-0.479447947449651
"S60",0.173860749910772,-2.05773138324098,-0.334646629465024,-0.00841204876067905,-0.892473900979345
"S60",0.263947842568315,0.400880851629332,-0.00233509978836383,-0.190430654743137,1.68304032756993
"S60",-0.688810767481654,0.336899199865644,-0.103829924065219,0.224612240498256,0.0501344389986297
"S60",0.770424772315489,0.782700740763129,0.549649783644282,0.274481409290545,0.646700714705503
"S60",-2.15559664629868,-0.987558761620662,-0.269883282627662,-0.0310294047975194,-1.59357048752739
"S60",0.713574356006964,-1.96352891565018,1.35670602103395,-0.907589750132087,-1.44124232434696
"S60",-0.0478528697951288,-0.830006973218218,-0.234750700540357,-0.64379821616155,1.61017647343904
"S60",-0.67248794751501,0.357743699613028,-0.0933955600265063,-0.878276148076561,-0.0280007621826375
"S60",-0.606124545241604,0.0248872086396537,-1.00134143313343,0.591040208097519,0.446325823193342
"S60",0.34689737774994,1.32426781877603,1.27245748057732,0.873453441781868,0.179457496985793
